Case ID,Task ID,Condition,Timestamp,Activity,Event Type,Sensor,Message,Source File,Source Data Type
normal_p01_t1,t1,normal,2008-02-27T12:43:27.416392,Enter dining room,activity,M08,ON,adl_noerror/p01.t1.csv,normal
normal_p01_t1,t1,normal,2008-02-27T12:43:27.848100,Move within dining room,activity,M07,ON,adl_noerror/p01.t1.csv,normal
normal_p01_t1,t1,normal,2008-02-27T12:43:33.108756,Take phone book,activity,I08,ABSENT,adl_noerror/p01.t1.csv,normal
normal_p01_t1,t1,normal,2008-02-27T12:44:03.717043,Move within dining room,activity,M13,ON,adl_noerror/p01.t1.csv,normal
normal_p01_t1,t1,normal,2008-02-27T12:47:37.000000,Start phone use,activity,asterisk,START,adl_noerror/p01.t1.csv,normal
normal_p01_t1,t1,normal,2008-02-27T12:47:42.772473,Move within dining room,activity,M13,ON,adl_noerror/p01.t1.csv,normal
normal_p01_t1,t1,normal,2008-02-27T12:49:15.000000,End phone use,activity,asterisk,END,adl_noerror/p01.t1.csv,normal
normal_p01_t1,t1,normal,2008-02-27T12:49:23.770089,Move within dining room,activity,M13,ON,adl_noerror/p01.t1.csv,normal
normal_p01_t2,t2,normal,2008-02-27T12:49:52.624433,Enter dining room,activity,M14,ON,adl_noerror/p01.t2.csv,normal
normal_p01_t2,t2,normal,2008-02-27T12:49:53.802099,Move within dining room,activity,M15,ON,adl_noerror/p01.t2.csv,normal
normal_p01_t2,t2,normal,2008-02-27T12:49:54.240040,Move from dining room to kitchen,activity,M16,ON,adl_noerror/p01.t2.csv,normal
normal_p01_t2,t2,normal,2008-02-27T12:49:55.470956,Move within kitchen,activity,M17,ON,adl_noerror/p01.t2.csv,normal
normal_p01_t2,t2,normal,2008-02-27T12:49:58.105580,Use kitchen sink water,activity,AD1-B,0.0332818,adl_noerror/p01.t2.csv,normal
normal_p01_t2,t2,normal,2008-02-27T12:50:38.708635,Move within kitchen,activity,M17,ON,adl_noerror/p01.t2.csv,normal
normal_p01_t2,t2,normal,2008-02-27T12:50:40.520400,Use kitchen sink water,activity,AD1-B,0.467429,adl_noerror/p01.t2.csv,normal
normal_p01_t3,t3,normal,2008-02-27T12:50:43.533263,Enter kitchen,activity,M17,ON,adl_noerror/p01.t3.csv,normal
normal_p01_t3,t3,normal,2008-02-27T12:50:56.242000,Take pot,activity,I07,ABSENT,adl_noerror/p01.t3.csv,normal
normal_p01_t3,t3,normal,2008-02-27T12:51:01.601718,Open kitchen cabinet,activity,D01,OPEN,adl_noerror/p01.t3.csv,normal
normal_p01_t3,t3,normal,2008-02-27T12:51:03.797739,Take raisins,activity,I02,ABSENT,adl_noerror/p01.t3.csv,normal
normal_p01_t3,t3,normal,2008-02-27T12:51:05.950145,Take brown sugar,activity,I03,ABSENT,adl_noerror/p01.t3.csv,normal
normal_p01_t3,t3,normal,2008-02-27T12:51:09.800081,Take oatmeal,activity,I01,ABSENT,adl_noerror/p01.t3.csv,normal
normal_p01_t3,t3,normal,2008-02-27T12:51:10.477900,Move within kitchen,activity,M17,ON,adl_noerror/p01.t3.csv,normal
normal_p01_t3,t3,normal,2008-02-27T12:51:11.473605,Take bowl,activity,I04,ABSENT,adl_noerror/p01.t3.csv,normal
normal_p01_t3,t3,normal,2008-02-27T12:51:12.497614,Take measuring spoon,activity,I05,ABSENT,adl_noerror/p01.t3.csv,normal
normal_p01_t3,t3,normal,2008-02-27T12:51:16.729926,Close kitchen cabinet,activity,D01,CLOSE,adl_noerror/p01.t3.csv,normal
normal_p01_t3,t3,normal,2008-02-27T12:51:25.432400,Use kitchen sink water,activity,AD1-C,0.0338677,adl_noerror/p01.t3.csv,normal
normal_p01_t3,t3,normal,2008-02-27T12:51:29.984940,Move within kitchen,activity,M17,ON,adl_noerror/p01.t3.csv,normal
normal_p01_t3,t3,normal,2008-02-27T12:51:46.262390,Use burner,activity,AD1-A,2.81965,adl_noerror/p01.t3.csv,normal
normal_p01_t3,t3,normal,2008-02-27T12:51:54.977721,Move within kitchen,activity,M17,ON,adl_noerror/p01.t3.csv,normal
normal_p01_t3,t3,normal,2008-02-27T12:53:04.749720,Open kitchen cabinet,activity,D01,OPEN,adl_noerror/p01.t3.csv,normal
normal_p01_t3,t3,normal,2008-02-27T12:53:07.523938,Close kitchen cabinet,activity,D01,CLOSE,adl_noerror/p01.t3.csv,normal
normal_p01_t3,t3,normal,2008-02-27T12:53:19.645500,Use burner,activity,AD1-A,3.28802,adl_noerror/p01.t3.csv,normal
normal_p01_t3,t3,normal,2008-02-27T12:53:27.142702,Move within kitchen,activity,M16,ON,adl_noerror/p01.t3.csv,normal
normal_p01_t3,t3,normal,2008-02-27T12:54:46.247350,Use burner,activity,AD1-A,3.33802,adl_noerror/p01.t3.csv,normal
normal_p01_t3,t3,normal,2008-02-27T12:54:46.662363,Move within kitchen,activity,M16,ON,adl_noerror/p01.t3.csv,normal
normal_p01_t3,t3,normal,2008-02-27T12:55:16.770000,Use burner,activity,AD1-A,2.93059,adl_noerror/p01.t3.csv,normal
normal_p01_t3,t3,normal,2008-02-27T12:55:48.799960,Move within kitchen,activity,M16,ON,adl_noerror/p01.t3.csv,normal
normal_p01_t3,t3,normal,2008-02-27T12:55:55.458990,Use burner,activity,AD1-A,2.99966,adl_noerror/p01.t3.csv,normal
normal_p01_t3,t3,normal,2008-02-27T12:56:10.470408,Move within kitchen,activity,M16,ON,adl_noerror/p01.t3.csv,normal
normal_p01_t3,t3,normal,2008-02-27T12:56:58.228900,Use burner,activity,AD1-A,3.00122,adl_noerror/p01.t3.csv,normal
normal_p01_t3,t3,normal,2008-02-27T12:57:20.987112,Move within kitchen,activity,M17,ON,adl_noerror/p01.t3.csv,normal
normal_p01_t3,t3,normal,2008-02-27T12:58:01.154560,Use burner,activity,AD1-A,2.85301,adl_noerror/p01.t3.csv,normal
normal_p01_t3,t3,normal,2008-02-27T12:58:17.972858,Move within kitchen,activity,M17,ON,adl_noerror/p01.t3.csv,normal
normal_p01_t4,t4,normal,2008-02-27T12:59:00.988738,Enter kitchen,activity,M17,ON,adl_noerror/p01.t4.csv,normal
normal_p01_t4,t4,normal,2008-02-27T12:59:06.202371,Move within kitchen,activity,M16,ON,adl_noerror/p01.t4.csv,normal
normal_p01_t4,t4,normal,2008-02-27T12:59:21.378630,Move from kitchen to dining room,activity,M15,ON,adl_noerror/p01.t4.csv,normal
normal_p01_t4,t4,normal,2008-02-27T12:59:23.787940,Move from dining room to kitchen,activity,M17,ON,adl_noerror/p01.t4.csv,normal
normal_p01_t4,t4,normal,2008-02-27T12:59:25.969317,Open kitchen cabinet,activity,D01,OPEN,adl_noerror/p01.t4.csv,normal
normal_p01_t4,t4,normal,2008-02-27T12:59:27.418894,Take medicine container,activity,I06,ABSENT,adl_noerror/p01.t4.csv,normal
normal_p01_t4,t4,normal,2008-02-27T12:59:29.884190,Close kitchen cabinet,activity,D01,CLOSE,adl_noerror/p01.t4.csv,normal
normal_p01_t4,t4,normal,2008-02-27T12:59:38.537703,Move from kitchen to dining room,activity,M15,ON,adl_noerror/p01.t4.csv,normal
normal_p01_t4,t4,normal,2008-02-27T12:59:38.585900,Move from dining room to kitchen,activity,M16,ON,adl_noerror/p01.t4.csv,normal
normal_p01_t4,t4,normal,2008-02-27T12:59:39.229506,Move from kitchen to dining room,activity,M14,ON,adl_noerror/p01.t4.csv,normal
normal_p01_t4,t4,normal,2008-02-27T12:59:41.669820,Move within dining room,activity,M13,ON,adl_noerror/p01.t4.csv,normal
normal_p01_t5,t5,normal,2008-02-27T13:01:57.657831,Enter dining room,activity,M14,ON,adl_noerror/p01.t5.csv,normal
normal_p01_t5,t5,normal,2008-02-27T13:01:59.731257,Move within dining room,activity,M14,ON,adl_noerror/p01.t5.csv,normal
normal_p01_t5,t5,normal,2008-02-27T13:02:27.654590,Move from dining room to kitchen,activity,M16,ON,adl_noerror/p01.t5.csv,normal
normal_p01_t5,t5,normal,2008-02-27T13:02:29.167161,Move within kitchen,activity,M17,ON,adl_noerror/p01.t5.csv,normal
normal_p01_t5,t5,normal,2008-02-27T13:02:43.448725,Open kitchen cabinet,activity,D01,OPEN,adl_noerror/p01.t5.csv,normal
normal_p01_t5,t5,normal,2008-02-27T13:02:50.170753,Return bowl,activity,I04,PRESENT,adl_noerror/p01.t5.csv,normal
normal_p01_t5,t5,normal,2008-02-27T13:02:52.559056,Return brown sugar,activity,I03,PRESENT,adl_noerror/p01.t5.csv,normal
normal_p01_t5,t5,normal,2008-02-27T13:02:54.532506,Return medicine container,activity,I06,PRESENT,adl_noerror/p01.t5.csv,normal
normal_p01_t5,t5,normal,2008-02-27T13:02:56.699869,Move within kitchen,activity,M17,ON,adl_noerror/p01.t5.csv,normal
normal_p01_t5,t5,normal,2008-02-27T13:02:58.947227,Close kitchen cabinet,activity,D01,CLOSE,adl_noerror/p01.t5.csv,normal
normal_p01_t5,t5,normal,2008-02-27T13:03:09.670157,Move within kitchen,activity,M18,ON,adl_noerror/p01.t5.csv,normal
normal_p01_t5,t5,normal,2008-02-27T13:03:28.273380,Use kitchen sink water,activity,AD1-B,0.0676182,adl_noerror/p01.t5.csv,normal
normal_p01_t5,t5,normal,2008-02-27T13:06:03.537111,Move within kitchen,activity,M18,ON,adl_noerror/p01.t5.csv,normal
normal_p01_t5,t5,normal,2008-02-27T13:06:34.112920,Use kitchen sink water,activity,AD1-B,0.476374,adl_noerror/p01.t5.csv,normal
normal_p01_t5,t5,normal,2008-02-27T13:06:34.538222,Move within kitchen,activity,M18,ON,adl_noerror/p01.t5.csv,normal
normal_p01_t5,t5,normal,2008-02-27T13:07:07.134480,Use kitchen sink water,activity,AD1-B,0.103908,adl_noerror/p01.t5.csv,normal
normal_p01_t5,t5,normal,2008-02-27T13:07:11.573516,Move within kitchen,activity,M18,ON,adl_noerror/p01.t5.csv,normal
normal_p02_t1,t1,normal,2008-02-29T12:50:03.649200,Enter corridor,activity,M23,ON,adl_noerror/p02.t1.csv,normal
normal_p02_t1,t1,normal,2008-02-29T12:50:04.548539,Move from corridor to dining room,activity,M07,ON,adl_noerror/p02.t1.csv,normal
normal_p02_t1,t1,normal,2008-02-29T12:50:04.548539,Move within dining room,activity,M08,ON,adl_noerror/p02.t1.csv,normal
normal_p02_t1,t1,normal,2008-02-29T12:50:11.466075,Take phone book,activity,I08,ABSENT,adl_noerror/p02.t1.csv,normal
normal_p02_t1,t1,normal,2008-02-29T12:50:13.543698,Move within dining room,activity,M14,ON,adl_noerror/p02.t1.csv,normal
normal_p02_t1,t1,normal,2008-02-29T12:51:22.000000,Start phone use,activity,asterisk,START,adl_noerror/p02.t1.csv,normal
normal_p02_t1,t1,normal,2008-02-29T12:51:49.528311,Move within dining room,activity,M14,ON,adl_noerror/p02.t1.csv,normal
normal_p02_t1,t1,normal,2008-02-29T12:51:51.000000,End phone use,activity,asterisk,END,adl_noerror/p02.t1.csv,normal
normal_p02_t2,t2,normal,2008-02-29T12:51:58.605865,Enter dining room,activity,M13,ON,adl_noerror/p02.t2.csv,normal
normal_p02_t2,t2,normal,2008-02-29T12:51:58.909753,Return phone book,activity,I08,PRESENT,adl_noerror/p02.t2.csv,normal
normal_p02_t2,t2,normal,2008-02-29T12:52:01.639008,Move within dining room,activity,M14,ON,adl_noerror/p02.t2.csv,normal
normal_p02_t2,t2,normal,2008-02-29T12:52:14.149673,Move from dining room to kitchen,activity,M16,ON,adl_noerror/p02.t2.csv,normal
normal_p02_t2,t2,normal,2008-02-29T12:52:15.369367,Move within kitchen,activity,M17,ON,adl_noerror/p02.t2.csv,normal
normal_p02_t2,t2,normal,2008-02-29T12:52:19.933500,Use kitchen sink water,activity,AD1-C,0.0351177,adl_noerror/p02.t2.csv,normal
normal_p02_t2,t2,normal,2008-02-29T12:52:38.583396,Move within kitchen,activity,M17,ON,adl_noerror/p02.t2.csv,normal
normal_p02_t3,t3,normal,2008-02-29T12:53:14.516401,Enter kitchen,activity,M17,ON,adl_noerror/p02.t3.csv,normal
normal_p02_t3,t3,normal,2008-02-29T12:53:14.995274,Open kitchen cabinet,activity,D01,OPEN,adl_noerror/p02.t3.csv,normal
normal_p02_t3,t3,normal,2008-02-29T12:53:20.368630,Take pot,activity,I07,ABSENT,adl_noerror/p02.t3.csv,normal
normal_p02_t3,t3,normal,2008-02-29T12:53:24.411686,Move within kitchen,activity,M17,ON,adl_noerror/p02.t3.csv,normal
normal_p02_t3,t3,normal,2008-02-29T12:53:25.185380,Use burner,activity,AD1-A,2.80004,adl_noerror/p02.t3.csv,normal
normal_p02_t3,t3,normal,2008-02-29T12:53:32.170792,Take measuring spoon,activity,I05,ABSENT,adl_noerror/p02.t3.csv,normal
normal_p02_t3,t3,normal,2008-02-29T12:53:33.145885,Move within kitchen,activity,M17,ON,adl_noerror/p02.t3.csv,normal
normal_p02_t3,t3,normal,2008-02-29T12:53:43.104230,Use kitchen sink water,activity,AD1-C,0.0539852,adl_noerror/p02.t3.csv,normal
normal_p02_t3,t3,normal,2008-02-29T12:53:47.505846,Move within kitchen,activity,M17,ON,adl_noerror/p02.t3.csv,normal
normal_p02_t3,t3,normal,2008-02-29T12:53:59.918096,Return measuring spoon,activity,I05,PRESENT,adl_noerror/p02.t3.csv,normal
normal_p02_t3,t3,normal,2008-02-29T12:54:01.434752,Move within kitchen,activity,M17,ON,adl_noerror/p02.t3.csv,normal
normal_p02_t3,t3,normal,2008-02-29T12:54:02.431468,Take raisins,activity,I02,ABSENT,adl_noerror/p02.t3.csv,normal
normal_p02_t3,t3,normal,2008-02-29T12:54:04.457950,Move within kitchen,activity,M17,ON,adl_noerror/p02.t3.csv,normal
normal_p02_t3,t3,normal,2008-02-29T12:54:07.890998,Take measuring spoon,activity,I05,ABSENT,adl_noerror/p02.t3.csv,normal
normal_p02_t3,t3,normal,2008-02-29T12:54:09.204648,Move within kitchen,activity,M17,ON,adl_noerror/p02.t3.csv,normal
normal_p02_t3,t3,normal,2008-02-29T12:54:40.574574,Return raisins,activity,I02,PRESENT,adl_noerror/p02.t3.csv,normal
normal_p02_t3,t3,normal,2008-02-29T12:54:52.159860,Use burner,activity,AD1-A,3.2895,adl_noerror/p02.t3.csv,normal
normal_p02_t3,t3,normal,2008-02-29T12:54:56.346224,Move within kitchen,activity,M17,ON,adl_noerror/p02.t3.csv,normal
normal_p02_t3,t3,normal,2008-02-29T12:55:16.987326,Take oatmeal,activity,I01,ABSENT,adl_noerror/p02.t3.csv,normal
normal_p02_t3,t3,normal,2008-02-29T12:55:19.492674,Take brown sugar,activity,I03,ABSENT,adl_noerror/p02.t3.csv,normal
normal_p02_t3,t3,normal,2008-02-29T12:55:21.472130,Move within kitchen,activity,M17,ON,adl_noerror/p02.t3.csv,normal
normal_p02_t3,t3,normal,2008-02-29T12:55:21.864038,Return brown sugar,activity,I03,PRESENT,adl_noerror/p02.t3.csv,normal
normal_p02_t3,t3,normal,2008-02-29T12:55:25.748962,Close kitchen cabinet,activity,D01,CLOSE,adl_noerror/p02.t3.csv,normal
normal_p02_t3,t3,normal,2008-02-29T12:55:42.245360,Move within kitchen,activity,M17,ON,adl_noerror/p02.t3.csv,normal
normal_p02_t3,t3,normal,2008-02-29T12:55:58.597784,Open kitchen cabinet,activity,D01,OPEN,adl_noerror/p02.t3.csv,normal
normal_p02_t3,t3,normal,2008-02-29T12:55:59.487723,Take bowl,activity,I04,ABSENT,adl_noerror/p02.t3.csv,normal
normal_p02_t3,t3,normal,2008-02-29T12:56:02.359356,Close kitchen cabinet,activity,D01,CLOSE,adl_noerror/p02.t3.csv,normal
normal_p02_t3,t3,normal,2008-02-29T12:56:03.447104,Move within kitchen,activity,M17,ON,adl_noerror/p02.t3.csv,normal
normal_p02_t3,t3,normal,2008-02-29T12:57:42.895704,Open kitchen cabinet,activity,D01,OPEN,adl_noerror/p02.t3.csv,normal
normal_p02_t3,t3,normal,2008-02-29T12:57:43.898431,Move within kitchen,activity,M17,ON,adl_noerror/p02.t3.csv,normal
normal_p02_t3,t3,normal,2008-02-29T12:57:47.397486,Return bowl,activity,I04,PRESENT,adl_noerror/p02.t3.csv,normal
normal_p02_t3,t3,normal,2008-02-29T12:57:48.886075,Close kitchen cabinet,activity,D01,CLOSE,adl_noerror/p02.t3.csv,normal
normal_p02_t3,t3,normal,2008-02-29T12:57:58.216430,Use burner,activity,AD1-A,3.0288,adl_noerror/p02.t3.csv,normal
normal_p02_t3,t3,normal,2008-02-29T12:58:06.396461,Move within kitchen,activity,M17,ON,adl_noerror/p02.t3.csv,normal
normal_p02_t3,t3,normal,2008-02-29T12:59:25.832500,Use kitchen sink water,activity,AD1-C,0.0400006,adl_noerror/p02.t3.csv,normal
normal_p02_t3,t3,normal,2008-02-29T12:59:30.617933,Move within kitchen,activity,M17,ON,adl_noerror/p02.t3.csv,normal
normal_p02_t4,t4,normal,2008-02-29T13:00:13.519942,Enter kitchen,activity,M17,ON,adl_noerror/p02.t4.csv,normal
normal_p02_t4,t4,normal,2008-02-29T13:00:15.463415,Open kitchen cabinet,activity,D01,OPEN,adl_noerror/p02.t4.csv,normal
normal_p02_t4,t4,normal,2008-02-29T13:00:18.918210,Take medicine container,activity,I06,ABSENT,adl_noerror/p02.t4.csv,normal
normal_p02_t4,t4,normal,2008-02-29T13:00:20.949401,Take brown sugar,activity,I03,ABSENT,adl_noerror/p02.t4.csv,normal
normal_p02_t4,t4,normal,2008-02-29T13:00:21.608542,Move within kitchen,activity,M17,ON,adl_noerror/p02.t4.csv,normal
normal_p02_t4,t4,normal,2008-02-29T13:00:23.911621,Close kitchen cabinet,activity,D01,CLOSE,adl_noerror/p02.t4.csv,normal
normal_p02_t4,t4,normal,2008-02-29T13:00:28.215180,Use kitchen sink water,activity,AD1-C,0.0357427,adl_noerror/p02.t4.csv,normal
normal_p02_t4,t4,normal,2008-02-29T13:00:31.698942,Move within kitchen,activity,M17,ON,adl_noerror/p02.t4.csv,normal
normal_p02_t4,t4,normal,2008-02-29T13:00:41.305332,Open kitchen cabinet,activity,D01,OPEN,adl_noerror/p02.t4.csv,normal
normal_p02_t4,t4,normal,2008-02-29T13:00:42.503438,Return medicine container,activity,I06,PRESENT,adl_noerror/p02.t4.csv,normal
normal_p02_t4,t4,normal,2008-02-29T13:00:43.697542,Close kitchen cabinet,activity,D01,CLOSE,adl_noerror/p02.t4.csv,normal
normal_p02_t4,t4,normal,2008-02-29T13:00:44.161591,Move within kitchen,activity,M17,ON,adl_noerror/p02.t4.csv,normal
normal_p02_t4,t4,normal,2008-02-29T13:00:47.883625,Move from kitchen to dining room,activity,M15,ON,adl_noerror/p02.t4.csv,normal
normal_p02_t4,t4,normal,2008-02-29T13:00:48.372514,Move within dining room,activity,M14,ON,adl_noerror/p02.t4.csv,normal
normal_p02_t5,t5,normal,2008-02-29T13:01:49.566998,Enter dining room,activity,M14,ON,adl_noerror/p02.t5.csv,normal
normal_p02_t5,t5,normal,2008-02-29T13:01:52.518244,Move within dining room,activity,M14,ON,adl_noerror/p02.t5.csv,normal
normal_p02_t5,t5,normal,2008-02-29T13:01:54.298335,Move from dining room to kitchen,activity,M16,ON,adl_noerror/p02.t5.csv,normal
normal_p02_t5,t5,normal,2008-02-29T13:01:55.464294,Move within kitchen,activity,M17,ON,adl_noerror/p02.t5.csv,normal
normal_p02_t5,t5,normal,2008-02-29T13:01:57.785821,Open kitchen cabinet,activity,D01,OPEN,adl_noerror/p02.t5.csv,normal
normal_p02_t5,t5,normal,2008-02-29T13:02:00.549033,Take medicine container,activity,I06,ABSENT,adl_noerror/p02.t5.csv,normal
normal_p02_t5,t5,normal,2008-02-29T13:02:04.895853,Move within kitchen,activity,M17,ON,adl_noerror/p02.t5.csv,normal
normal_p02_t5,t5,normal,2008-02-29T13:02:06.691368,Return medicine container,activity,I06,PRESENT,adl_noerror/p02.t5.csv,normal
normal_p02_t5,t5,normal,2008-02-29T13:02:08.699980,Close kitchen cabinet,activity,D01,CLOSE,adl_noerror/p02.t5.csv,normal
normal_p02_t5,t5,normal,2008-02-29T13:02:16.157640,Use kitchen sink water,activity,AD1-B,0.0540243,adl_noerror/p02.t5.csv,normal
normal_p02_t5,t5,normal,2008-02-29T13:05:08.554396,Move within kitchen,activity,M18,ON,adl_noerror/p02.t5.csv,normal
normal_p02_t5,t5,normal,2008-02-29T13:05:49.130130,Use kitchen sink water,activity,AD1-B,0.223675,adl_noerror/p02.t5.csv,normal
normal_p02_t5,t5,normal,2008-02-29T13:05:56.561680,Move within kitchen,activity,M17,ON,adl_noerror/p02.t5.csv,normal
normal_p03_t1,t1,normal,2008-02-29T13:21:28.490007,Enter corridor,activity,M23,ON,adl_noerror/p03.t1.csv,normal
normal_p03_t1,t1,normal,2008-02-29T13:21:28.616031,Move from corridor to dining room,activity,M01,ON,adl_noerror/p03.t1.csv,normal
normal_p03_t1,t1,normal,2008-02-29T13:21:29.645678,Move within dining room,activity,M07,ON,adl_noerror/p03.t1.csv,normal
normal_p03_t1,t1,normal,2008-02-29T13:21:34.532381,Take phone book,activity,I08,ABSENT,adl_noerror/p03.t1.csv,normal
normal_p03_t1,t1,normal,2008-02-29T13:21:38.972157,Move within dining room,activity,M13,ON,adl_noerror/p03.t1.csv,normal
normal_p03_t1,t1,normal,2008-02-29T13:21:59.000000,Start phone use,activity,asterisk,START,adl_noerror/p03.t1.csv,normal
normal_p03_t1,t1,normal,2008-02-29T13:22:01.802603,Move within dining room,activity,M13,ON,adl_noerror/p03.t1.csv,normal
normal_p03_t1,t1,normal,2008-02-29T13:23:18.000000,End phone use,activity,asterisk,END,adl_noerror/p03.t1.csv,normal
normal_p03_t1,t1,normal,2008-02-29T13:23:18.436494,Move within dining room,activity,M13,ON,adl_noerror/p03.t1.csv,normal
normal_p03_t2,t2,normal,2008-02-29T13:23:49.819614,Enter dining room,activity,M14,ON,adl_noerror/p03.t2.csv,normal
normal_p03_t2,t2,normal,2008-02-29T13:23:50.838368,Move within dining room,activity,M15,ON,adl_noerror/p03.t2.csv,normal
normal_p03_t2,t2,normal,2008-02-29T13:23:51.432171,Move from dining room to kitchen,activity,M16,ON,adl_noerror/p03.t2.csv,normal
normal_p03_t2,t2,normal,2008-02-29T13:23:52.592843,Move within kitchen,activity,M17,ON,adl_noerror/p03.t2.csv,normal
normal_p03_t2,t2,normal,2008-02-29T13:23:55.161460,Use kitchen sink water,activity,AD1-B,0.0369928,adl_noerror/p03.t2.csv,normal
normal_p03_t2,t2,normal,2008-02-29T13:24:15.532252,Move within kitchen,activity,M17,ON,adl_noerror/p03.t2.csv,normal
normal_p03_t3,t3,normal,2008-02-29T13:24:54.962410,Open kitchen cabinet,activity,D01,OPEN,adl_noerror/p03.t3.csv,normal
normal_p03_t3,t3,normal,2008-02-29T13:24:56.497490,Take raisins,activity,I02,ABSENT,adl_noerror/p03.t3.csv,normal
normal_p03_t3,t3,normal,2008-02-29T13:24:58.534957,Take measuring spoon,activity,I05,ABSENT,adl_noerror/p03.t3.csv,normal
normal_p03_t3,t3,normal,2008-02-29T13:25:02.420160,Take brown sugar,activity,I03,ABSENT,adl_noerror/p03.t3.csv,normal
normal_p03_t3,t3,normal,2008-02-29T13:25:05.231910,Return brown sugar,activity,I03,PRESENT,adl_noerror/p03.t3.csv,normal
normal_p03_t3,t3,normal,2008-02-29T13:25:05.527078,Take oatmeal,activity,I01,ABSENT,adl_noerror/p03.t3.csv,normal
normal_p03_t3,t3,normal,2008-02-29T13:25:09.190086,Close kitchen cabinet,activity,D01,CLOSE,adl_noerror/p03.t3.csv,normal
normal_p03_t3,t3,normal,2008-02-29T13:25:10.513753,Move within kitchen,activity,M17,ON,adl_noerror/p03.t3.csv,normal
normal_p03_t3,t3,normal,2008-02-29T13:25:11.979375,Take pot,activity,I07,ABSENT,adl_noerror/p03.t3.csv,normal
normal_p03_t3,t3,normal,2008-02-29T13:25:16.521586,Move within kitchen,activity,M17,ON,adl_noerror/p03.t3.csv,normal
normal_p03_t3,t3,normal,2008-02-29T13:25:22.217400,Use kitchen sink water,activity,AD1-B,0.0338286,adl_noerror/p03.t3.csv,normal
normal_p03_t3,t3,normal,2008-02-29T13:25:25.647269,Move within kitchen,activity,M17,ON,adl_noerror/p03.t3.csv,normal
normal_p03_t3,t3,normal,2008-02-29T13:25:31.349600,Use burner,activity,AD1-A,2.81793,adl_noerror/p03.t3.csv,normal
normal_p03_t3,t3,normal,2008-02-29T13:25:43.603752,Move within kitchen,activity,M17,ON,adl_noerror/p03.t3.csv,normal
normal_p03_t3,t3,normal,2008-02-29T13:28:10.130710,Use burner,activity,AD1-A,3.3145,adl_noerror/p03.t3.csv,normal
normal_p03_t3,t3,normal,2008-02-29T13:29:31.938868,Move within kitchen,activity,M17,ON,adl_noerror/p03.t3.csv,normal
normal_p03_t3,t3,normal,2008-02-29T13:30:22.481152,Open kitchen cabinet,activity,D01,OPEN,adl_noerror/p03.t3.csv,normal
normal_p03_t3,t3,normal,2008-02-29T13:30:23.319911,Take bowl,activity,I04,ABSENT,adl_noerror/p03.t3.csv,normal
normal_p03_t3,t3,normal,2008-02-29T13:30:24.511592,Close kitchen cabinet,activity,D01,CLOSE,adl_noerror/p03.t3.csv,normal
normal_p03_t3,t3,normal,2008-02-29T13:30:24.899507,Move within kitchen,activity,M17,ON,adl_noerror/p03.t3.csv,normal
normal_p03_t3,t3,normal,2008-02-29T13:30:37.241420,Use burner,activity,AD1-A,3.04794,adl_noerror/p03.t3.csv,normal
normal_p03_t3,t3,normal,2008-02-29T13:30:40.573224,Move within kitchen,activity,M17,ON,adl_noerror/p03.t3.csv,normal
normal_p03_t4,t4,normal,2008-02-29T13:31:02.588945,Open kitchen cabinet,activity,D01,OPEN,adl_noerror/p03.t4.csv,normal
normal_p03_t4,t4,normal,2008-02-29T13:31:04.590409,Take brown sugar,activity,I03,ABSENT,adl_noerror/p03.t4.csv,normal
normal_p03_t4,t4,normal,2008-02-29T13:31:05.563157,Move within kitchen,activity,M17,ON,adl_noerror/p03.t4.csv,normal
normal_p03_t4,t4,normal,2008-02-29T13:31:05.835121,Take medicine container,activity,I06,ABSENT,adl_noerror/p03.t4.csv,normal
normal_p03_t4,t4,normal,2008-02-29T13:31:09.618745,Close kitchen cabinet,activity,D01,CLOSE,adl_noerror/p03.t4.csv,normal
normal_p03_t4,t4,normal,2008-02-29T13:31:13.984600,Use burner,activity,AD1-A,2.86575,adl_noerror/p03.t4.csv,normal
normal_p03_t4,t4,normal,2008-02-29T13:31:13.984600,Use kitchen sink water,activity,AD1-B,0.0331646,adl_noerror/p03.t4.csv,normal
normal_p03_t4,t4,normal,2008-02-29T13:31:15.576265,Move within kitchen,activity,M17,ON,adl_noerror/p03.t4.csv,normal
normal_p03_t4,t4,normal,2008-02-29T13:31:19.793652,Move from kitchen to dining room,activity,M15,ON,adl_noerror/p03.t4.csv,normal
normal_p03_t4,t4,normal,2008-02-29T13:31:20.578712,Move within dining room,activity,M14,ON,adl_noerror/p03.t4.csv,normal
normal_p03_t4,t4,normal,2008-02-29T13:31:24.120572,Move from dining room to kitchen,activity,M16,ON,adl_noerror/p03.t4.csv,normal
normal_p03_t4,t4,normal,2008-02-29T13:31:25.993071,Move within kitchen,activity,M17,ON,adl_noerror/p03.t4.csv,normal
normal_p03_t4,t4,normal,2008-02-29T13:31:33.258161,Move from kitchen to dining room,activity,M15,ON,adl_noerror/p03.t4.csv,normal
normal_p03_t4,t4,normal,2008-02-29T13:31:33.811985,Move within dining room,activity,M14,ON,adl_noerror/p03.t4.csv,normal
normal_p03_t5,t5,normal,2008-02-29T13:33:05.920145,Enter dining room,activity,M14,ON,adl_noerror/p03.t5.csv,normal
normal_p03_t5,t5,normal,2008-02-29T13:33:07.511750,Move within dining room,activity,M15,ON,adl_noerror/p03.t5.csv,normal
normal_p03_t5,t5,normal,2008-02-29T13:33:07.829667,Move from dining room to kitchen,activity,M16,ON,adl_noerror/p03.t5.csv,normal
normal_p03_t5,t5,normal,2008-02-29T13:33:09.693594,Move within kitchen,activity,M17,ON,adl_noerror/p03.t5.csv,normal
normal_p03_t5,t5,normal,2008-02-29T13:33:12.167821,Move from kitchen to dining room,activity,M14,ON,adl_noerror/p03.t5.csv,normal
normal_p03_t5,t5,normal,2008-02-29T13:33:15.178129,Move from dining room to kitchen,activity,M17,ON,adl_noerror/p03.t5.csv,normal
normal_p03_t5,t5,normal,2008-02-29T13:33:17.906535,Open kitchen cabinet,activity,D01,OPEN,adl_noerror/p03.t5.csv,normal
normal_p03_t5,t5,normal,2008-02-29T13:33:20.995400,Return medicine container,activity,I06,PRESENT,adl_noerror/p03.t5.csv,normal
normal_p03_t5,t5,normal,2008-02-29T13:33:22.709442,Return brown sugar,activity,I03,PRESENT,adl_noerror/p03.t5.csv,normal
normal_p03_t5,t5,normal,2008-02-29T13:33:24.356333,Return oatmeal,activity,I01,PRESENT,adl_noerror/p03.t5.csv,normal
normal_p03_t5,t5,normal,2008-02-29T13:33:26.490630,Close kitchen cabinet,activity,D01,CLOSE,adl_noerror/p03.t5.csv,normal
normal_p03_t5,t5,normal,2008-02-29T13:33:26.580950,Move within kitchen,activity,M17,ON,adl_noerror/p03.t5.csv,normal
normal_p03_t5,t5,normal,2008-02-29T13:33:31.873300,Use kitchen sink water,activity,AD1-B,0.0549618,adl_noerror/p03.t5.csv,normal
normal_p03_t5,t5,normal,2008-02-29T13:34:04.503307,Move within kitchen,activity,M17,ON,adl_noerror/p03.t5.csv,normal
normal_p03_t5,t5,normal,2008-02-29T13:34:43.561200,Use kitchen sink water,activity,AD1-B,0.504773,adl_noerror/p03.t5.csv,normal
normal_p03_t5,t5,normal,2008-02-29T13:34:44.824838,Move within kitchen,activity,M17,ON,adl_noerror/p03.t5.csv,normal
normal_p04_t1,t1,normal,2008-03-03T14:13:52.600541,Enter corridor,activity,M23,ON,adl_noerror/p04.t1.csv,normal
normal_p04_t1,t1,normal,2008-03-03T14:13:54.456505,Move from corridor to dining room,activity,M01,ON,adl_noerror/p04.t1.csv,normal
normal_p04_t1,t1,normal,2008-03-03T14:13:55.250537,Move within dining room,activity,M07,ON,adl_noerror/p04.t1.csv,normal
normal_p04_t1,t1,normal,2008-03-03T14:14:04.578001,Take phone book,activity,I08,ABSENT,adl_noerror/p04.t1.csv,normal
normal_p04_t1,t1,normal,2008-03-03T14:14:09.622629,Move within dining room,activity,M13,ON,adl_noerror/p04.t1.csv,normal
normal_p04_t1,t1,normal,2008-03-03T14:15:00.000000,Start phone use,activity,asterisk,START,adl_noerror/p04.t1.csv,normal
normal_p04_t1,t1,normal,2008-03-03T14:15:03.787079,Move within dining room,activity,M13,ON,adl_noerror/p04.t1.csv,normal
normal_p04_t1,t1,normal,2008-03-03T14:15:47.000000,End phone use,activity,asterisk,END,adl_noerror/p04.t1.csv,normal
normal_p04_t1,t1,normal,2008-03-03T14:15:52.554399,Return phone book,activity,I08,PRESENT,adl_noerror/p04.t1.csv,normal
normal_p04_t1,t1,normal,2008-03-03T14:15:57.712722,Move within dining room,activity,M13,ON,adl_noerror/p04.t1.csv,normal
normal_p04_t2,t2,normal,2008-03-03T14:16:10.823681,Enter dining room,activity,M13,ON,adl_noerror/p04.t2.csv,normal
normal_p04_t2,t2,normal,2008-03-03T14:16:10.942729,Move within dining room,activity,M15,ON,adl_noerror/p04.t2.csv,normal
normal_p04_t2,t2,normal,2008-03-03T14:16:11.198713,Move from dining room to kitchen,activity,M16,ON,adl_noerror/p04.t2.csv,normal
normal_p04_t2,t2,normal,2008-03-03T14:16:12.485342,Move within kitchen,activity,M17,ON,adl_noerror/p04.t2.csv,normal
normal_p04_t2,t2,normal,2008-03-03T14:16:17.308700,Use kitchen sink water,activity,AD1-B,0.0363287,adl_noerror/p04.t2.csv,normal
normal_p04_t2,t2,normal,2008-03-03T14:16:31.320248,Move within kitchen,activity,M17,ON,adl_noerror/p04.t2.csv,normal
normal_p04_t3,t3,normal,2008-03-03T14:16:48.251751,Open kitchen cabinet,activity,D01,OPEN,adl_noerror/p04.t3.csv,normal
normal_p04_t3,t3,normal,2008-03-03T14:16:52.774147,Take raisins,activity,I02,ABSENT,adl_noerror/p04.t3.csv,normal
normal_p04_t3,t3,normal,2008-03-03T14:16:55.443292,Move within kitchen,activity,M17,ON,adl_noerror/p04.t3.csv,normal
normal_p04_t3,t3,normal,2008-03-03T14:16:56.666981,Take oatmeal,activity,I01,ABSENT,adl_noerror/p04.t3.csv,normal
normal_p04_t3,t3,normal,2008-03-03T14:17:04.235430,Return raisins,activity,I02,PRESENT,adl_noerror/p04.t3.csv,normal
normal_p04_t3,t3,normal,2008-03-03T14:17:04.240523,Take raisins,activity,I02,ABSENT,adl_noerror/p04.t3.csv,normal
normal_p04_t3,t3,normal,2008-03-03T14:17:04.762476,Return oatmeal,activity,I01,PRESENT,adl_noerror/p04.t3.csv,normal
normal_p04_t3,t3,normal,2008-03-03T14:17:05.787266,Return raisins,activity,I02,PRESENT,adl_noerror/p04.t3.csv,normal
normal_p04_t3,t3,normal,2008-03-03T14:17:07.749480,Move within kitchen,activity,M17,ON,adl_noerror/p04.t3.csv,normal
normal_p04_t3,t3,normal,2008-03-03T14:17:08.460606,Close kitchen cabinet,activity,D01,CLOSE,adl_noerror/p04.t3.csv,normal
normal_p04_t3,t3,normal,2008-03-03T14:17:13.514093,Move within kitchen,activity,M17,ON,adl_noerror/p04.t3.csv,normal
normal_p04_t3,t3,normal,2008-03-03T14:17:24.144986,Open kitchen cabinet,activity,D01,OPEN,adl_noerror/p04.t3.csv,normal
normal_p04_t3,t3,normal,2008-03-03T14:17:24.856789,Move within kitchen,activity,M17,ON,adl_noerror/p04.t3.csv,normal
normal_p04_t3,t3,normal,2008-03-03T14:17:27.110153,Take raisins,activity,I02,ABSENT,adl_noerror/p04.t3.csv,normal
normal_p04_t3,t3,normal,2008-03-03T14:17:28.900703,Take oatmeal,activity,I01,ABSENT,adl_noerror/p04.t3.csv,normal
normal_p04_t3,t3,normal,2008-03-03T14:17:30.357292,Take brown sugar,activity,I03,ABSENT,adl_noerror/p04.t3.csv,normal
normal_p04_t3,t3,normal,2008-03-03T14:17:31.498991,Move within kitchen,activity,M17,ON,adl_noerror/p04.t3.csv,normal
normal_p04_t3,t3,normal,2008-03-03T14:17:34.449213,Take measuring spoon,activity,I05,ABSENT,adl_noerror/p04.t3.csv,normal
normal_p04_t3,t3,normal,2008-03-03T14:17:35.943785,Move within kitchen,activity,M17,ON,adl_noerror/p04.t3.csv,normal
normal_p04_t3,t3,normal,2008-03-03T14:17:41.534500,Use kitchen sink water,activity,AD1-B,0.0522274,adl_noerror/p04.t3.csv,normal
normal_p04_t3,t3,normal,2008-03-03T14:17:46.480911,Move within kitchen,activity,M17,ON,adl_noerror/p04.t3.csv,normal
normal_p04_t3,t3,normal,2008-03-03T14:17:49.272149,Take pot,activity,I07,ABSENT,adl_noerror/p04.t3.csv,normal
normal_p04_t3,t3,normal,2008-03-03T14:17:54.306776,Move within kitchen,activity,M17,ON,adl_noerror/p04.t3.csv,normal
normal_p04_t3,t3,normal,2008-03-03T14:17:56.135500,Use burner,activity,AD1-A,2.81801,adl_noerror/p04.t3.csv,normal
normal_p04_t3,t3,normal,2008-03-03T14:18:02.522969,Move within kitchen,activity,M17,ON,adl_noerror/p04.t3.csv,normal
normal_p04_t3,t3,normal,2008-03-03T14:18:03.250930,Close kitchen cabinet,activity,D01,CLOSE,adl_noerror/p04.t3.csv,normal
normal_p04_t3,t3,normal,2008-03-03T14:18:06.410140,Open kitchen cabinet,activity,D01,OPEN,adl_noerror/p04.t3.csv,normal
normal_p04_t3,t3,normal,2008-03-03T14:18:12.441139,Take bowl,activity,I04,ABSENT,adl_noerror/p04.t3.csv,normal
normal_p04_t3,t3,normal,2008-03-03T14:18:16.167255,Move within kitchen,activity,M17,ON,adl_noerror/p04.t3.csv,normal
normal_p04_t3,t3,normal,2008-03-03T14:18:17.651843,Close kitchen cabinet,activity,D01,CLOSE,adl_noerror/p04.t3.csv,normal
normal_p04_t3,t3,normal,2008-03-03T14:18:20.430625,Move within kitchen,activity,M17,ON,adl_noerror/p04.t3.csv,normal
normal_p04_t3,t3,normal,2008-03-03T14:18:29.743300,Use burner,activity,AD1-A,3.25591,adl_noerror/p04.t3.csv,normal
normal_p04_t3,t3,normal,2008-03-03T14:18:30.740015,Move within kitchen,activity,M17,ON,adl_noerror/p04.t3.csv,normal
normal_p04_t3,t3,normal,2008-03-03T14:18:56.561010,Open kitchen cabinet,activity,D01,OPEN,adl_noerror/p04.t3.csv,normal
normal_p04_t3,t3,normal,2008-03-03T14:18:58.639440,Close kitchen cabinet,activity,D01,CLOSE,adl_noerror/p04.t3.csv,normal
normal_p04_t3,t3,normal,2008-03-03T14:19:26.713140,Move within kitchen,activity,M17,ON,adl_noerror/p04.t3.csv,normal
normal_p04_t3,t3,normal,2008-03-03T14:20:56.195380,Use burner,activity,AD1-A,3.31294,adl_noerror/p04.t3.csv,normal
normal_p04_t3,t3,normal,2008-03-03T14:21:39.483235,Move within kitchen,activity,M17,ON,adl_noerror/p04.t3.csv,normal
normal_p04_t3,t3,normal,2008-03-03T14:22:23.310400,Use burner,activity,AD1-A,3.03356,adl_noerror/p04.t3.csv,normal
normal_p04_t3,t3,normal,2008-03-03T14:22:35.526366,Move within kitchen,activity,M17,ON,adl_noerror/p04.t3.csv,normal
normal_p04_t4,t4,normal,2008-03-03T14:23:49.779370,Enter kitchen,activity,M17,ON,adl_noerror/p04.t4.csv,normal
normal_p04_t4,t4,normal,2008-03-03T14:24:10.505043,Move within kitchen,activity,M17,ON,adl_noerror/p04.t4.csv,normal
normal_p04_t4,t4,normal,2008-03-03T14:24:14.250510,Use kitchen sink water,activity,AD1-C,0.0330083,adl_noerror/p04.t4.csv,normal
normal_p04_t4,t4,normal,2008-03-03T14:24:19.370725,Move within kitchen,activity,M17,ON,adl_noerror/p04.t4.csv,normal
normal_p04_t4,t4,normal,2008-03-03T14:24:21.406105,Open kitchen cabinet,activity,D01,OPEN,adl_noerror/p04.t4.csv,normal
normal_p04_t4,t4,normal,2008-03-03T14:24:22.885699,Take medicine container,activity,I06,ABSENT,adl_noerror/p04.t4.csv,normal
normal_p04_t4,t4,normal,2008-03-03T14:24:24.223317,Close kitchen cabinet,activity,D01,CLOSE,adl_noerror/p04.t4.csv,normal
normal_p04_t4,t4,normal,2008-03-03T14:24:30.509643,Move within kitchen,activity,M17,ON,adl_noerror/p04.t4.csv,normal
normal_p04_t4,t4,normal,2008-03-03T14:24:32.799039,Move from kitchen to dining room,activity,M15,ON,adl_noerror/p04.t4.csv,normal
normal_p04_t4,t4,normal,2008-03-03T14:24:33.576779,Move within dining room,activity,M14,ON,adl_noerror/p04.t4.csv,normal
normal_p04_t5,t5,normal,2008-03-03T14:25:58.181161,Enter dining room,activity,M14,ON,adl_noerror/p04.t5.csv,normal
normal_p04_t5,t5,normal,2008-03-03T14:25:59.663076,Move within dining room,activity,M15,ON,adl_noerror/p04.t5.csv,normal
normal_p04_t5,t5,normal,2008-03-03T14:25:59.907016,Move from dining room to kitchen,activity,M16,ON,adl_noerror/p04.t5.csv,normal
normal_p04_t5,t5,normal,2008-03-03T14:26:01.397614,Move within kitchen,activity,M17,ON,adl_noerror/p04.t5.csv,normal
normal_p04_t5,t5,normal,2008-03-03T14:26:10.521040,Open kitchen cabinet,activity,D01,OPEN,adl_noerror/p04.t5.csv,normal
normal_p04_t5,t5,normal,2008-03-03T14:26:12.113559,Return medicine container,activity,I06,PRESENT,adl_noerror/p04.t5.csv,normal
normal_p04_t5,t5,normal,2008-03-03T14:26:15.734853,Move within kitchen,activity,M17,ON,adl_noerror/p04.t5.csv,normal
normal_p04_t5,t5,normal,2008-03-03T14:26:20.578302,Close kitchen cabinet,activity,D01,CLOSE,adl_noerror/p04.t5.csv,normal
normal_p04_t5,t5,normal,2008-03-03T14:26:29.165690,Use kitchen sink water,activity,AD1-B,0.0432819,adl_noerror/p04.t5.csv,normal
normal_p04_t5,t5,normal,2008-03-03T14:26:56.520145,Move within kitchen,activity,M17,ON,adl_noerror/p04.t5.csv,normal
normal_p04_t5,t5,normal,2008-03-03T14:26:57.959746,Open kitchen cabinet,activity,D01,OPEN,adl_noerror/p04.t5.csv,normal
normal_p04_t5,t5,normal,2008-03-03T14:26:59.619322,Return raisins,activity,I02,PRESENT,adl_noerror/p04.t5.csv,normal
normal_p04_t5,t5,normal,2008-03-03T14:26:59.843800,Use kitchen sink water,activity,AD1-B,0.361334,adl_noerror/p04.t5.csv,normal
normal_p04_t5,t5,normal,2008-03-03T14:27:01.762361,Return oatmeal,activity,I01,PRESENT,adl_noerror/p04.t5.csv,normal
normal_p04_t5,t5,normal,2008-03-03T14:27:04.157611,Close kitchen cabinet,activity,D01,CLOSE,adl_noerror/p04.t5.csv,normal
normal_p04_t5,t5,normal,2008-03-03T14:27:06.751847,Move within kitchen,activity,M17,ON,adl_noerror/p04.t5.csv,normal
normal_p04_t5,t5,normal,2008-03-03T14:27:35.137080,Use kitchen sink water,activity,AD1-B,0.049532,adl_noerror/p04.t5.csv,normal
normal_p04_t5,t5,normal,2008-03-03T14:27:45.747826,Move within kitchen,activity,M17,ON,adl_noerror/p04.t5.csv,normal
normal_p04_t5,t5,normal,2008-03-03T14:28:14.283310,Use kitchen sink water,activity,AD1-B,0.435241,adl_noerror/p04.t5.csv,normal
normal_p04_t5,t5,normal,2008-03-03T14:29:01.424355,Move within kitchen,activity,M18,ON,adl_noerror/p04.t5.csv,normal
normal_p04_t5,t5,normal,2008-03-03T14:29:17.224610,Use kitchen sink water,activity,AD1-C,0.126096,adl_noerror/p04.t5.csv,normal
normal_p04_t5,t5,normal,2008-03-03T14:29:22.877046,Move within kitchen,activity,M17,ON,adl_noerror/p04.t5.csv,normal
normal_p04_t5,t5,normal,2008-03-03T14:29:59.661000,Use kitchen sink water,activity,AD1-B,0.056329,adl_noerror/p04.t5.csv,normal
normal_p04_t5,t5,normal,2008-03-03T14:29:59.907479,Move within kitchen,activity,M18,ON,adl_noerror/p04.t5.csv,normal
normal_p04_t5,t5,normal,2008-03-03T14:30:35.234810,Use kitchen sink water,activity,AD1-B,0.0774231,adl_noerror/p04.t5.csv,normal
normal_p04_t5,t5,normal,2008-03-03T14:30:53.729604,Move within kitchen,activity,M18,ON,adl_noerror/p04.t5.csv,normal
normal_p04_t5,t5,normal,2008-03-03T14:31:20.147730,Use kitchen sink water,activity,AD1-B,0.369693,adl_noerror/p04.t5.csv,normal
normal_p04_t5,t5,normal,2008-03-03T14:31:21.832334,Move within kitchen,activity,M17,ON,adl_noerror/p04.t5.csv,normal
normal_p04_t5,t5,normal,2008-03-03T14:31:32.994745,Move from kitchen to dining room,activity,M15,ON,adl_noerror/p04.t5.csv,normal
normal_p04_t5,t5,normal,2008-03-03T14:31:33.271830,Move from dining room to kitchen,activity,M16,ON,adl_noerror/p04.t5.csv,normal
normal_p04_t5,t5,normal,2008-03-03T14:31:33.653785,Move from kitchen to dining room,activity,M14,ON,adl_noerror/p04.t5.csv,normal
normal_p04_t5,t5,normal,2008-03-03T14:31:35.551030,Move within dining room,activity,M13,ON,adl_noerror/p04.t5.csv,normal
normal_p05_t1,t1,normal,2008-03-04T10:52:42.923966,Enter corridor,activity,M23,ON,adl_noerror/p05.t1.csv,normal
normal_p05_t1,t1,normal,2008-03-04T10:52:43.285881,Move from corridor to dining room,activity,M01,ON,adl_noerror/p05.t1.csv,normal
normal_p05_t1,t1,normal,2008-03-04T10:52:43.909739,Move within dining room,activity,M07,ON,adl_noerror/p05.t1.csv,normal
normal_p05_t1,t1,normal,2008-03-04T10:52:48.884580,Take phone book,activity,I08,ABSENT,adl_noerror/p05.t1.csv,normal
normal_p05_t1,t1,normal,2008-03-04T10:52:49.395477,Return phone book,activity,I08,PRESENT,adl_noerror/p05.t1.csv,normal
normal_p05_t1,t1,normal,2008-03-04T10:52:50.526236,Take phone book,activity,I08,ABSENT,adl_noerror/p05.t1.csv,normal
normal_p05_t1,t1,normal,2008-03-04T10:53:04.886640,Move within dining room,activity,M13,ON,adl_noerror/p05.t1.csv,normal
normal_p05_t1,t1,normal,2008-03-04T10:54:02.000000,Start phone use,activity,asterisk,START,adl_noerror/p05.t1.csv,normal
normal_p05_t1,t1,normal,2008-03-04T10:54:04.403880,Move within dining room,activity,M13,ON,adl_noerror/p05.t1.csv,normal
normal_p05_t1,t1,normal,2008-03-04T10:54:33.000000,End phone use,activity,asterisk,END,adl_noerror/p05.t1.csv,normal
normal_p05_t1,t1,normal,2008-03-04T10:54:33.967486,Move within dining room,activity,M13,ON,adl_noerror/p05.t1.csv,normal
normal_p05_t1,t1,normal,2008-03-04T10:55:04.000000,Start phone use,activity,asterisk,START,adl_noerror/p05.t1.csv,normal
normal_p05_t1,t1,normal,2008-03-04T10:55:14.637413,Move within dining room,activity,M13,ON,adl_noerror/p05.t1.csv,normal
normal_p05_t1,t1,normal,2008-03-04T10:55:28.000000,End phone use,activity,asterisk,END,adl_noerror/p05.t1.csv,normal
normal_p05_t1,t1,normal,2008-03-04T10:55:34.629130,Move within dining room,activity,M13,ON,adl_noerror/p05.t1.csv,normal
normal_p05_t2,t2,normal,2008-03-04T10:56:07.970889,Enter dining room,activity,M14,ON,adl_noerror/p05.t2.csv,normal
normal_p05_t2,t2,normal,2008-03-04T10:56:09.332577,Move within dining room,activity,M15,ON,adl_noerror/p05.t2.csv,normal
normal_p05_t2,t2,normal,2008-03-04T10:56:09.844462,Move from dining room to kitchen,activity,M16,ON,adl_noerror/p05.t2.csv,normal
normal_p05_t2,t2,normal,2008-03-04T10:56:11.545154,Move within kitchen,activity,M17,ON,adl_noerror/p05.t2.csv,normal
normal_p05_t2,t2,normal,2008-03-04T10:56:23.123590,Use kitchen sink water,activity,AD1-B,0.0764855,adl_noerror/p05.t2.csv,normal
normal_p05_t2,t2,normal,2008-03-04T10:56:31.710584,Move within kitchen,activity,M17,ON,adl_noerror/p05.t2.csv,normal
normal_p05_t3,t3,normal,2008-03-04T10:57:53.649726,Enter kitchen,activity,M17,ON,adl_noerror/p05.t3.csv,normal
normal_p05_t3,t3,normal,2008-03-04T10:57:59.456180,Open kitchen cabinet,activity,D01,OPEN,adl_noerror/p05.t3.csv,normal
normal_p05_t3,t3,normal,2008-03-04T10:58:03.916689,Take pot,activity,I07,ABSENT,adl_noerror/p05.t3.csv,normal
normal_p05_t3,t3,normal,2008-03-04T10:58:04.888622,Move within kitchen,activity,M17,ON,adl_noerror/p05.t3.csv,normal
normal_p05_t3,t3,normal,2008-03-04T10:58:07.233258,Take raisins,activity,I02,ABSENT,adl_noerror/p05.t3.csv,normal
normal_p05_t3,t3,normal,2008-03-04T10:58:09.988140,Take measuring spoon,activity,I05,ABSENT,adl_noerror/p05.t3.csv,normal
normal_p05_t3,t3,normal,2008-03-04T10:58:10.302829,Move within kitchen,activity,M17,ON,adl_noerror/p05.t3.csv,normal
normal_p05_t3,t3,normal,2008-03-04T10:58:20.121000,Use kitchen sink water,activity,AD1-C,0.0369537,adl_noerror/p05.t3.csv,normal
normal_p05_t3,t3,normal,2008-03-04T10:58:28.892143,Move within kitchen,activity,M17,ON,adl_noerror/p05.t3.csv,normal
normal_p05_t3,t3,normal,2008-03-04T10:58:32.531310,Close kitchen cabinet,activity,D01,CLOSE,adl_noerror/p05.t3.csv,normal
normal_p05_t3,t3,normal,2008-03-04T10:58:37.504143,Move within kitchen,activity,M17,ON,adl_noerror/p05.t3.csv,normal
normal_p05_t3,t3,normal,2008-03-04T10:59:02.256890,Use burner,activity,AD1-A,2.82895,adl_noerror/p05.t3.csv,normal
normal_p05_t3,t3,normal,2008-03-04T10:59:07.389229,Move within kitchen,activity,M17,ON,adl_noerror/p05.t3.csv,normal
normal_p05_t3,t3,normal,2008-03-04T10:59:44.832200,Use burner,activity,AD1-A,3.30005,adl_noerror/p05.t3.csv,normal
normal_p05_t3,t3,normal,2008-03-04T10:59:54.336800,Move within kitchen,activity,M17,ON,adl_noerror/p05.t3.csv,normal
normal_p05_t3,t3,normal,2008-03-04T10:59:55.182523,Open kitchen cabinet,activity,D01,OPEN,adl_noerror/p05.t3.csv,normal
normal_p05_t3,t3,normal,2008-03-04T10:59:58.856441,Return raisins,activity,I02,PRESENT,adl_noerror/p05.t3.csv,normal
normal_p05_t3,t3,normal,2008-03-04T11:00:15.942000,Take oatmeal,activity,I01,ABSENT,adl_noerror/p05.t3.csv,normal
normal_p05_t3,t3,normal,2008-03-04T11:00:17.947228,Take brown sugar,activity,I03,ABSENT,adl_noerror/p05.t3.csv,normal
normal_p05_t3,t3,normal,2008-03-04T11:00:24.335700,Close kitchen cabinet,activity,D01,CLOSE,adl_noerror/p05.t3.csv,normal
normal_p05_t3,t3,normal,2008-03-04T11:00:41.501526,Move within kitchen,activity,M17,ON,adl_noerror/p05.t3.csv,normal
normal_p05_t3,t3,normal,2008-03-04T11:01:08.768600,Use burner,activity,AD1-A,3.19106,adl_noerror/p05.t3.csv,normal
normal_p05_t3,t3,normal,2008-03-04T11:01:12.741839,Move within kitchen,activity,M17,ON,adl_noerror/p05.t3.csv,normal
normal_p05_t3,t3,normal,2008-03-04T11:01:24.501710,Open kitchen cabinet,activity,D01,OPEN,adl_noerror/p05.t3.csv,normal
normal_p05_t3,t3,normal,2008-03-04T11:01:24.965752,Move within kitchen,activity,M17,ON,adl_noerror/p05.t3.csv,normal
normal_p05_t3,t3,normal,2008-03-04T11:01:27.934062,Take bowl,activity,I04,ABSENT,adl_noerror/p05.t3.csv,normal
normal_p05_t3,t3,normal,2008-03-04T11:01:37.641720,Return oatmeal,activity,I01,PRESENT,adl_noerror/p05.t3.csv,normal
normal_p05_t3,t3,normal,2008-03-04T11:01:38.479854,Close kitchen cabinet,activity,D01,CLOSE,adl_noerror/p05.t3.csv,normal
normal_p05_t3,t3,normal,2008-03-04T11:01:40.377390,Move within kitchen,activity,M17,ON,adl_noerror/p05.t3.csv,normal
normal_p05_t3,t3,normal,2008-03-04T11:01:41.261000,Use kitchen sink water,activity,AD1-B,0.038399,adl_noerror/p05.t3.csv,normal
normal_p05_t3,t3,normal,2008-03-04T11:01:44.607366,Move within kitchen,activity,M17,ON,adl_noerror/p05.t3.csv,normal
normal_p05_t3,t3,normal,2008-03-04T11:02:41.167590,Use burner,activity,AD1-A,3.14434,adl_noerror/p05.t3.csv,normal
normal_p05_t3,t3,normal,2008-03-04T11:05:37.614218,Move within kitchen,activity,M17,ON,adl_noerror/p05.t3.csv,normal
normal_p05_t3,t3,normal,2008-03-04T11:05:44.165820,Use kitchen sink water,activity,AD1-B,0.0421491,adl_noerror/p05.t3.csv,normal
normal_p05_t3,t3,normal,2008-03-04T11:06:50.152667,Move within kitchen,activity,M17,ON,adl_noerror/p05.t3.csv,normal
normal_p05_t4,t4,normal,2008-03-04T11:07:26.496236,Enter kitchen,activity,M17,ON,adl_noerror/p05.t4.csv,normal
normal_p05_t4,t4,normal,2008-03-04T11:07:29.146900,Use kitchen sink water,activity,AD1-C,0.0540633,adl_noerror/p05.t4.csv,normal
normal_p05_t4,t4,normal,2008-03-04T11:07:39.163766,Move within kitchen,activity,M17,ON,adl_noerror/p05.t4.csv,normal
normal_p05_t4,t4,normal,2008-03-04T11:07:39.349719,Open kitchen cabinet,activity,D01,OPEN,adl_noerror/p05.t4.csv,normal
normal_p05_t4,t4,normal,2008-03-04T11:07:40.953308,Move within kitchen,activity,M17,ON,adl_noerror/p05.t4.csv,normal
normal_p05_t4,t4,normal,2008-03-04T11:07:41.721121,Take medicine container,activity,I06,ABSENT,adl_noerror/p05.t4.csv,normal
normal_p05_t4,t4,normal,2008-03-04T11:07:43.906525,Close kitchen cabinet,activity,D01,CLOSE,adl_noerror/p05.t4.csv,normal
normal_p05_t4,t4,normal,2008-03-04T11:07:49.351189,Move within kitchen,activity,M17,ON,adl_noerror/p05.t4.csv,normal
normal_p05_t4,t4,normal,2008-03-04T11:07:51.556404,Move from kitchen to dining room,activity,M15,ON,adl_noerror/p05.t4.csv,normal
normal_p05_t4,t4,normal,2008-03-04T11:07:52.234479,Move within dining room,activity,M14,ON,adl_noerror/p05.t4.csv,normal
normal_p05_t5,t5,normal,2008-03-04T11:14:18.199920,Enter dining room,activity,M13,ON,adl_noerror/p05.t5.csv,normal
normal_p05_t5,t5,normal,2008-03-04T11:14:20.531330,Move within dining room,activity,M14,ON,adl_noerror/p05.t5.csv,normal
normal_p05_t5,t5,normal,2008-03-04T11:14:27.159548,Move from dining room to kitchen,activity,M16,ON,adl_noerror/p05.t5.csv,normal
normal_p05_t5,t5,normal,2008-03-04T11:14:28.579130,Move within kitchen,activity,M17,ON,adl_noerror/p05.t5.csv,normal
normal_p05_t5,t5,normal,2008-03-04T11:15:02.673770,Use kitchen sink water,activity,AD1-C,0.0360943,adl_noerror/p05.t5.csv,normal
normal_p05_t5,t5,normal,2008-03-04T11:16:00.474064,Move within kitchen,activity,M17,ON,adl_noerror/p05.t5.csv,normal
normal_p05_t5,t5,normal,2008-03-04T11:16:17.192540,Use kitchen sink water,activity,AD1-B,0.0717198,adl_noerror/p05.t5.csv,normal
normal_p05_t5,t5,normal,2008-03-04T11:16:22.516837,Move within kitchen,activity,M17,ON,adl_noerror/p05.t5.csv,normal
normal_p05_t5,t5,normal,2008-03-04T11:16:53.167830,Use kitchen sink water,activity,AD1-B,0.0698448,adl_noerror/p05.t5.csv,normal
normal_p05_t5,t5,normal,2008-03-04T11:16:58.748864,Move within kitchen,activity,M17,ON,adl_noerror/p05.t5.csv,normal
normal_p05_t5,t5,normal,2008-03-04T11:17:26.109057,Use kitchen sink water,activity,AD1-B,0.274301,adl_noerror/p05.t5.csv,normal
normal_p05_t5,t5,normal,2008-03-04T11:18:19.833084,Move within kitchen,activity,M17,ON,adl_noerror/p05.t5.csv,normal
normal_p05_t5,t5,normal,2008-03-04T11:18:38.512803,Open kitchen cabinet,activity,D01,OPEN,adl_noerror/p05.t5.csv,normal
normal_p05_t5,t5,normal,2008-03-04T11:18:38.512803,Move within kitchen,activity,M17,ON,adl_noerror/p05.t5.csv,normal
normal_p05_t5,t5,normal,2008-03-04T11:18:44.482181,Return measuring spoon,activity,I05,PRESENT,adl_noerror/p05.t5.csv,normal
normal_p05_t5,t5,normal,2008-03-04T11:19:03.526054,Move within kitchen,activity,M17,ON,adl_noerror/p05.t5.csv,normal
normal_p05_t5,t5,normal,2008-03-04T11:19:06.575444,Return bowl,activity,I04,PRESENT,adl_noerror/p05.t5.csv,normal
normal_p05_t5,t5,normal,2008-03-04T11:19:07.945548,Take bowl,activity,I04,ABSENT,adl_noerror/p05.t5.csv,normal
normal_p05_t5,t5,normal,2008-03-04T11:19:08.846490,Return bowl,activity,I04,PRESENT,adl_noerror/p05.t5.csv,normal
normal_p05_t5,t5,normal,2008-03-04T11:19:10.245798,Move within kitchen,activity,M17,ON,adl_noerror/p05.t5.csv,normal
normal_p05_t5,t5,normal,2008-03-04T11:19:31.815987,Return brown sugar,activity,I03,PRESENT,adl_noerror/p05.t5.csv,normal
normal_p05_t5,t5,normal,2008-03-04T11:19:33.240057,Take oatmeal,activity,I01,ABSENT,adl_noerror/p05.t5.csv,normal
normal_p05_t5,t5,normal,2008-03-04T11:19:40.937493,Return pot,activity,I07,PRESENT,adl_noerror/p05.t5.csv,normal
normal_p05_t5,t5,normal,2008-03-04T11:19:42.919887,Return oatmeal,activity,I01,PRESENT,adl_noerror/p05.t5.csv,normal
normal_p05_t5,t5,normal,2008-03-04T11:19:43.754698,Move within kitchen,activity,M17,ON,adl_noerror/p05.t5.csv,normal
normal_p05_t5,t5,normal,2008-03-04T11:19:45.105220,Return medicine container,activity,I06,PRESENT,adl_noerror/p05.t5.csv,normal
normal_p05_t5,t5,normal,2008-03-04T11:19:54.425327,Move within kitchen,activity,M17,ON,adl_noerror/p05.t5.csv,normal
normal_p05_t5,t5,normal,2008-03-04T11:20:05.535874,Close kitchen cabinet,activity,D01,CLOSE,adl_noerror/p05.t5.csv,normal
normal_p05_t5,t5,normal,2008-03-04T11:20:07.773499,Move within kitchen,activity,M17,ON,adl_noerror/p05.t5.csv,normal
normal_p05_t5,t5,normal,2008-03-04T11:20:17.113510,Use kitchen sink water,activity,AD1-B,0.0466413,adl_noerror/p05.t5.csv,normal
normal_p06_t1,t1,normal,2008-03-04T14:09:07.592142,Enter corridor,activity,M23,ON,adl_noerror/p06.t1.csv,normal
normal_p06_t1,t1,normal,2008-03-04T14:09:07.860209,Move from corridor to dining room,activity,M01,ON,adl_noerror/p06.t1.csv,normal
normal_p06_t1,t1,normal,2008-03-04T14:09:08.931249,Move within dining room,activity,M07,ON,adl_noerror/p06.t1.csv,normal
normal_p06_t1,t1,normal,2008-03-04T14:09:22.209157,Take phone book,activity,I08,ABSENT,adl_noerror/p06.t1.csv,normal
normal_p06_t1,t1,normal,2008-03-04T14:11:45.717876,Move within dining room,activity,M13,ON,adl_noerror/p06.t1.csv,normal
normal_p06_t1,t1,normal,2008-03-04T14:12:24.000000,Start phone use,activity,asterisk,START,adl_noerror/p06.t1.csv,normal
normal_p06_t1,t1,normal,2008-03-04T14:13:39.000000,End phone use,activity,asterisk,END,adl_noerror/p06.t1.csv,normal
normal_p06_t1,t1,normal,2008-03-04T14:13:43.615198,Move within dining room,activity,M13,ON,adl_noerror/p06.t1.csv,normal
normal_p06_t1,t1,normal,2008-03-04T14:13:52.000000,Start phone use,activity,asterisk,START,adl_noerror/p06.t1.csv,normal
normal_p06_t1,t1,normal,2008-03-04T14:14:18.000000,End phone use,activity,asterisk,END,adl_noerror/p06.t1.csv,normal
normal_p06_t1,t1,normal,2008-03-04T14:14:19.507480,Move within dining room,activity,M13,ON,adl_noerror/p06.t1.csv,normal
normal_p06_t2,t2,normal,2008-03-04T14:14:38.881230,Enter dining room,activity,M14,ON,adl_noerror/p06.t2.csv,normal
normal_p06_t2,t2,normal,2008-03-04T14:14:39.162219,Move within dining room,activity,M13,ON,adl_noerror/p06.t2.csv,normal
normal_p06_t2,t2,normal,2008-03-04T14:14:41.529547,Move from dining room to kitchen,activity,M16,ON,adl_noerror/p06.t2.csv,normal
normal_p06_t2,t2,normal,2008-03-04T14:14:43.580990,Move within kitchen,activity,M17,ON,adl_noerror/p06.t2.csv,normal
normal_p06_t2,t2,normal,2008-03-04T14:14:47.498600,Use kitchen sink water,activity,AD1-B,0.038985,adl_noerror/p06.t2.csv,normal
normal_p06_t2,t2,normal,2008-03-04T14:15:12.741930,Move within kitchen,activity,M17,ON,adl_noerror/p06.t2.csv,normal
normal_p06_t3,t3,normal,2008-03-04T14:15:55.891490,Open kitchen cabinet,activity,D01,OPEN,adl_noerror/p06.t3.csv,normal
normal_p06_t3,t3,normal,2008-03-04T14:15:59.832341,Take raisins,activity,I02,ABSENT,adl_noerror/p06.t3.csv,normal
normal_p06_t3,t3,normal,2008-03-04T14:15:59.832341,Take oatmeal,activity,I01,ABSENT,adl_noerror/p06.t3.csv,normal
normal_p06_t3,t3,normal,2008-03-04T14:16:05.920753,Take brown sugar,activity,I03,ABSENT,adl_noerror/p06.t3.csv,normal
normal_p06_t3,t3,normal,2008-03-04T14:16:14.446011,Take measuring spoon,activity,I05,ABSENT,adl_noerror/p06.t3.csv,normal
normal_p06_t3,t3,normal,2008-03-04T14:16:14.697994,Take bowl,activity,I04,ABSENT,adl_noerror/p06.t3.csv,normal
normal_p06_t3,t3,normal,2008-03-04T14:16:16.599070,Move within kitchen,activity,M17,ON,adl_noerror/p06.t3.csv,normal
normal_p06_t3,t3,normal,2008-03-04T14:16:26.442345,Close kitchen cabinet,activity,D01,CLOSE,adl_noerror/p06.t3.csv,normal
normal_p06_t3,t3,normal,2008-03-04T14:16:50.866493,Take pot,activity,I07,ABSENT,adl_noerror/p06.t3.csv,normal
normal_p06_t3,t3,normal,2008-03-04T14:16:54.516120,Move within kitchen,activity,M17,ON,adl_noerror/p06.t3.csv,normal
normal_p06_t3,t3,normal,2008-03-04T14:17:08.222990,Use kitchen sink water,activity,AD1-B,0.0382818,adl_noerror/p06.t3.csv,normal
normal_p06_t3,t3,normal,2008-03-04T14:17:09.364000,Move within kitchen,activity,M17,ON,adl_noerror/p06.t3.csv,normal
normal_p06_t3,t3,normal,2008-03-04T14:17:41.245580,Use burner,activity,AD1-A,2.83692,adl_noerror/p06.t3.csv,normal
normal_p06_t3,t3,normal,2008-03-04T14:21:01.393087,Move within kitchen,activity,M17,ON,adl_noerror/p06.t3.csv,normal
normal_p06_t3,t3,normal,2008-03-04T14:21:20.248540,Use burner,activity,AD1-A,3.00184,adl_noerror/p06.t3.csv,normal
normal_p06_t3,t3,normal,2008-03-04T14:24:49.298565,Move within kitchen,activity,M17,ON,adl_noerror/p06.t3.csv,normal
normal_p06_t4,t4,normal,2008-03-04T14:27:40.732058,Enter kitchen,activity,M17,ON,adl_noerror/p06.t4.csv,normal
normal_p06_t4,t4,normal,2008-03-04T14:27:49.546115,Move within kitchen,activity,M17,ON,adl_noerror/p06.t4.csv,normal
normal_p06_t4,t4,normal,2008-03-04T14:27:53.140670,Use kitchen sink water,activity,AD1-B,0.03836,adl_noerror/p06.t4.csv,normal
normal_p06_t4,t4,normal,2008-03-04T14:28:07.330003,Move within kitchen,activity,M17,ON,adl_noerror/p06.t4.csv,normal
normal_p06_t4,t4,normal,2008-03-04T14:28:24.197000,Open kitchen cabinet,activity,D01,OPEN,adl_noerror/p06.t4.csv,normal
normal_p06_t4,t4,normal,2008-03-04T14:28:25.429900,Move within kitchen,activity,M17,ON,adl_noerror/p06.t4.csv,normal
normal_p06_t4,t4,normal,2008-03-04T14:28:26.533930,Take medicine container,activity,I06,ABSENT,adl_noerror/p06.t4.csv,normal
normal_p06_t4,t4,normal,2008-03-04T14:28:28.949420,Close kitchen cabinet,activity,D01,CLOSE,adl_noerror/p06.t4.csv,normal
normal_p06_t4,t4,normal,2008-03-04T14:28:32.772310,Move within kitchen,activity,M17,ON,adl_noerror/p06.t4.csv,normal
normal_p06_t4,t4,normal,2008-03-04T14:29:02.658249,Move from kitchen to dining room,activity,M15,ON,adl_noerror/p06.t4.csv,normal
normal_p06_t4,t4,normal,2008-03-04T14:29:03.609959,Move within dining room,activity,M14,ON,adl_noerror/p06.t4.csv,normal
normal_p06_t5,t5,normal,2008-03-04T14:40:49.814550,Enter dining room,activity,M14,ON,adl_noerror/p06.t5.csv,normal
normal_p06_t5,t5,normal,2008-03-04T14:40:52.689796,Move within dining room,activity,M13,ON,adl_noerror/p06.t5.csv,normal
normal_p06_t5,t5,normal,2008-03-04T14:41:04.123099,Move from dining room to kitchen,activity,M16,ON,adl_noerror/p06.t5.csv,normal
normal_p06_t5,t5,normal,2008-03-04T14:41:05.780753,Move within kitchen,activity,M17,ON,adl_noerror/p06.t5.csv,normal
normal_p06_t5,t5,normal,2008-03-04T14:41:56.203410,Use kitchen sink water,activity,AD1-B,0.0532039,adl_noerror/p06.t5.csv,normal
normal_p06_t5,t5,normal,2008-03-04T14:44:21.980850,Move within kitchen,activity,M17,ON,adl_noerror/p06.t5.csv,normal
normal_p06_t5,t5,normal,2008-03-04T14:44:35.120260,Use kitchen sink water,activity,AD1-B,0.494773,adl_noerror/p06.t5.csv,normal
normal_p06_t5,t5,normal,2008-03-04T14:46:10.829827,Move within kitchen,activity,M18,ON,adl_noerror/p06.t5.csv,normal
normal_p06_t5,t5,normal,2008-03-04T14:46:23.538200,Use kitchen sink water,activity,AD1-B,0.463015,adl_noerror/p06.t5.csv,normal
normal_p06_t5,t5,normal,2008-03-04T14:46:43.990724,Move within kitchen,activity,M17,ON,adl_noerror/p06.t5.csv,normal
normal_p06_t5,t5,normal,2008-03-04T14:47:28.243345,Open kitchen cabinet,activity,D01,OPEN,adl_noerror/p06.t5.csv,normal
normal_p06_t5,t5,normal,2008-03-04T14:47:43.152877,Take medicine container,activity,I06,ABSENT,adl_noerror/p06.t5.csv,normal
normal_p06_t5,t5,normal,2008-03-04T14:47:47.618722,Return oatmeal,activity,I01,PRESENT,adl_noerror/p06.t5.csv,normal
normal_p06_t5,t5,normal,2008-03-04T14:47:52.462058,Return measuring spoon,activity,I05,PRESENT,adl_noerror/p06.t5.csv,normal
normal_p06_t5,t5,normal,2008-03-04T14:47:52.713091,Take measuring spoon,activity,I05,ABSENT,adl_noerror/p06.t5.csv,normal
normal_p06_t5,t5,normal,2008-03-04T14:47:53.432902,Return measuring spoon,activity,I05,PRESENT,adl_noerror/p06.t5.csv,normal
normal_p06_t5,t5,normal,2008-03-04T14:47:55.368384,Move within kitchen,activity,M17,ON,adl_noerror/p06.t5.csv,normal
normal_p06_t5,t5,normal,2008-03-04T14:47:58.665519,Close kitchen cabinet,activity,D01,CLOSE,adl_noerror/p06.t5.csv,normal
normal_p07_t1,t1,normal,2008-03-04T15:07:22.429687,Enter dining room,activity,M01,ON,adl_noerror/p07.t1.csv,normal
normal_p07_t1,t1,normal,2008-03-04T15:07:23.682361,Move within dining room,activity,M07,ON,adl_noerror/p07.t1.csv,normal
normal_p07_t1,t1,normal,2008-03-04T15:07:29.692801,Take phone book,activity,I08,ABSENT,adl_noerror/p07.t1.csv,normal
normal_p07_t1,t1,normal,2008-03-04T15:07:32.644013,Move within dining room,activity,M14,ON,adl_noerror/p07.t1.csv,normal
normal_p07_t1,t1,normal,2008-03-04T15:08:12.000000,Start phone use,activity,asterisk,START,adl_noerror/p07.t1.csv,normal
normal_p07_t1,t1,normal,2008-03-04T15:08:20.575554,Move within dining room,activity,M14,ON,adl_noerror/p07.t1.csv,normal
normal_p07_t1,t1,normal,2008-03-04T15:09:22.000000,End phone use,activity,asterisk,END,adl_noerror/p07.t1.csv,normal
normal_p07_t2,t2,normal,2008-03-04T15:09:41.961614,Enter dining room,activity,M13,ON,adl_noerror/p07.t2.csv,normal
normal_p07_t2,t2,normal,2008-03-04T15:09:42.589478,Move within dining room,activity,M14,ON,adl_noerror/p07.t2.csv,normal
normal_p07_t2,t2,normal,2008-03-04T15:09:47.907999,Move from dining room to kitchen,activity,M16,ON,adl_noerror/p07.t2.csv,normal
normal_p07_t2,t2,normal,2008-03-04T15:09:49.243671,Move within kitchen,activity,M17,ON,adl_noerror/p07.t2.csv,normal
normal_p07_t2,t2,normal,2008-03-04T15:09:53.156420,Use kitchen sink water,activity,AD1-C,0.0429303,adl_noerror/p07.t2.csv,normal
normal_p07_t2,t2,normal,2008-03-04T15:10:06.890964,Move within kitchen,activity,M17,ON,adl_noerror/p07.t2.csv,normal
normal_p07_t3,t3,normal,2008-03-04T15:10:38.468907,Enter kitchen,activity,M17,ON,adl_noerror/p07.t3.csv,normal
normal_p07_t3,t3,normal,2008-03-04T15:10:39.640940,Open kitchen cabinet,activity,D01,OPEN,adl_noerror/p07.t3.csv,normal
normal_p07_t3,t3,normal,2008-03-04T15:10:41.865144,Take raisins,activity,I02,ABSENT,adl_noerror/p07.t3.csv,normal
normal_p07_t3,t3,normal,2008-03-04T15:10:44.561409,Take oatmeal,activity,I01,ABSENT,adl_noerror/p07.t3.csv,normal
normal_p07_t3,t3,normal,2008-03-04T15:10:46.497272,Take brown sugar,activity,I03,ABSENT,adl_noerror/p07.t3.csv,normal
normal_p07_t3,t3,normal,2008-03-04T15:10:50.514236,Take measuring spoon,activity,I05,ABSENT,adl_noerror/p07.t3.csv,normal
normal_p07_t3,t3,normal,2008-03-04T15:10:51.779887,Move within kitchen,activity,M17,ON,adl_noerror/p07.t3.csv,normal
normal_p07_t3,t3,normal,2008-03-04T15:10:55.618862,Take bowl,activity,I04,ABSENT,adl_noerror/p07.t3.csv,normal
normal_p07_t3,t3,normal,2008-03-04T15:10:56.552625,Move within kitchen,activity,M17,ON,adl_noerror/p07.t3.csv,normal
normal_p07_t3,t3,normal,2008-03-04T15:10:59.527833,Close kitchen cabinet,activity,D01,CLOSE,adl_noerror/p07.t3.csv,normal
normal_p07_t3,t3,normal,2008-03-04T15:11:02.483053,Move within kitchen,activity,M17,ON,adl_noerror/p07.t3.csv,normal
normal_p07_t3,t3,normal,2008-03-04T15:11:05.524324,Use kitchen sink water,activity,AD1-B,0.0376178,adl_noerror/p07.t3.csv,normal
normal_p07_t3,t3,normal,2008-03-04T15:11:15.102732,Move within kitchen,activity,M17,ON,adl_noerror/p07.t3.csv,normal
normal_p07_t3,t3,normal,2008-03-04T15:11:16.477361,Take pot,activity,I07,ABSENT,adl_noerror/p07.t3.csv,normal
normal_p07_t3,t3,normal,2008-03-04T15:11:29.900600,Use burner,activity,AD1-A,2.84293,adl_noerror/p07.t3.csv,normal
normal_p07_t3,t3,normal,2008-03-04T15:11:38.599432,Move within kitchen,activity,M17,ON,adl_noerror/p07.t3.csv,normal
normal_p07_t3,t3,normal,2008-03-04T15:14:23.117210,Use burner,activity,AD1-A,3.29536,adl_noerror/p07.t3.csv,normal
normal_p07_t3,t3,normal,2008-03-04T15:14:26.909743,Move within kitchen,activity,M17,ON,adl_noerror/p07.t3.csv,normal
normal_p07_t3,t3,normal,2008-03-04T15:15:32.193620,Use burner,activity,AD1-A,3.01262,adl_noerror/p07.t3.csv,normal
normal_p07_t3,t3,normal,2008-03-04T15:15:38.819549,Move within kitchen,activity,M17,ON,adl_noerror/p07.t3.csv,normal
normal_p07_t3,t3,normal,2008-03-04T15:16:05.613100,Use burner,activity,AD1-A,2.87043,adl_noerror/p07.t3.csv,normal
normal_p07_t3,t3,normal,2008-03-04T15:16:24.227980,Move within kitchen,activity,M17,ON,adl_noerror/p07.t3.csv,normal
normal_p07_t4,t4,normal,2008-03-04T15:17:10.303694,Enter kitchen,activity,M17,ON,adl_noerror/p07.t4.csv,normal
normal_p07_t4,t4,normal,2008-03-04T15:17:14.267580,Use kitchen sink water,activity,AD1-C,0.0360943,adl_noerror/p07.t4.csv,normal
normal_p07_t4,t4,normal,2008-03-04T15:17:21.879478,Move within kitchen,activity,M17,ON,adl_noerror/p07.t4.csv,normal
normal_p07_t4,t4,normal,2008-03-04T15:17:23.818994,Open kitchen cabinet,activity,D01,OPEN,adl_noerror/p07.t4.csv,normal
normal_p07_t4,t4,normal,2008-03-04T15:17:27.146331,Close kitchen cabinet,activity,D01,CLOSE,adl_noerror/p07.t4.csv,normal
normal_p07_t4,t4,normal,2008-03-04T15:17:29.462574,Move within kitchen,activity,M17,ON,adl_noerror/p07.t4.csv,normal
normal_p07_t4,t4,normal,2008-03-04T15:17:35.430496,Move from kitchen to dining room,activity,M15,ON,adl_noerror/p07.t4.csv,normal
normal_p07_t4,t4,normal,2008-03-04T15:17:35.954360,Move within dining room,activity,M14,ON,adl_noerror/p07.t4.csv,normal
normal_p07_t4,t4,normal,2008-03-04T15:17:39.537390,Move from dining room to kitchen,activity,M16,ON,adl_noerror/p07.t4.csv,normal
normal_p07_t4,t4,normal,2008-03-04T15:17:48.343047,Move from kitchen to dining room,activity,M13,ON,adl_noerror/p07.t4.csv,normal
normal_p07_t4,t4,normal,2008-03-04T15:18:13.773053,Move within dining room,activity,M14,ON,adl_noerror/p07.t4.csv,normal
normal_p07_t5,t5,normal,2008-03-04T15:18:52.283021,Enter dining room,activity,M14,ON,adl_noerror/p07.t5.csv,normal
normal_p07_t5,t5,normal,2008-03-04T15:19:04.785643,Move within dining room,activity,M15,ON,adl_noerror/p07.t5.csv,normal
normal_p07_t5,t5,normal,2008-03-04T15:19:05.516468,Move from dining room to kitchen,activity,M16,ON,adl_noerror/p07.t5.csv,normal
normal_p07_t5,t5,normal,2008-03-04T15:19:06.260245,Move within kitchen,activity,M17,ON,adl_noerror/p07.t5.csv,normal
normal_p07_t5,t5,normal,2008-03-04T15:19:38.170870,Use kitchen sink water,activity,AD1-C,0.060665,adl_noerror/p07.t5.csv,normal
normal_p07_t5,t5,normal,2008-03-04T15:20:23.577601,Move within kitchen,activity,M17,ON,adl_noerror/p07.t5.csv,normal
normal_p07_t5,t5,normal,2008-03-04T15:20:47.126740,Use kitchen sink water,activity,AD1-C,0.0447663,adl_noerror/p07.t5.csv,normal
normal_p07_t5,t5,normal,2008-03-04T15:25:28.558820,Move within kitchen,activity,M17,ON,adl_noerror/p07.t5.csv,normal
normal_p07_t5,t5,normal,2008-03-04T15:25:29.217420,Use kitchen sink water,activity,AD1-B,0.202698,adl_noerror/p07.t5.csv,normal
normal_p07_t5,t5,normal,2008-03-04T15:25:33.529929,Move within kitchen,activity,M17,ON,adl_noerror/p07.t5.csv,normal
normal_p07_t5,t5,normal,2008-03-04T15:25:38.669539,Open kitchen cabinet,activity,D01,OPEN,adl_noerror/p07.t5.csv,normal
normal_p07_t5,t5,normal,2008-03-04T15:25:43.739231,Return medicine container,activity,I06,PRESENT,adl_noerror/p07.t5.csv,normal
normal_p07_t5,t5,normal,2008-03-04T15:25:45.782655,Return bowl,activity,I04,PRESENT,adl_noerror/p07.t5.csv,normal
normal_p07_t5,t5,normal,2008-03-04T15:25:47.673139,Return measuring spoon,activity,I05,PRESENT,adl_noerror/p07.t5.csv,normal
normal_p07_t5,t5,normal,2008-03-04T15:25:47.948128,Take measuring spoon,activity,I05,ABSENT,adl_noerror/p07.t5.csv,normal
normal_p07_t5,t5,normal,2008-03-04T15:25:49.717598,Move within kitchen,activity,M17,ON,adl_noerror/p07.t5.csv,normal
normal_p07_t5,t5,normal,2008-03-04T15:25:54.344339,Close kitchen cabinet,activity,D01,CLOSE,adl_noerror/p07.t5.csv,normal
normal_p07_t5,t5,normal,2008-03-04T15:25:54.664248,Move within kitchen,activity,M18,ON,adl_noerror/p07.t5.csv,normal
normal_p07_t5,t5,normal,2008-03-04T15:25:59.403700,Use kitchen sink water,activity,AD1-B,0.0592978,adl_noerror/p07.t5.csv,normal
normal_p07_t5,t5,normal,2008-03-04T15:26:07.150110,Move within kitchen,activity,M17,ON,adl_noerror/p07.t5.csv,normal
normal_p08_t1,t1,normal,2008-03-04T16:12:51.650273,Enter corridor,activity,M23,ON,adl_noerror/p08.t1.csv,normal
normal_p08_t1,t1,normal,2008-03-04T16:12:51.975182,Move from corridor to dining room,activity,M01,ON,adl_noerror/p08.t1.csv,normal
normal_p08_t1,t1,normal,2008-03-04T16:12:53.897744,Move within dining room,activity,M07,ON,adl_noerror/p08.t1.csv,normal
normal_p08_t1,t1,normal,2008-03-04T16:12:59.448835,Take phone book,activity,I08,ABSENT,adl_noerror/p08.t1.csv,normal
normal_p08_t1,t1,normal,2008-03-04T16:13:00.404886,Move within dining room,activity,M14,ON,adl_noerror/p08.t1.csv,normal
normal_p08_t1,t1,normal,2008-03-04T16:14:10.000000,Start phone use,activity,asterisk,START,adl_noerror/p08.t1.csv,normal
normal_p08_t1,t1,normal,2008-03-04T16:14:12.431813,Move within dining room,activity,M14,ON,adl_noerror/p08.t1.csv,normal
normal_p08_t1,t1,normal,2008-03-04T16:14:59.000000,End phone use,activity,asterisk,END,adl_noerror/p08.t1.csv,normal
normal_p08_t1,t1,normal,2008-03-04T16:15:03.999130,Move within dining room,activity,M13,ON,adl_noerror/p08.t1.csv,normal
normal_p08_t2,t2,normal,2008-03-04T16:15:20.690417,Enter dining room,activity,M13,ON,adl_noerror/p08.t2.csv,normal
normal_p08_t2,t2,normal,2008-03-04T16:15:24.701643,Move within dining room,activity,M15,ON,adl_noerror/p08.t2.csv,normal
normal_p08_t2,t2,normal,2008-03-04T16:15:25.329405,Move from dining room to kitchen,activity,M16,ON,adl_noerror/p08.t2.csv,normal
normal_p08_t2,t2,normal,2008-03-04T16:15:26.479134,Move within kitchen,activity,M17,ON,adl_noerror/p08.t2.csv,normal
normal_p08_t2,t2,normal,2008-03-04T16:15:29.254350,Use kitchen sink water,activity,AD1-B,0.0798059,adl_noerror/p08.t2.csv,normal
normal_p08_t2,t2,normal,2008-03-04T16:15:29.753261,Move within kitchen,activity,M17,ON,adl_noerror/p08.t2.csv,normal
normal_p08_t3,t3,normal,2008-03-04T16:16:15.995909,Enter kitchen,activity,M17,ON,adl_noerror/p08.t3.csv,normal
normal_p08_t3,t3,normal,2008-03-04T16:16:28.814996,Move within kitchen,activity,M17,ON,adl_noerror/p08.t3.csv,normal
normal_p08_t3,t3,normal,2008-03-04T16:16:29.437032,Open kitchen cabinet,activity,D01,OPEN,adl_noerror/p08.t3.csv,normal
normal_p08_t3,t3,normal,2008-03-04T16:16:31.418591,Take pot,activity,I07,ABSENT,adl_noerror/p08.t3.csv,normal
normal_p08_t3,t3,normal,2008-03-04T16:16:33.592032,Move within kitchen,activity,M17,ON,adl_noerror/p08.t3.csv,normal
normal_p08_t3,t3,normal,2008-03-04T16:16:33.717051,Take oatmeal,activity,I01,ABSENT,adl_noerror/p08.t3.csv,normal
normal_p08_t3,t3,normal,2008-03-04T16:16:36.723163,Move within kitchen,activity,M17,ON,adl_noerror/p08.t3.csv,normal
normal_p08_t3,t3,normal,2008-03-04T16:16:38.662638,Take raisins,activity,I02,ABSENT,adl_noerror/p08.t3.csv,normal
normal_p08_t3,t3,normal,2008-03-04T16:16:40.122240,Take bowl,activity,I04,ABSENT,adl_noerror/p08.t3.csv,normal
normal_p08_t3,t3,normal,2008-03-04T16:16:41.481894,Take measuring spoon,activity,I05,ABSENT,adl_noerror/p08.t3.csv,normal
normal_p08_t3,t3,normal,2008-03-04T16:16:41.774786,Move within kitchen,activity,M17,ON,adl_noerror/p08.t3.csv,normal
normal_p08_t3,t3,normal,2008-03-04T16:16:43.600326,Close kitchen cabinet,activity,D01,CLOSE,adl_noerror/p08.t3.csv,normal
normal_p08_t3,t3,normal,2008-03-04T16:16:46.224619,Move within kitchen,activity,M17,ON,adl_noerror/p08.t3.csv,normal
normal_p08_t3,t3,normal,2008-03-04T16:16:47.333900,Use burner,activity,AD1-A,2.81989,adl_noerror/p08.t3.csv,normal
normal_p08_t3,t3,normal,2008-03-04T16:16:50.145020,Use kitchen sink water,activity,AD1-B,0.0455866,adl_noerror/p08.t3.csv,normal
normal_p08_t3,t3,normal,2008-03-04T16:16:56.515843,Move within kitchen,activity,M17,ON,adl_noerror/p08.t3.csv,normal
normal_p08_t3,t3,normal,2008-03-04T16:17:06.805125,Open kitchen cabinet,activity,D01,OPEN,adl_noerror/p08.t3.csv,normal
normal_p08_t3,t3,normal,2008-03-04T16:17:08.850249,Close kitchen cabinet,activity,D01,CLOSE,adl_noerror/p08.t3.csv,normal
normal_p08_t3,t3,normal,2008-03-04T16:17:14.572564,Open kitchen cabinet,activity,D01,OPEN,adl_noerror/p08.t3.csv,normal
normal_p08_t3,t3,normal,2008-03-04T16:17:14.706580,Move within kitchen,activity,M17,ON,adl_noerror/p08.t3.csv,normal
normal_p08_t3,t3,normal,2008-03-04T16:17:16.911914,Take brown sugar,activity,I03,ABSENT,adl_noerror/p08.t3.csv,normal
normal_p08_t3,t3,normal,2008-03-04T16:17:19.395246,Return brown sugar,activity,I03,PRESENT,adl_noerror/p08.t3.csv,normal
normal_p08_t3,t3,normal,2008-03-04T16:17:20.250560,Use burner,activity,AD1-A,3.25646,adl_noerror/p08.t3.csv,normal
normal_p08_t3,t3,normal,2008-03-04T16:17:20.579094,Move within kitchen,activity,M17,ON,adl_noerror/p08.t3.csv,normal
normal_p08_t3,t3,normal,2008-03-04T16:17:21.251004,Close kitchen cabinet,activity,D01,CLOSE,adl_noerror/p08.t3.csv,normal
normal_p08_t3,t3,normal,2008-03-04T16:17:34.529613,Move within kitchen,activity,M17,ON,adl_noerror/p08.t3.csv,normal
normal_p08_t3,t3,normal,2008-03-04T16:18:41.670076,Open kitchen cabinet,activity,D01,OPEN,adl_noerror/p08.t3.csv,normal
normal_p08_t3,t3,normal,2008-03-04T16:18:42.630176,Move within kitchen,activity,M17,ON,adl_noerror/p08.t3.csv,normal
normal_p08_t3,t3,normal,2008-03-04T16:18:44.796259,Close kitchen cabinet,activity,D01,CLOSE,adl_noerror/p08.t3.csv,normal
normal_p08_t3,t3,normal,2008-03-04T16:18:46.348069,Move within kitchen,activity,M17,ON,adl_noerror/p08.t3.csv,normal
normal_p08_t3,t3,normal,2008-03-04T16:19:02.479900,Use burner,activity,AD1-A,3.32669,adl_noerror/p08.t3.csv,normal
normal_p08_t3,t3,normal,2008-03-04T16:19:14.686410,Move within kitchen,activity,M17,ON,adl_noerror/p08.t3.csv,normal
normal_p08_t3,t3,normal,2008-03-04T16:19:47.154370,Use burner,activity,AD1-A,3.02325,adl_noerror/p08.t3.csv,normal
normal_p08_t3,t3,normal,2008-03-04T16:20:05.683637,Move within kitchen,activity,M17,ON,adl_noerror/p08.t3.csv,normal
normal_p08_t3,t3,normal,2008-03-04T16:20:17.948300,Use burner,activity,AD1-A,3.09075,adl_noerror/p08.t3.csv,normal
normal_p08_t3,t3,normal,2008-03-04T16:20:47.437628,Move within kitchen,activity,M17,ON,adl_noerror/p08.t3.csv,normal
normal_p08_t3,t3,normal,2008-03-04T16:21:59.213270,Use kitchen sink water,activity,AD1-B,0.039024,adl_noerror/p08.t3.csv,normal
normal_p08_t3,t3,normal,2008-03-04T16:22:04.401878,Move within kitchen,activity,M18,ON,adl_noerror/p08.t3.csv,normal
normal_p08_t3,t3,normal,2008-03-04T16:22:07.782204,Open kitchen cabinet,activity,D01,OPEN,adl_noerror/p08.t3.csv,normal
normal_p08_t3,t3,normal,2008-03-04T16:22:11.995565,Return bowl,activity,I04,PRESENT,adl_noerror/p08.t3.csv,normal
normal_p08_t4,t4,normal,2008-03-04T16:22:29.482851,Enter kitchen,activity,M17,ON,adl_noerror/p08.t4.csv,normal
normal_p08_t4,t4,normal,2008-03-04T16:22:29.772749,Return measuring spoon,activity,I05,PRESENT,adl_noerror/p08.t4.csv,normal
normal_p08_t4,t4,normal,2008-03-04T16:22:31.188388,Close kitchen cabinet,activity,D01,CLOSE,adl_noerror/p08.t4.csv,normal
normal_p08_t4,t4,normal,2008-03-04T16:22:58.470589,Move within kitchen,activity,M17,ON,adl_noerror/p08.t4.csv,normal
normal_p08_t4,t4,normal,2008-03-04T16:23:01.500000,Use kitchen sink water,activity,AD1-B,0.0686729,adl_noerror/p08.t4.csv,normal
normal_p08_t4,t4,normal,2008-03-04T16:23:03.476910,Open kitchen cabinet,activity,D01,OPEN,adl_noerror/p08.t4.csv,normal
normal_p08_t4,t4,normal,2008-03-04T16:23:04.735618,Take medicine container,activity,I06,ABSENT,adl_noerror/p08.t4.csv,normal
normal_p08_t4,t4,normal,2008-03-04T16:23:06.475243,Take brown sugar,activity,I03,ABSENT,adl_noerror/p08.t4.csv,normal
normal_p08_t4,t4,normal,2008-03-04T16:23:07.330939,Close kitchen cabinet,activity,D01,CLOSE,adl_noerror/p08.t4.csv,normal
normal_p08_t4,t4,normal,2008-03-04T16:23:15.636882,Move within kitchen,activity,M17,ON,adl_noerror/p08.t4.csv,normal
normal_p08_t4,t4,normal,2008-03-04T16:23:19.466379,Move from kitchen to dining room,activity,M15,ON,adl_noerror/p08.t4.csv,normal
normal_p08_t4,t4,normal,2008-03-04T16:23:20.464128,Move within dining room,activity,M14,ON,adl_noerror/p08.t4.csv,normal
normal_p08_t4,t4,normal,2008-03-04T16:23:38.224590,Use kitchen sink water,activity,AD1-C,0.0830872,adl_noerror/p08.t4.csv,normal
normal_p08_t4,t4,normal,2008-03-04T16:23:38.777313,Move from kitchen to dining room,activity,M14,ON,adl_noerror/p08.t4.csv,normal
normal_p08_t4,t4,normal,2008-03-04T16:23:40.250905,Move within dining room,activity,M14,ON,adl_noerror/p08.t4.csv,normal
normal_p08_t5,t5,normal,2008-03-04T16:24:15.759740,Enter dining room,activity,M14,ON,adl_noerror/p08.t5.csv,normal
normal_p08_t5,t5,normal,2008-03-04T16:24:15.883762,Move within dining room,activity,M13,ON,adl_noerror/p08.t5.csv,normal
normal_p08_t5,t5,normal,2008-03-04T16:24:29.876800,Use burner,activity,AD1-A,2.84989,adl_noerror/p08.t5.csv,normal
normal_p08_t5,t5,normal,2008-03-04T16:24:31.155302,Move from kitchen to dining room,activity,M14,ON,adl_noerror/p08.t5.csv,normal
normal_p08_t5,t5,normal,2008-03-04T16:24:32.483894,Move within dining room,activity,M13,ON,adl_noerror/p08.t5.csv,normal
normal_p08_t5,t5,normal,2008-03-04T16:24:33.757300,Move from dining room to kitchen,activity,M16,ON,adl_noerror/p08.t5.csv,normal
normal_p08_t5,t5,normal,2008-03-04T16:24:34.361391,Move within kitchen,activity,M17,ON,adl_noerror/p08.t5.csv,normal
normal_p08_t5,t5,normal,2008-03-04T16:24:43.958815,Open kitchen cabinet,activity,D01,OPEN,adl_noerror/p08.t5.csv,normal
normal_p08_t5,t5,normal,2008-03-04T16:24:45.374427,Move within kitchen,activity,M17,ON,adl_noerror/p08.t5.csv,normal
normal_p08_t5,t5,normal,2008-03-04T16:24:46.412148,Return medicine container,activity,I06,PRESENT,adl_noerror/p08.t5.csv,normal
normal_p08_t5,t5,normal,2008-03-04T16:24:49.379347,Close kitchen cabinet,activity,D01,CLOSE,adl_noerror/p08.t5.csv,normal
normal_p08_t5,t5,normal,2008-03-04T16:24:51.176846,Move within kitchen,activity,M18,ON,adl_noerror/p08.t5.csv,normal
normal_p08_t5,t5,normal,2008-03-04T16:25:11.190980,Use kitchen sink water,activity,AD1-B,0.0342974,adl_noerror/p08.t5.csv,normal
normal_p08_t5,t5,normal,2008-03-04T16:25:39.100910,Move within kitchen,activity,M17,ON,adl_noerror/p08.t5.csv,normal
normal_p08_t5,t5,normal,2008-03-04T16:25:53.212750,Use kitchen sink water,activity,AD1-B,0.4845,adl_noerror/p08.t5.csv,normal
normal_p08_t5,t5,normal,2008-03-04T16:26:17.520262,Move within kitchen,activity,M17,ON,adl_noerror/p08.t5.csv,normal
normal_p08_t5,t5,normal,2008-03-04T16:26:32.202390,Use kitchen sink water,activity,AD1-B,0.0353912,adl_noerror/p08.t5.csv,normal
normal_p08_t5,t5,normal,2008-03-04T16:27:09.101994,Move within kitchen,activity,M18,ON,adl_noerror/p08.t5.csv,normal
normal_p09_t1,t1,normal,2008-03-04T17:19:12.392100,Enter dining room,activity,M01,ON,adl_noerror/p09.t1.csv,normal
normal_p09_t1,t1,normal,2008-03-04T17:19:12.623147,Move within dining room,activity,M07,ON,adl_noerror/p09.t1.csv,normal
normal_p09_t1,t1,normal,2008-03-04T17:19:12.623147,Move from dining room to corridor,activity,M23,ON,adl_noerror/p09.t1.csv,normal
normal_p09_t1,t1,normal,2008-03-04T17:19:12.914991,Move from corridor to dining room,activity,M08,ON,adl_noerror/p09.t1.csv,normal
normal_p09_t1,t1,normal,2008-03-04T17:19:14.551587,Move within dining room,activity,M14,ON,adl_noerror/p09.t1.csv,normal
normal_p09_t1,t1,normal,2008-03-04T17:19:17.575806,Take phone book,activity,I08,ABSENT,adl_noerror/p09.t1.csv,normal
normal_p09_t1,t1,normal,2008-03-04T17:19:18.285556,Move within dining room,activity,M13,ON,adl_noerror/p09.t1.csv,normal
normal_p09_t1,t1,normal,2008-03-04T17:20:02.000000,Start phone use,activity,asterisk,START,adl_noerror/p09.t1.csv,normal
normal_p09_t1,t1,normal,2008-03-04T17:20:05.470892,Move within dining room,activity,M14,ON,adl_noerror/p09.t1.csv,normal
normal_p09_t1,t1,normal,2008-03-04T17:20:27.000000,End phone use,activity,asterisk,END,adl_noerror/p09.t1.csv,normal
normal_p09_t1,t1,normal,2008-03-04T17:20:28.449631,Move within dining room,activity,M13,ON,adl_noerror/p09.t1.csv,normal
normal_p09_t2,t2,normal,2008-03-04T17:20:52.919444,Enter dining room,activity,M15,ON,adl_noerror/p09.t2.csv,normal
normal_p09_t2,t2,normal,2008-03-04T17:20:53.619305,Move from dining room to kitchen,activity,M16,ON,adl_noerror/p09.t2.csv,normal
normal_p09_t2,t2,normal,2008-03-04T17:20:54.411051,Move within kitchen,activity,M17,ON,adl_noerror/p09.t2.csv,normal
normal_p09_t2,t2,normal,2008-03-04T17:20:59.254950,Use kitchen sink water,activity,AD1-B,0.0686729,adl_noerror/p09.t2.csv,normal
normal_p09_t2,t2,normal,2008-03-04T17:21:07.216266,Move within kitchen,activity,M17,ON,adl_noerror/p09.t2.csv,normal
normal_p09_t3,t3,normal,2008-03-04T17:21:21.266480,Enter kitchen,activity,M17,ON,adl_noerror/p09.t3.csv,normal
normal_p09_t3,t3,normal,2008-03-04T17:21:22.882053,Open kitchen cabinet,activity,D01,OPEN,adl_noerror/p09.t3.csv,normal
normal_p09_t3,t3,normal,2008-03-04T17:21:28.532491,Close kitchen cabinet,activity,D01,CLOSE,adl_noerror/p09.t3.csv,normal
normal_p09_t3,t3,normal,2008-03-04T17:21:28.670516,Move within kitchen,activity,M17,ON,adl_noerror/p09.t3.csv,normal
normal_p09_t3,t3,normal,2008-03-04T17:21:43.500100,Open kitchen cabinet,activity,D01,OPEN,adl_noerror/p09.t3.csv,normal
normal_p09_t3,t3,normal,2008-03-04T17:21:44.511157,Move within kitchen,activity,M17,ON,adl_noerror/p09.t3.csv,normal
normal_p09_t3,t3,normal,2008-03-04T17:21:45.112200,Return oatmeal,activity,I01,PRESENT,adl_noerror/p09.t3.csv,normal
normal_p09_t3,t3,normal,2008-03-04T17:21:45.666252,Take oatmeal,activity,I01,ABSENT,adl_noerror/p09.t3.csv,normal
normal_p09_t3,t3,normal,2008-03-04T17:21:47.521510,Take raisins,activity,I02,ABSENT,adl_noerror/p09.t3.csv,normal
normal_p09_t3,t3,normal,2008-03-04T17:21:48.347526,Take bowl,activity,I04,ABSENT,adl_noerror/p09.t3.csv,normal
normal_p09_t3,t3,normal,2008-03-04T17:21:50.481859,Take measuring spoon,activity,I05,ABSENT,adl_noerror/p09.t3.csv,normal
normal_p09_t3,t3,normal,2008-03-04T17:21:51.661190,Move within kitchen,activity,M17,ON,adl_noerror/p09.t3.csv,normal
normal_p09_t3,t3,normal,2008-03-04T17:21:52.963614,Take brown sugar,activity,I03,ABSENT,adl_noerror/p09.t3.csv,normal
normal_p09_t3,t3,normal,2008-03-04T17:21:54.334300,Move within kitchen,activity,M17,ON,adl_noerror/p09.t3.csv,normal
normal_p09_t3,t3,normal,2008-03-04T17:21:55.413990,Return brown sugar,activity,I03,PRESENT,adl_noerror/p09.t3.csv,normal
normal_p09_t3,t3,normal,2008-03-04T17:21:58.469761,Take pot,activity,I07,ABSENT,adl_noerror/p09.t3.csv,normal
normal_p09_t3,t3,normal,2008-03-04T17:21:59.451642,Move within kitchen,activity,M17,ON,adl_noerror/p09.t3.csv,normal
normal_p09_t3,t3,normal,2008-03-04T17:22:05.221020,Use burner,activity,AD1-A,2.79887,adl_noerror/p09.t3.csv,normal
normal_p09_t3,t3,normal,2008-03-04T17:22:05.449190,Move within kitchen,activity,M17,ON,adl_noerror/p09.t3.csv,normal
normal_p09_t3,t3,normal,2008-03-04T17:22:08.223370,Use kitchen sink water,activity,AD1-B,0.0447272,adl_noerror/p09.t3.csv,normal
normal_p09_t3,t3,normal,2008-03-04T17:22:22.313118,Move within kitchen,activity,M17,ON,adl_noerror/p09.t3.csv,normal
normal_p09_t3,t3,normal,2008-03-04T17:22:30.681853,Return measuring spoon,activity,I05,PRESENT,adl_noerror/p09.t3.csv,normal
normal_p09_t3,t3,normal,2008-03-04T17:22:38.530750,Move within kitchen,activity,M17,ON,adl_noerror/p09.t3.csv,normal
normal_p09_t3,t3,normal,2008-03-04T17:22:38.530750,Take measuring spoon,activity,I05,ABSENT,adl_noerror/p09.t3.csv,normal
normal_p09_t3,t3,normal,2008-03-04T17:22:47.133610,Use burner,activity,AD1-A,3.162,adl_noerror/p09.t3.csv,normal
normal_p09_t3,t3,normal,2008-03-04T17:22:51.251710,Move within kitchen,activity,M17,ON,adl_noerror/p09.t3.csv,normal
normal_p09_t3,t3,normal,2008-03-04T17:23:17.191070,Use burner,activity,AD1-A,3.08677,adl_noerror/p09.t3.csv,normal
normal_p09_t3,t3,normal,2008-03-04T17:23:21.922360,Move within kitchen,activity,M17,ON,adl_noerror/p09.t3.csv,normal
normal_p09_t3,t3,normal,2008-03-04T17:24:46.168189,Move from kitchen to dining room,activity,M15,ON,adl_noerror/p09.t3.csv,normal
normal_p09_t3,t3,normal,2008-03-04T17:25:06.268829,Move from dining room to kitchen,activity,M16,ON,adl_noerror/p09.t3.csv,normal
normal_p09_t3,t3,normal,2008-03-04T17:25:06.904864,Move from kitchen to dining room,activity,M15,ON,adl_noerror/p09.t3.csv,normal
normal_p09_t3,t3,normal,2008-03-04T17:25:10.279184,Move within dining room,activity,M15,ON,adl_noerror/p09.t3.csv,normal
normal_p09_t3,t3,normal,2008-03-04T17:25:17.741211,Move from dining room to kitchen,activity,M16,ON,adl_noerror/p09.t3.csv,normal
normal_p09_t3,t3,normal,2008-03-04T17:25:19.197853,Move from kitchen to dining room,activity,M15,ON,adl_noerror/p09.t3.csv,normal
normal_p09_t3,t3,normal,2008-03-04T17:25:21.742657,Move from dining room to kitchen,activity,M16,ON,adl_noerror/p09.t3.csv,normal
normal_p09_t3,t3,normal,2008-03-04T17:25:23.454473,Move within kitchen,activity,M16,ON,adl_noerror/p09.t3.csv,normal
normal_p09_t3,t3,normal,2008-03-04T17:25:23.454473,Move from kitchen to dining room,activity,M15,ON,adl_noerror/p09.t3.csv,normal
normal_p09_t3,t3,normal,2008-03-04T17:25:37.697259,Move within dining room,activity,M15,ON,adl_noerror/p09.t3.csv,normal
normal_p09_t3,t3,normal,2008-03-04T17:25:38.221350,Use burner,activity,AD1-A,3.01567,adl_noerror/p09.t3.csv,normal
normal_p09_t3,t3,normal,2008-03-04T17:25:45.313194,Move from kitchen to dining room,activity,M15,ON,adl_noerror/p09.t3.csv,normal
normal_p09_t3,t3,normal,2008-03-04T17:25:47.491615,Move from dining room to kitchen,activity,M16,ON,adl_noerror/p09.t3.csv,normal
normal_p09_t3,t3,normal,2008-03-04T17:26:14.224920,Use burner,activity,AD1-A,3.00505,adl_noerror/p09.t3.csv,normal
normal_p09_t3,t3,normal,2008-03-04T17:26:15.553616,Move from kitchen to dining room,activity,M15,ON,adl_noerror/p09.t3.csv,normal
normal_p09_t3,t3,normal,2008-03-04T17:26:15.553616,Move from dining room to kitchen,activity,M16,ON,adl_noerror/p09.t3.csv,normal
normal_p09_t3,t3,normal,2008-03-04T17:26:21.460054,Move from kitchen to dining room,activity,M15,ON,adl_noerror/p09.t3.csv,normal
normal_p09_t3,t3,normal,2008-03-04T17:26:21.597091,Move from dining room to kitchen,activity,M16,ON,adl_noerror/p09.t3.csv,normal
normal_p09_t3,t3,normal,2008-03-04T17:26:24.128359,Move within kitchen,activity,M16,ON,adl_noerror/p09.t3.csv,normal
normal_p09_t3,t3,normal,2008-03-04T17:26:24.644207,Move from kitchen to dining room,activity,M15,ON,adl_noerror/p09.t3.csv,normal
normal_p09_t3,t3,normal,2008-03-04T17:26:26.967616,Move from dining room to kitchen,activity,M16,ON,adl_noerror/p09.t3.csv,normal
normal_p09_t3,t3,normal,2008-03-04T17:26:34.565580,Move within kitchen,activity,M16,ON,adl_noerror/p09.t3.csv,normal
normal_p09_t3,t3,normal,2008-03-04T17:26:42.518279,Move from kitchen to dining room,activity,M15,ON,adl_noerror/p09.t3.csv,normal
normal_p09_t3,t3,normal,2008-03-04T17:26:42.716303,Move from dining room to kitchen,activity,M16,ON,adl_noerror/p09.t3.csv,normal
normal_p09_t3,t3,normal,2008-03-04T17:27:00.788065,Move from kitchen to dining room,activity,M15,ON,adl_noerror/p09.t3.csv,normal
normal_p09_t3,t3,normal,2008-03-04T17:27:03.513324,Move from dining room to kitchen,activity,M16,ON,adl_noerror/p09.t3.csv,normal
normal_p09_t3,t3,normal,2008-03-04T17:27:03.639344,Move from kitchen to dining room,activity,M15,ON,adl_noerror/p09.t3.csv,normal
normal_p09_t3,t3,normal,2008-03-04T17:27:09.233776,Move within dining room,activity,M15,ON,adl_noerror/p09.t3.csv,normal
normal_p09_t3,t3,normal,2008-03-04T17:27:11.983025,Move from dining room to kitchen,activity,M17,ON,adl_noerror/p09.t3.csv,normal
normal_p09_t3,t3,normal,2008-03-04T17:27:14.514368,Move within kitchen,activity,M17,ON,adl_noerror/p09.t3.csv,normal
normal_p09_t3,t3,normal,2008-03-04T17:27:41.184920,Use burner,activity,AD1-A,3.00731,adl_noerror/p09.t3.csv,normal
normal_p09_t3,t3,normal,2008-03-04T17:27:41.443448,Move within kitchen,activity,M17,ON,adl_noerror/p09.t3.csv,normal
normal_p09_t3,t3,normal,2008-03-04T17:28:11.900700,Use kitchen sink water,activity,AD1-B,0.0610166,adl_noerror/p09.t3.csv,normal
normal_p09_t3,t3,normal,2008-03-04T17:28:21.259272,Move within kitchen,activity,M17,ON,adl_noerror/p09.t3.csv,normal
normal_p09_t3,t3,normal,2008-03-04T17:28:35.240400,Use burner,activity,AD1-A,3.00637,adl_noerror/p09.t3.csv,normal
normal_p09_t3,t3,normal,2008-03-04T17:28:39.587998,Return raisins,activity,I02,PRESENT,adl_noerror/p09.t3.csv,normal
normal_p09_t3,t3,normal,2008-03-04T17:28:45.492866,Move within kitchen,activity,M17,ON,adl_noerror/p09.t3.csv,normal
normal_p09_t3,t3,normal,2008-03-04T17:29:08.126730,Use burner,activity,AD1-A,3.05942,adl_noerror/p09.t3.csv,normal
normal_p09_t3,t3,normal,2008-03-04T17:30:02.431914,Move within kitchen,activity,M17,ON,adl_noerror/p09.t3.csv,normal
normal_p09_t3,t3,normal,2008-03-04T17:30:20.828600,Use kitchen sink water,activity,AD1-B,0.0479304,adl_noerror/p09.t3.csv,normal
normal_p09_t3,t3,normal,2008-03-04T17:30:20.941064,Move within kitchen,activity,M17,ON,adl_noerror/p09.t3.csv,normal
normal_p09_t3,t3,normal,2008-03-04T17:31:08.418556,Return oatmeal,activity,I01,PRESENT,adl_noerror/p09.t3.csv,normal
normal_p09_t3,t3,normal,2008-03-04T17:31:19.843280,Move within kitchen,activity,M17,ON,adl_noerror/p09.t3.csv,normal
normal_p09_t3,t3,normal,2008-03-04T17:31:22.796323,Move from kitchen to dining room,activity,M15,ON,adl_noerror/p09.t3.csv,normal
normal_p09_t3,t3,normal,2008-03-04T17:31:23.669122,Move within dining room,activity,M14,ON,adl_noerror/p09.t3.csv,normal
normal_p09_t3,t3,normal,2008-03-04T17:31:54.417010,Move from dining room to kitchen,activity,M16,ON,adl_noerror/p09.t3.csv,normal
normal_p09_t3,t3,normal,2008-03-04T17:31:58.199364,Move within kitchen,activity,M17,ON,adl_noerror/p09.t3.csv,normal
normal_p09_t4,t4,normal,2008-03-04T17:32:34.966916,Enter kitchen,activity,M17,ON,adl_noerror/p09.t4.csv,normal
normal_p09_t4,t4,normal,2008-03-04T17:32:37.360268,Take brown sugar,activity,I03,ABSENT,adl_noerror/p09.t4.csv,normal
normal_p09_t4,t4,normal,2008-03-04T17:32:42.222024,Take medicine container,activity,I06,ABSENT,adl_noerror/p09.t4.csv,normal
normal_p09_t4,t4,normal,2008-03-04T17:32:42.948761,Move within kitchen,activity,M17,ON,adl_noerror/p09.t4.csv,normal
normal_p09_t4,t4,normal,2008-03-04T17:32:47.763000,Use kitchen sink water,activity,AD1-C,0.0339849,adl_noerror/p09.t4.csv,normal
normal_p09_t4,t4,normal,2008-03-04T17:32:48.415288,Move within kitchen,activity,M17,ON,adl_noerror/p09.t4.csv,normal
normal_p09_t4,t4,normal,2008-03-04T17:33:01.625742,Close kitchen cabinet,activity,D01,CLOSE,adl_noerror/p09.t4.csv,normal
normal_p09_t4,t4,normal,2008-03-04T17:33:03.726760,Move within kitchen,activity,M16,ON,adl_noerror/p09.t4.csv,normal
normal_p09_t4,t4,normal,2008-03-04T17:33:03.946773,Move from kitchen to dining room,activity,M15,ON,adl_noerror/p09.t4.csv,normal
normal_p09_t4,t4,normal,2008-03-04T17:33:04.888870,Move within dining room,activity,M14,ON,adl_noerror/p09.t4.csv,normal
normal_p09_t5,t5,normal,2008-03-04T17:37:58.416370,Enter dining room,activity,M14,ON,adl_noerror/p09.t5.csv,normal
normal_p09_t5,t5,normal,2008-03-04T17:37:59.864493,Move within dining room,activity,M15,ON,adl_noerror/p09.t5.csv,normal
normal_p09_t5,t5,normal,2008-03-04T17:38:00.514573,Move from dining room to kitchen,activity,M16,ON,adl_noerror/p09.t5.csv,normal
normal_p09_t5,t5,normal,2008-03-04T17:38:02.598764,Move within kitchen,activity,M17,ON,adl_noerror/p09.t5.csv,normal
normal_p09_t5,t5,normal,2008-03-04T17:38:08.515730,Open kitchen cabinet,activity,D01,OPEN,adl_noerror/p09.t5.csv,normal
normal_p09_t5,t5,normal,2008-03-04T17:38:10.945089,Return medicine container,activity,I06,PRESENT,adl_noerror/p09.t5.csv,normal
normal_p09_t5,t5,normal,2008-03-04T17:38:18.115114,Close kitchen cabinet,activity,D01,CLOSE,adl_noerror/p09.t5.csv,normal
normal_p09_t5,t5,normal,2008-03-04T17:38:26.169130,Use kitchen sink water,activity,AD1-B,0.037735,adl_noerror/p09.t5.csv,normal
normal_p09_t5,t5,normal,2008-03-04T17:38:44.527923,Move within kitchen,activity,M17,ON,adl_noerror/p09.t5.csv,normal
normal_p09_t5,t5,normal,2008-03-04T17:39:47.270300,Use kitchen sink water,activity,AD1-B,0.495398,adl_noerror/p09.t5.csv,normal
normal_p09_t5,t5,normal,2008-03-04T17:39:54.570200,Move within kitchen,activity,M17,ON,adl_noerror/p09.t5.csv,normal
normal_p09_t5,t5,normal,2008-03-04T17:40:17.682600,Use kitchen sink water,activity,AD1-B,0.0592587,adl_noerror/p09.t5.csv,normal
normal_p09_t5,t5,normal,2008-03-04T17:40:29.957567,Move within kitchen,activity,M18,ON,adl_noerror/p09.t5.csv,normal
normal_p09_t5,t5,normal,2008-03-04T17:41:44.160700,Use kitchen sink water,activity,AD1-B,0.0362506,adl_noerror/p09.t5.csv,normal
normal_p09_t5,t5,normal,2008-03-04T17:41:54.575788,Move within kitchen,activity,M17,ON,adl_noerror/p09.t5.csv,normal
normal_p10_t1,t1,normal,2008-03-04T17:57:09.605270,Enter dining room,activity,M01,ON,adl_noerror/p10.t1.csv,normal
normal_p10_t1,t1,normal,2008-03-04T17:57:10.424127,Move within dining room,activity,M08,ON,adl_noerror/p10.t1.csv,normal
normal_p10_t1,t1,normal,2008-03-04T17:58:26.000000,Start phone use,activity,asterisk,START,adl_noerror/p10.t1.csv,normal
normal_p10_t1,t1,normal,2008-03-04T17:58:29.524291,Move within dining room,activity,M14,ON,adl_noerror/p10.t1.csv,normal
normal_p10_t1,t1,normal,2008-03-04T17:58:53.000000,End phone use,activity,asterisk,END,adl_noerror/p10.t1.csv,normal
normal_p10_t1,t1,normal,2008-03-04T17:58:53.943588,Move within dining room,activity,M14,ON,adl_noerror/p10.t1.csv,normal
normal_p10_t2,t2,normal,2008-03-04T17:59:19.111438,Enter dining room,activity,M14,ON,adl_noerror/p10.t2.csv,normal
normal_p10_t2,t2,normal,2008-03-04T17:59:19.841329,Move within dining room,activity,M13,ON,adl_noerror/p10.t2.csv,normal
normal_p10_t2,t2,normal,2008-03-04T17:59:21.444211,Move from dining room to kitchen,activity,M16,ON,adl_noerror/p10.t2.csv,normal
normal_p10_t2,t2,normal,2008-03-04T17:59:22.802040,Move within kitchen,activity,M17,ON,adl_noerror/p10.t2.csv,normal
normal_p10_t2,t2,normal,2008-03-04T17:59:24.279721,Take pot,activity,I07,ABSENT,adl_noerror/p10.t2.csv,normal
normal_p10_t2,t2,normal,2008-03-04T17:59:35.240450,Use kitchen sink water,activity,AD1-B,0.0373443,adl_noerror/p10.t2.csv,normal
normal_p10_t2,t2,normal,2008-03-04T18:00:09.548069,Move within kitchen,activity,M17,ON,adl_noerror/p10.t2.csv,normal
normal_p10_t2,t2,normal,2008-03-04T18:00:11.106260,Use kitchen sink water,activity,AD1-B,0.497429,adl_noerror/p10.t2.csv,normal
normal_p10_t2,t2,normal,2008-03-04T18:00:33.349929,Move within kitchen,activity,M18,ON,adl_noerror/p10.t2.csv,normal
normal_p10_t3,t3,normal,2008-03-04T18:00:55.223593,Enter kitchen,activity,M17,ON,adl_noerror/p10.t3.csv,normal
normal_p10_t3,t3,normal,2008-03-04T18:00:56.818160,Open kitchen cabinet,activity,D01,OPEN,adl_noerror/p10.t3.csv,normal
normal_p10_t3,t3,normal,2008-03-04T18:00:59.485442,Take raisins,activity,I02,ABSENT,adl_noerror/p10.t3.csv,normal
normal_p10_t3,t3,normal,2008-03-04T18:01:01.286945,Take measuring spoon,activity,I05,ABSENT,adl_noerror/p10.t3.csv,normal
normal_p10_t3,t3,normal,2008-03-04T18:01:08.505900,Use kitchen sink water,activity,AD1-C,0.0389459,adl_noerror/p10.t3.csv,normal
normal_p10_t3,t3,normal,2008-03-04T18:01:11.684083,Move within kitchen,activity,M17,ON,adl_noerror/p10.t3.csv,normal
normal_p10_t3,t3,normal,2008-03-04T18:01:26.511819,Return measuring spoon,activity,I05,PRESENT,adl_noerror/p10.t3.csv,normal
normal_p10_t3,t3,normal,2008-03-04T18:01:26.691000,Use burner,activity,AD1-A,2.83465,adl_noerror/p10.t3.csv,normal
normal_p10_t3,t3,normal,2008-03-04T18:01:30.805465,Take measuring spoon,activity,I05,ABSENT,adl_noerror/p10.t3.csv,normal
normal_p10_t3,t3,normal,2008-03-04T18:01:31.592272,Move within kitchen,activity,M17,ON,adl_noerror/p10.t3.csv,normal
normal_p10_t3,t3,normal,2008-03-04T18:02:01.167661,Return raisins,activity,I02,PRESENT,adl_noerror/p10.t3.csv,normal
normal_p10_t3,t3,normal,2008-03-04T18:02:02.496330,Move within kitchen,activity,M17,ON,adl_noerror/p10.t3.csv,normal
normal_p10_t3,t3,normal,2008-03-04T18:02:11.219200,Use burner,activity,AD1-A,3.19427,adl_noerror/p10.t3.csv,normal
normal_p10_t3,t3,normal,2008-03-04T18:02:50.474539,Move within kitchen,activity,M17,ON,adl_noerror/p10.t3.csv,normal
normal_p10_t3,t3,normal,2008-03-04T18:03:26.184620,Use burner,activity,AD1-A,3.08802,adl_noerror/p10.t3.csv,normal
normal_p10_t3,t3,normal,2008-03-04T18:03:37.306451,Take bowl,activity,I04,ABSENT,adl_noerror/p10.t3.csv,normal
normal_p10_t3,t3,normal,2008-03-04T18:03:43.431889,Move within kitchen,activity,M17,ON,adl_noerror/p10.t3.csv,normal
normal_p10_t3,t3,normal,2008-03-04T18:04:11.211650,Use burner,activity,AD1-A,3.3038,adl_noerror/p10.t3.csv,normal
normal_p10_t3,t3,normal,2008-03-04T18:05:00.456701,Move within kitchen,activity,M17,ON,adl_noerror/p10.t3.csv,normal
normal_p10_t3,t3,normal,2008-03-04T18:05:14.103450,Use kitchen sink water,activity,AD1-C,0.0361334,adl_noerror/p10.t3.csv,normal
normal_p10_t3,t3,normal,2008-03-04T18:05:21.403044,Move within kitchen,activity,M17,ON,adl_noerror/p10.t3.csv,normal
normal_p10_t3,t3,normal,2008-03-04T18:05:48.878492,Take brown sugar,activity,I03,ABSENT,adl_noerror/p10.t3.csv,normal
normal_p10_t3,t3,normal,2008-03-04T18:05:49.746267,Move within kitchen,activity,M17,ON,adl_noerror/p10.t3.csv,normal
normal_p10_t3,t3,normal,2008-03-04T18:05:51.533784,Return brown sugar,activity,I03,PRESENT,adl_noerror/p10.t3.csv,normal
normal_p10_t3,t3,normal,2008-03-04T18:05:53.513305,Take oatmeal,activity,I01,ABSENT,adl_noerror/p10.t3.csv,normal
normal_p10_t3,t3,normal,2008-03-04T18:05:55.363290,Move within kitchen,activity,M17,ON,adl_noerror/p10.t3.csv,normal
normal_p10_t3,t3,normal,2008-03-04T18:06:02.462000,Use burner,activity,AD1-A,3.04497,adl_noerror/p10.t3.csv,normal
normal_p10_t3,t3,normal,2008-03-04T18:06:22.113763,Move within kitchen,activity,M17,ON,adl_noerror/p10.t3.csv,normal
normal_p10_t3,t3,normal,2008-03-04T18:06:26.223300,Use kitchen sink water,activity,AD1-C,0.0391803,adl_noerror/p10.t3.csv,normal
normal_p10_t3,t3,normal,2008-03-04T18:06:29.874311,Move within kitchen,activity,M17,ON,adl_noerror/p10.t3.csv,normal
normal_p10_t4,t4,normal,2008-03-04T18:07:15.264753,Enter kitchen,activity,M17,ON,adl_noerror/p10.t4.csv,normal
normal_p10_t4,t4,normal,2008-03-04T18:07:16.714650,Move within kitchen,activity,M18,ON,adl_noerror/p10.t4.csv,normal
normal_p10_t4,t4,normal,2008-03-04T18:07:22.268507,Return oatmeal,activity,I01,PRESENT,adl_noerror/p10.t4.csv,normal
normal_p10_t4,t4,normal,2008-03-04T18:07:24.915920,Close kitchen cabinet,activity,D01,CLOSE,adl_noerror/p10.t4.csv,normal
normal_p10_t4,t4,normal,2008-03-04T18:07:25.170005,Move within kitchen,activity,M17,ON,adl_noerror/p10.t4.csv,normal
normal_p10_t4,t4,normal,2008-03-04T18:07:45.946716,Open kitchen cabinet,activity,D01,OPEN,adl_noerror/p10.t4.csv,normal
normal_p10_t4,t4,normal,2008-03-04T18:07:47.478314,Take medicine container,activity,I06,ABSENT,adl_noerror/p10.t4.csv,normal
normal_p10_t4,t4,normal,2008-03-04T18:07:48.922914,Take brown sugar,activity,I03,ABSENT,adl_noerror/p10.t4.csv,normal
normal_p10_t4,t4,normal,2008-03-04T18:07:50.622497,Close kitchen cabinet,activity,D01,CLOSE,adl_noerror/p10.t4.csv,normal
normal_p10_t4,t4,normal,2008-03-04T18:07:56.229130,Use kitchen sink water,activity,AD1-C,0.034649,adl_noerror/p10.t4.csv,normal
normal_p10_t4,t4,normal,2008-03-04T18:08:02.520247,Move within kitchen,activity,M17,ON,adl_noerror/p10.t4.csv,normal
normal_p10_t4,t4,normal,2008-03-04T18:08:11.554497,Move from kitchen to dining room,activity,M15,ON,adl_noerror/p10.t4.csv,normal
normal_p10_t4,t4,normal,2008-03-04T18:08:11.554497,Move within dining room,activity,M14,ON,adl_noerror/p10.t4.csv,normal
normal_p10_t5,t5,normal,2008-03-04T18:09:37.323638,Enter dining room,activity,M13,ON,adl_noerror/p10.t5.csv,normal
normal_p10_t5,t5,normal,2008-03-04T18:09:40.834790,Move within dining room,activity,M14,ON,adl_noerror/p10.t5.csv,normal
normal_p10_t5,t5,normal,2008-03-04T18:09:42.967021,Move from dining room to kitchen,activity,M16,ON,adl_noerror/p10.t5.csv,normal
normal_p10_t5,t5,normal,2008-03-04T18:09:44.440128,Move within kitchen,activity,M17,ON,adl_noerror/p10.t5.csv,normal
normal_p10_t5,t5,normal,2008-03-04T18:09:46.643308,Open kitchen cabinet,activity,D01,OPEN,adl_noerror/p10.t5.csv,normal
normal_p10_t5,t5,normal,2008-03-04T18:09:48.387225,Return medicine container,activity,I06,PRESENT,adl_noerror/p10.t5.csv,normal
normal_p10_t5,t5,normal,2008-03-04T18:09:49.177106,Move within kitchen,activity,M17,ON,adl_noerror/p10.t5.csv,normal
normal_p10_t5,t5,normal,2008-03-04T18:09:49.826950,Close kitchen cabinet,activity,D01,CLOSE,adl_noerror/p10.t5.csv,normal
normal_p10_t5,t5,normal,2008-03-04T18:09:53.130270,Use kitchen sink water,activity,AD1-B,0.0352349,adl_noerror/p10.t5.csv,normal
normal_p10_t5,t5,normal,2008-03-04T18:12:22.449351,Move within kitchen,activity,M18,ON,adl_noerror/p10.t5.csv,normal
normal_p10_t5,t5,normal,2008-03-04T18:13:08.255330,Use kitchen sink water,activity,AD1-C,0.139768,adl_noerror/p10.t5.csv,normal
normal_p10_t5,t5,normal,2008-03-04T18:13:09.118693,Move within kitchen,activity,M17,ON,adl_noerror/p10.t5.csv,normal
normal_p11_t1,t1,normal,2008-03-06T10:46:30.397710,Enter dining room,activity,M01,ON,adl_noerror/p11.t1.csv,normal
normal_p11_t1,t1,normal,2008-03-06T10:46:30.713594,Move within dining room,activity,M07,ON,adl_noerror/p11.t1.csv,normal
normal_p11_t1,t1,normal,2008-03-06T10:46:38.764511,Take phone book,activity,I08,ABSENT,adl_noerror/p11.t1.csv,normal
normal_p11_t1,t1,normal,2008-03-06T10:46:54.341840,Move within dining room,activity,M13,ON,adl_noerror/p11.t1.csv,normal
normal_p11_t1,t1,normal,2008-03-06T10:47:23.000000,Start phone use,activity,asterisk,START,adl_noerror/p11.t1.csv,normal
normal_p11_t1,t1,normal,2008-03-06T10:47:47.566554,Move within dining room,activity,M13,ON,adl_noerror/p11.t1.csv,normal
normal_p11_t1,t1,normal,2008-03-06T10:48:37.000000,End phone use,activity,asterisk,END,adl_noerror/p11.t1.csv,normal
normal_p11_t2,t2,normal,2008-03-06T10:49:04.664106,Enter dining room,activity,M13,ON,adl_noerror/p11.t2.csv,normal
normal_p11_t2,t2,normal,2008-03-06T10:49:09.371153,Move within dining room,activity,M14,ON,adl_noerror/p11.t2.csv,normal
normal_p11_t2,t2,normal,2008-03-06T10:49:11.674869,Move from dining room to kitchen,activity,M16,ON,adl_noerror/p11.t2.csv,normal
normal_p11_t2,t2,normal,2008-03-06T10:49:13.565280,Move within kitchen,activity,M17,ON,adl_noerror/p11.t2.csv,normal
normal_p11_t2,t2,normal,2008-03-06T10:49:32.822000,Use kitchen sink water,activity,AD1-B,0.0756262,adl_noerror/p11.t2.csv,normal
normal_p11_t2,t2,normal,2008-03-06T10:49:42.644887,Move within kitchen,activity,M17,ON,adl_noerror/p11.t2.csv,normal
normal_p11_t3,t3,normal,2008-03-06T10:50:40.167867,Enter kitchen,activity,M17,ON,adl_noerror/p11.t3.csv,normal
normal_p11_t3,t3,normal,2008-03-06T10:50:40.929677,Open kitchen cabinet,activity,D01,OPEN,adl_noerror/p11.t3.csv,normal
normal_p11_t3,t3,normal,2008-03-06T10:50:43.666904,Take raisins,activity,I02,ABSENT,adl_noerror/p11.t3.csv,normal
normal_p11_t3,t3,normal,2008-03-06T10:50:46.110222,Take oatmeal,activity,I01,ABSENT,adl_noerror/p11.t3.csv,normal
normal_p11_t3,t3,normal,2008-03-06T10:50:49.479291,Take bowl,activity,I04,ABSENT,adl_noerror/p11.t3.csv,normal
normal_p11_t3,t3,normal,2008-03-06T10:50:53.303260,Take measuring spoon,activity,I05,ABSENT,adl_noerror/p11.t3.csv,normal
normal_p11_t3,t3,normal,2008-03-06T10:50:57.743994,Take brown sugar,activity,I03,ABSENT,adl_noerror/p11.t3.csv,normal
normal_p11_t3,t3,normal,2008-03-06T10:51:05.518835,Take pot,activity,I07,ABSENT,adl_noerror/p11.t3.csv,normal
normal_p11_t3,t3,normal,2008-03-06T10:51:08.517986,Move within kitchen,activity,M17,ON,adl_noerror/p11.t3.csv,normal
normal_p11_t3,t3,normal,2008-03-06T10:51:10.289545,Close kitchen cabinet,activity,D01,CLOSE,adl_noerror/p11.t3.csv,normal
normal_p11_t3,t3,normal,2008-03-06T10:51:18.606772,Move within kitchen,activity,M17,ON,adl_noerror/p11.t3.csv,normal
normal_p11_t3,t3,normal,2008-03-06T10:51:23.447500,Use kitchen sink water,activity,AD1-B,0.053243,adl_noerror/p11.t3.csv,normal
normal_p11_t3,t3,normal,2008-03-06T10:51:27.267050,Move within kitchen,activity,M17,ON,adl_noerror/p11.t3.csv,normal
normal_p11_t3,t3,normal,2008-03-06T10:51:44.203200,Use burner,activity,AD1-A,2.80637,adl_noerror/p11.t3.csv,normal
normal_p11_t3,t3,normal,2008-03-06T10:51:44.588984,Move within kitchen,activity,M17,ON,adl_noerror/p11.t3.csv,normal
normal_p11_t3,t3,normal,2008-03-06T10:52:17.780000,Use burner,activity,AD1-A,3.29622,adl_noerror/p11.t3.csv,normal
normal_p11_t3,t3,normal,2008-03-06T10:52:46.335790,Move within kitchen,activity,M17,ON,adl_noerror/p11.t3.csv,normal
normal_p11_t3,t3,normal,2008-03-06T10:53:02.714100,Use burner,activity,AD1-A,3.10606,adl_noerror/p11.t3.csv,normal
normal_p11_t3,t3,normal,2008-03-06T10:54:16.836267,Move within kitchen,activity,M17,ON,adl_noerror/p11.t3.csv,normal
normal_p11_t3,t3,normal,2008-03-06T10:55:05.656000,Use burner,activity,AD1-A,3.2956,adl_noerror/p11.t3.csv,normal
normal_p11_t3,t3,normal,2008-03-06T10:55:21.812290,Move within kitchen,activity,M17,ON,adl_noerror/p11.t3.csv,normal
normal_p11_t3,t3,normal,2008-03-06T10:55:44.113510,Use burner,activity,AD1-A,2.98278,adl_noerror/p11.t3.csv,normal
normal_p11_t3,t3,normal,2008-03-06T10:56:52.368285,Move within kitchen,activity,M17,ON,adl_noerror/p11.t3.csv,normal
normal_p11_t3,t3,normal,2008-03-06T10:56:53.936000,Use burner,activity,AD1-A,3.04427,adl_noerror/p11.t3.csv,normal
normal_p11_t3,t3,normal,2008-03-06T10:56:54.958515,Move within kitchen,activity,M17,ON,adl_noerror/p11.t3.csv,normal
normal_p11_t4,t4,normal,2008-03-06T10:59:03.319000,Enter kitchen,activity,M17,ON,adl_noerror/p11.t4.csv,normal
normal_p11_t4,t4,normal,2008-03-06T10:59:08.870000,Use kitchen sink water,activity,AD1-C,0.0629697,adl_noerror/p11.t4.csv,normal
normal_p11_t4,t4,normal,2008-03-06T10:59:13.975456,Move within kitchen,activity,M17,ON,adl_noerror/p11.t4.csv,normal
normal_p11_t4,t4,normal,2008-03-06T10:59:16.224829,Open kitchen cabinet,activity,D01,OPEN,adl_noerror/p11.t4.csv,normal
normal_p11_t4,t4,normal,2008-03-06T10:59:19.725904,Take medicine container,activity,I06,ABSENT,adl_noerror/p11.t4.csv,normal
normal_p11_t4,t4,normal,2008-03-06T10:59:21.305757,Move within kitchen,activity,M17,ON,adl_noerror/p11.t4.csv,normal
normal_p11_t4,t4,normal,2008-03-06T10:59:23.436546,Close kitchen cabinet,activity,D01,CLOSE,adl_noerror/p11.t4.csv,normal
normal_p11_t4,t4,normal,2008-03-06T10:59:31.777152,Move within kitchen,activity,M17,ON,adl_noerror/p11.t4.csv,normal
normal_p11_t4,t4,normal,2008-03-06T10:59:38.634001,Move from kitchen to dining room,activity,M15,ON,adl_noerror/p11.t4.csv,normal
normal_p11_t4,t4,normal,2008-03-06T10:59:39.552731,Move within dining room,activity,M14,ON,adl_noerror/p11.t4.csv,normal
normal_p11_t4,t4,normal,2008-03-06T10:59:42.775825,Move from dining room to kitchen,activity,M16,ON,adl_noerror/p11.t4.csv,normal
normal_p11_t4,t4,normal,2008-03-06T11:00:15.159175,Move from kitchen to dining room,activity,M13,ON,adl_noerror/p11.t4.csv,normal
normal_p11_t4,t4,normal,2008-03-06T11:00:25.371622,Move within dining room,activity,M13,ON,adl_noerror/p11.t4.csv,normal
normal_p11_t5,t5,normal,2008-03-06T11:01:35.624100,Enter dining room,activity,M13,ON,adl_noerror/p11.t5.csv,normal
normal_p11_t5,t5,normal,2008-03-06T11:01:48.461355,Move within dining room,activity,M14,ON,adl_noerror/p11.t5.csv,normal
normal_p11_t5,t5,normal,2008-03-06T11:01:50.537562,Move from dining room to kitchen,activity,M16,ON,adl_noerror/p11.t5.csv,normal
normal_p11_t5,t5,normal,2008-03-06T11:01:52.785510,Move within kitchen,activity,M17,ON,adl_noerror/p11.t5.csv,normal
normal_p11_t5,t5,normal,2008-03-06T11:02:32.227300,Use kitchen sink water,activity,AD1-B,0.0448444,adl_noerror/p11.t5.csv,normal
normal_p11_t5,t5,normal,2008-03-06T11:03:20.812018,Move within kitchen,activity,M17,ON,adl_noerror/p11.t5.csv,normal
normal_p11_t5,t5,normal,2008-03-06T11:03:50.948900,Use kitchen sink water,activity,AD1-B,0.286176,adl_noerror/p11.t5.csv,normal
normal_p11_t5,t5,normal,2008-03-06T11:04:50.632591,Move within kitchen,activity,M18,ON,adl_noerror/p11.t5.csv,normal
normal_p11_t5,t5,normal,2008-03-06T11:05:20.156620,Use kitchen sink water,activity,AD1-B,0.244418,adl_noerror/p11.t5.csv,normal
normal_p11_t5,t5,normal,2008-03-06T11:05:27.986436,Move within kitchen,activity,M17,ON,adl_noerror/p11.t5.csv,normal
normal_p11_t5,t5,normal,2008-03-06T11:06:38.177740,Use kitchen sink water,activity,AD1-B,0.222347,adl_noerror/p11.t5.csv,normal
normal_p11_t5,t5,normal,2008-03-06T11:06:40.667079,Move within kitchen,activity,M17,ON,adl_noerror/p11.t5.csv,normal
normal_p11_t5,t5,normal,2008-03-06T11:06:48.702815,Open kitchen cabinet,activity,D01,OPEN,adl_noerror/p11.t5.csv,normal
normal_p11_t5,t5,normal,2008-03-06T11:06:55.135037,Return raisins,activity,I02,PRESENT,adl_noerror/p11.t5.csv,normal
normal_p11_t5,t5,normal,2008-03-06T11:06:56.514672,Return oatmeal,activity,I01,PRESENT,adl_noerror/p11.t5.csv,normal
normal_p11_t5,t5,normal,2008-03-06T11:06:59.513834,Return medicine container,activity,I06,PRESENT,adl_noerror/p11.t5.csv,normal
normal_p11_t5,t5,normal,2008-03-06T11:07:03.877233,Close kitchen cabinet,activity,D01,CLOSE,adl_noerror/p11.t5.csv,normal
normal_p12_t1,t1,normal,2008-03-24T14:24:09.578509,Enter dining room,activity,M01,ON,adl_noerror/p12.t1.csv,normal
normal_p12_t1,t1,normal,2008-03-24T14:24:43.241663,Move within dining room,activity,M01,ON,adl_noerror/p12.t1.csv,normal
normal_p12_t1,t1,normal,2008-03-24T14:24:50.615955,Take phone book,activity,I08,ABSENT,adl_noerror/p12.t1.csv,normal
normal_p12_t1,t1,normal,2008-03-24T14:25:02.191167,Move within dining room,activity,M13,ON,adl_noerror/p12.t1.csv,normal
normal_p12_t1,t1,normal,2008-03-24T14:28:18.000000,Start phone use,activity,asterisk,START,adl_noerror/p12.t1.csv,normal
normal_p12_t1,t1,normal,2008-03-24T14:28:21.469674,Move within dining room,activity,M13,ON,adl_noerror/p12.t1.csv,normal
normal_p12_t1,t1,normal,2008-03-24T14:29:08.000000,End phone use,activity,asterisk,END,adl_noerror/p12.t1.csv,normal
normal_p12_t1,t1,normal,2008-03-24T14:29:11.764160,Move within dining room,activity,M13,ON,adl_noerror/p12.t1.csv,normal
normal_p12_t1,t1,normal,2008-03-24T14:29:17.586143,Return phone book,activity,I08,PRESENT,adl_noerror/p12.t1.csv,normal
normal_p12_t2,t2,normal,2008-03-24T14:29:30.535654,Enter dining room,activity,M13,ON,adl_noerror/p12.t2.csv,normal
normal_p12_t2,t2,normal,2008-03-24T14:29:34.242636,Move within dining room,activity,M14,ON,adl_noerror/p12.t2.csv,normal
normal_p12_t2,t2,normal,2008-03-24T14:29:35.968185,Move from dining room to kitchen,activity,M16,ON,adl_noerror/p12.t2.csv,normal
normal_p12_t2,t2,normal,2008-03-24T14:29:37.197856,Move within kitchen,activity,M17,ON,adl_noerror/p12.t2.csv,normal
normal_p12_t2,t2,normal,2008-03-24T14:29:42.347900,Use kitchen sink water,activity,AD1-B,0.0466804,adl_noerror/p12.t2.csv,normal
normal_p12_t2,t2,normal,2008-03-24T14:29:53.393416,Move within kitchen,activity,M17,ON,adl_noerror/p12.t2.csv,normal
normal_p12_t3,t3,normal,2008-03-24T14:30:26.865667,Enter kitchen,activity,M17,ON,adl_noerror/p12.t3.csv,normal
normal_p12_t3,t3,normal,2008-03-24T14:30:28.576827,Open kitchen cabinet,activity,D01,OPEN,adl_noerror/p12.t3.csv,normal
normal_p12_t3,t3,normal,2008-03-24T14:30:31.159200,Take raisins,activity,I02,ABSENT,adl_noerror/p12.t3.csv,normal
normal_p12_t3,t3,normal,2008-03-24T14:30:32.695698,Take oatmeal,activity,I01,ABSENT,adl_noerror/p12.t3.csv,normal
normal_p12_t3,t3,normal,2008-03-24T14:30:35.207003,Take brown sugar,activity,I03,ABSENT,adl_noerror/p12.t3.csv,normal
normal_p12_t3,t3,normal,2008-03-24T14:30:40.761457,Take bowl,activity,I04,ABSENT,adl_noerror/p12.t3.csv,normal
normal_p12_t3,t3,normal,2008-03-24T14:30:41.264300,Take measuring spoon,activity,I05,ABSENT,adl_noerror/p12.t3.csv,normal
normal_p12_t3,t3,normal,2008-03-24T14:30:45.502173,Close kitchen cabinet,activity,D01,CLOSE,adl_noerror/p12.t3.csv,normal
normal_p12_t3,t3,normal,2008-03-24T14:30:46.560867,Move within kitchen,activity,M17,ON,adl_noerror/p12.t3.csv,normal
normal_p12_t3,t3,normal,2008-03-24T14:30:48.608353,Take pot,activity,I07,ABSENT,adl_noerror/p12.t3.csv,normal
normal_p12_t3,t3,normal,2008-03-24T14:30:50.198874,Move within kitchen,activity,M17,ON,adl_noerror/p12.t3.csv,normal
normal_p12_t3,t3,normal,2008-03-24T14:30:57.159340,Use kitchen sink water,activity,AD1-B,0.0410553,adl_noerror/p12.t3.csv,normal
normal_p12_t3,t3,normal,2008-03-24T14:31:03.517222,Move within kitchen,activity,M17,ON,adl_noerror/p12.t3.csv,normal
normal_p12_t3,t3,normal,2008-03-24T14:31:18.287980,Use burner,activity,AD1-A,2.8034,adl_noerror/p12.t3.csv,normal
normal_p12_t3,t3,normal,2008-03-24T14:31:19.869333,Move within kitchen,activity,M17,ON,adl_noerror/p12.t3.csv,normal
normal_p12_t3,t3,normal,2008-03-24T14:32:00.197900,Use burner,activity,AD1-A,3.1638,adl_noerror/p12.t3.csv,normal
normal_p12_t3,t3,normal,2008-03-24T14:32:05.513333,Move within kitchen,activity,M17,ON,adl_noerror/p12.t3.csv,normal
normal_p12_t3,t3,normal,2008-03-24T14:37:12.983600,Use burner,activity,AD1-A,3.03481,adl_noerror/p12.t3.csv,normal
normal_p12_t3,t3,normal,2008-03-24T14:38:21.424495,Move within kitchen,activity,M17,ON,adl_noerror/p12.t3.csv,normal
normal_p12_t4,t4,normal,2008-03-24T14:39:59.589970,Enter kitchen,activity,M17,ON,adl_noerror/p12.t4.csv,normal
normal_p12_t4,t4,normal,2008-03-24T14:40:06.260600,Use kitchen sink water,activity,AD1-C,0.0384381,adl_noerror/p12.t4.csv,normal
normal_p12_t4,t4,normal,2008-03-24T14:40:14.394630,Move within kitchen,activity,M17,ON,adl_noerror/p12.t4.csv,normal
normal_p12_t4,t4,normal,2008-03-24T14:40:15.710651,Open kitchen cabinet,activity,D01,OPEN,adl_noerror/p12.t4.csv,normal
normal_p12_t4,t4,normal,2008-03-24T14:40:17.815832,Take medicine container,activity,I06,ABSENT,adl_noerror/p12.t4.csv,normal
normal_p12_t4,t4,normal,2008-03-24T14:40:18.949310,Move within kitchen,activity,M17,ON,adl_noerror/p12.t4.csv,normal
normal_p12_t4,t4,normal,2008-03-24T14:40:20.559950,Close kitchen cabinet,activity,D01,CLOSE,adl_noerror/p12.t4.csv,normal
normal_p12_t4,t4,normal,2008-03-24T14:40:26.425342,Move within kitchen,activity,M17,ON,adl_noerror/p12.t4.csv,normal
normal_p12_t4,t4,normal,2008-03-24T14:40:28.565186,Move from kitchen to dining room,activity,M15,ON,adl_noerror/p12.t4.csv,normal
normal_p12_t4,t4,normal,2008-03-24T14:40:29.334122,Move within dining room,activity,M14,ON,adl_noerror/p12.t4.csv,normal
normal_p12_t4,t4,normal,2008-03-24T14:40:45.465200,Use burner,activity,AD1-A,2.85254,adl_noerror/p12.t4.csv,normal
normal_p12_t4,t4,normal,2008-03-24T14:41:40.748841,Move from kitchen to dining room,activity,M14,ON,adl_noerror/p12.t4.csv,normal
normal_p12_t4,t4,normal,2008-03-24T14:41:43.441108,Move within dining room,activity,M13,ON,adl_noerror/p12.t4.csv,normal
normal_p12_t5,t5,normal,2008-03-24T14:41:51.437506,Enter dining room,activity,M15,ON,adl_noerror/p12.t5.csv,normal
normal_p12_t5,t5,normal,2008-03-24T14:41:51.584510,Move from dining room to kitchen,activity,M16,ON,adl_noerror/p12.t5.csv,normal
normal_p12_t5,t5,normal,2008-03-24T14:41:53.242170,Move within kitchen,activity,M17,ON,adl_noerror/p12.t5.csv,normal
normal_p12_t5,t5,normal,2008-03-24T14:41:57.532995,Open kitchen cabinet,activity,D01,OPEN,adl_noerror/p12.t5.csv,normal
normal_p12_t5,t5,normal,2008-03-24T14:41:58.874656,Return medicine container,activity,I06,PRESENT,adl_noerror/p12.t5.csv,normal
normal_p12_t5,t5,normal,2008-03-24T14:41:59.604439,Move within kitchen,activity,M17,ON,adl_noerror/p12.t5.csv,normal
normal_p12_t5,t5,normal,2008-03-24T14:42:00.478243,Close kitchen cabinet,activity,D01,CLOSE,adl_noerror/p12.t5.csv,normal
normal_p12_t5,t5,normal,2008-03-24T14:42:02.817780,Move within kitchen,activity,M17,ON,adl_noerror/p12.t5.csv,normal
normal_p12_t5,t5,normal,2008-03-24T14:42:09.882300,Use kitchen sink water,activity,AD1-B,0.0744152,adl_noerror/p12.t5.csv,normal
normal_p12_t5,t5,normal,2008-03-24T14:42:16.311883,Move within kitchen,activity,M17,ON,adl_noerror/p12.t5.csv,normal
normal_p12_t5,t5,normal,2008-03-24T14:42:57.201500,Use kitchen sink water,activity,AD1-B,0.281606,adl_noerror/p12.t5.csv,normal
normal_p12_t5,t5,normal,2008-03-24T14:44:50.972058,Move within kitchen,activity,M17,ON,adl_noerror/p12.t5.csv,normal
normal_p12_t5,t5,normal,2008-03-24T14:45:24.248190,Use kitchen sink water,activity,AD1-B,0.279184,adl_noerror/p12.t5.csv,normal
normal_p12_t5,t5,normal,2008-03-24T14:45:29.788305,Move within kitchen,activity,M18,ON,adl_noerror/p12.t5.csv,normal
normal_p12_t5,t5,normal,2008-03-24T14:45:33.477336,Open kitchen cabinet,activity,D01,OPEN,adl_noerror/p12.t5.csv,normal
normal_p12_t5,t5,normal,2008-03-24T14:45:36.691509,Return bowl,activity,I04,PRESENT,adl_noerror/p12.t5.csv,normal
normal_p12_t5,t5,normal,2008-03-24T14:45:37.690176,Return raisins,activity,I02,PRESENT,adl_noerror/p12.t5.csv,normal
normal_p12_t5,t5,normal,2008-03-24T14:45:42.858822,Close kitchen cabinet,activity,D01,CLOSE,adl_noerror/p12.t5.csv,normal
normal_p12_t5,t5,normal,2008-03-24T14:45:44.212398,Move within kitchen,activity,M17,ON,adl_noerror/p12.t5.csv,normal
normal_p13_t1,t1,normal,2008-03-26T14:23:47.347449,Enter corridor,activity,M23,ON,adl_noerror/p13.t1.csv,normal
normal_p13_t1,t1,normal,2008-03-26T14:23:47.604890,Move from corridor to dining room,activity,M01,ON,adl_noerror/p13.t1.csv,normal
normal_p13_t1,t1,normal,2008-03-26T14:23:48.601081,Move within dining room,activity,M07,ON,adl_noerror/p13.t1.csv,normal
normal_p13_t1,t1,normal,2008-03-26T14:23:56.717574,Take phone book,activity,I08,ABSENT,adl_noerror/p13.t1.csv,normal
normal_p13_t1,t1,normal,2008-03-26T14:24:07.284128,Move within dining room,activity,M13,ON,adl_noerror/p13.t1.csv,normal
normal_p13_t1,t1,normal,2008-03-26T14:24:29.000000,Start phone use,activity,asterisk,START,adl_noerror/p13.t1.csv,normal
normal_p13_t1,t1,normal,2008-03-26T14:24:43.362450,Move within dining room,activity,M13,ON,adl_noerror/p13.t1.csv,normal
normal_p13_t1,t1,normal,2008-03-26T14:25:19.000000,End phone use,activity,asterisk,END,adl_noerror/p13.t1.csv,normal
normal_p13_t1,t1,normal,2008-03-26T14:25:25.861381,Move within dining room,activity,M13,ON,adl_noerror/p13.t1.csv,normal
normal_p13_t2,t2,normal,2008-03-26T14:25:41.123063,Enter dining room,activity,M13,ON,adl_noerror/p13.t2.csv,normal
normal_p13_t2,t2,normal,2008-03-26T14:25:45.585833,Move within dining room,activity,M14,ON,adl_noerror/p13.t2.csv,normal
normal_p13_t2,t2,normal,2008-03-26T14:25:47.367358,Move from dining room to kitchen,activity,M16,ON,adl_noerror/p13.t2.csv,normal
normal_p13_t2,t2,normal,2008-03-26T14:25:48.505070,Move within kitchen,activity,M17,ON,adl_noerror/p13.t2.csv,normal
normal_p13_t2,t2,normal,2008-03-26T14:25:54.228150,Use kitchen sink water,activity,AD1-B,0.039649,adl_noerror/p13.t2.csv,normal
normal_p13_t2,t2,normal,2008-03-26T14:26:16.769683,Move within kitchen,activity,M17,ON,adl_noerror/p13.t2.csv,normal
normal_p13_t3,t3,normal,2008-03-26T14:26:56.365059,Open kitchen cabinet,activity,D01,OPEN,adl_noerror/p13.t3.csv,normal
normal_p13_t3,t3,normal,2008-03-26T14:26:58.947243,Take oatmeal,activity,I01,ABSENT,adl_noerror/p13.t3.csv,normal
normal_p13_t3,t3,normal,2008-03-26T14:27:00.511857,Take raisins,activity,I02,ABSENT,adl_noerror/p13.t3.csv,normal
normal_p13_t3,t3,normal,2008-03-26T14:27:02.219740,Take brown sugar,activity,I03,ABSENT,adl_noerror/p13.t3.csv,normal
normal_p13_t3,t3,normal,2008-03-26T14:27:04.489931,Return brown sugar,activity,I03,PRESENT,adl_noerror/p13.t3.csv,normal
normal_p13_t3,t3,normal,2008-03-26T14:27:05.408012,Take measuring spoon,activity,I05,ABSENT,adl_noerror/p13.t3.csv,normal
normal_p13_t3,t3,normal,2008-03-26T14:27:06.882130,Take bowl,activity,I04,ABSENT,adl_noerror/p13.t3.csv,normal
normal_p13_t3,t3,normal,2008-03-26T14:27:07.156235,Move within kitchen,activity,M17,ON,adl_noerror/p13.t3.csv,normal
normal_p13_t3,t3,normal,2008-03-26T14:27:10.649596,Close kitchen cabinet,activity,D01,CLOSE,adl_noerror/p13.t3.csv,normal
normal_p13_t3,t3,normal,2008-03-26T14:27:18.161550,Use kitchen sink water,activity,AD1-B,0.048321,adl_noerror/p13.t3.csv,normal
normal_p13_t3,t3,normal,2008-03-26T14:27:24.453632,Take pot,activity,I07,ABSENT,adl_noerror/p13.t3.csv,normal
normal_p13_t3,t3,normal,2008-03-26T14:27:36.783900,Use burner,activity,AD1-A,2.8145,adl_noerror/p13.t3.csv,normal
normal_p13_t3,t3,normal,2008-03-26T14:27:38.200267,Move within kitchen,activity,M17,ON,adl_noerror/p13.t3.csv,normal
normal_p13_t3,t3,normal,2008-03-26T14:28:09.247070,Use burner,activity,AD1-A,3.25778,adl_noerror/p13.t3.csv,normal
normal_p13_t3,t3,normal,2008-03-26T14:28:15.516255,Move within kitchen,activity,M17,ON,adl_noerror/p13.t3.csv,normal
normal_p13_t3,t3,normal,2008-03-26T14:30:54.269880,Use burner,activity,AD1-A,3.32114,adl_noerror/p13.t3.csv,normal
normal_p13_t3,t3,normal,2008-03-26T14:31:05.319443,Move within kitchen,activity,M17,ON,adl_noerror/p13.t3.csv,normal
normal_p13_t3,t3,normal,2008-03-26T14:31:27.230500,Use burner,activity,AD1-A,2.87637,adl_noerror/p13.t3.csv,normal
normal_p13_t3,t3,normal,2008-03-26T14:31:39.962209,Move within kitchen,activity,M17,ON,adl_noerror/p13.t3.csv,normal
normal_p13_t3,t3,normal,2008-03-26T14:31:57.863800,Use burner,activity,AD1-A,2.90106,adl_noerror/p13.t3.csv,normal
normal_p13_t3,t3,normal,2008-03-26T14:31:59.715890,Move within kitchen,activity,M17,ON,adl_noerror/p13.t3.csv,normal
normal_p13_t4,t4,normal,2008-03-26T14:33:26.307956,Enter kitchen,activity,M17,ON,adl_noerror/p13.t4.csv,normal
normal_p13_t4,t4,normal,2008-03-26T14:33:27.475652,Open kitchen cabinet,activity,D01,OPEN,adl_noerror/p13.t4.csv,normal
normal_p13_t4,t4,normal,2008-03-26T14:33:29.367114,Take brown sugar,activity,I03,ABSENT,adl_noerror/p13.t4.csv,normal
normal_p13_t4,t4,normal,2008-03-26T14:33:29.958941,Take medicine container,activity,I06,ABSENT,adl_noerror/p13.t4.csv,normal
normal_p13_t4,t4,normal,2008-03-26T14:33:30.706790,Move within kitchen,activity,M17,ON,adl_noerror/p13.t4.csv,normal
normal_p13_t4,t4,normal,2008-03-26T14:33:32.382258,Close kitchen cabinet,activity,D01,CLOSE,adl_noerror/p13.t4.csv,normal
normal_p13_t4,t4,normal,2008-03-26T14:33:39.193460,Use kitchen sink water,activity,AD1-C,0.0657041,adl_noerror/p13.t4.csv,normal
normal_p13_t4,t4,normal,2008-03-26T14:33:44.197010,Move within kitchen,activity,M17,ON,adl_noerror/p13.t4.csv,normal
normal_p13_t4,t4,normal,2008-03-26T14:33:51.973881,Move from kitchen to dining room,activity,M15,ON,adl_noerror/p13.t4.csv,normal
normal_p13_t4,t4,normal,2008-03-26T14:33:52.669963,Move within dining room,activity,M14,ON,adl_noerror/p13.t4.csv,normal
normal_p13_t5,t5,normal,2008-03-26T14:35:05.924773,Enter dining room,activity,M13,ON,adl_noerror/p13.t5.csv,normal
normal_p13_t5,t5,normal,2008-03-26T14:35:13.396336,Move within dining room,activity,M15,ON,adl_noerror/p13.t5.csv,normal
normal_p13_t5,t5,normal,2008-03-26T14:35:13.981221,Move from dining room to kitchen,activity,M16,ON,adl_noerror/p13.t5.csv,normal
normal_p13_t5,t5,normal,2008-03-26T14:35:15.428899,Move within kitchen,activity,M17,ON,adl_noerror/p13.t5.csv,normal
normal_p13_t5,t5,normal,2008-03-26T14:35:33.360700,Use kitchen sink water,activity,AD1-B,0.034024,adl_noerror/p13.t5.csv,normal
normal_p13_t5,t5,normal,2008-03-26T14:37:37.509634,Move within kitchen,activity,M18,ON,adl_noerror/p13.t5.csv,normal
normal_p13_t5,t5,normal,2008-03-26T14:37:39.670900,Use kitchen sink water,activity,AD1-B,0.345005,adl_noerror/p13.t5.csv,normal
normal_p13_t5,t5,normal,2008-03-26T14:37:41.984018,Move within kitchen,activity,M17,ON,adl_noerror/p13.t5.csv,normal
normal_p13_t5,t5,normal,2008-03-26T14:38:12.160660,Use kitchen sink water,activity,AD1-C,0.14969,adl_noerror/p13.t5.csv,normal
normal_p13_t5,t5,normal,2008-03-26T14:39:02.638933,Move within kitchen,activity,M17,ON,adl_noerror/p13.t5.csv,normal
normal_p13_t5,t5,normal,2008-03-26T14:39:21.665616,Open kitchen cabinet,activity,D01,OPEN,adl_noerror/p13.t5.csv,normal
normal_p13_t5,t5,normal,2008-03-26T14:39:23.369139,Return medicine container,activity,I06,PRESENT,adl_noerror/p13.t5.csv,normal
normal_p13_t5,t5,normal,2008-03-26T14:39:25.684482,Return oatmeal,activity,I01,PRESENT,adl_noerror/p13.t5.csv,normal
normal_p13_t5,t5,normal,2008-03-26T14:39:27.815887,Close kitchen cabinet,activity,D01,CLOSE,adl_noerror/p13.t5.csv,normal
normal_p13_t5,t5,normal,2008-03-26T14:39:32.997921,Move within kitchen,activity,M17,ON,adl_noerror/p13.t5.csv,normal
normal_p14_t1,t1,normal,2008-03-27T10:59:10.928343,Enter dining room,activity,M07,ON,adl_noerror/p14.t1.csv,normal
normal_p14_t1,t1,normal,2008-03-27T10:59:11.724240,Move within dining room,activity,M08,ON,adl_noerror/p14.t1.csv,normal
normal_p14_t1,t1,normal,2008-03-27T10:59:19.392110,Take phone book,activity,I08,ABSENT,adl_noerror/p14.t1.csv,normal
normal_p14_t1,t1,normal,2008-03-27T10:59:19.703036,Move within dining room,activity,M13,ON,adl_noerror/p14.t1.csv,normal
normal_p14_t1,t1,normal,2008-03-27T11:00:11.000000,Start phone use,activity,asterisk,START,adl_noerror/p14.t1.csv,normal
normal_p14_t1,t1,normal,2008-03-27T11:00:13.868568,Move within dining room,activity,M13,ON,adl_noerror/p14.t1.csv,normal
normal_p14_t1,t1,normal,2008-03-27T11:00:59.000000,End phone use,activity,asterisk,END,adl_noerror/p14.t1.csv,normal
normal_p14_t2,t2,normal,2008-03-27T11:01:29.365354,Enter dining room,activity,M14,ON,adl_noerror/p14.t2.csv,normal
normal_p14_t2,t2,normal,2008-03-27T11:01:30.627280,Move within dining room,activity,M15,ON,adl_noerror/p14.t2.csv,normal
normal_p14_t2,t2,normal,2008-03-27T11:01:30.886269,Move from dining room to kitchen,activity,M16,ON,adl_noerror/p14.t2.csv,normal
normal_p14_t2,t2,normal,2008-03-27T11:01:32.516812,Move within kitchen,activity,M17,ON,adl_noerror/p14.t2.csv,normal
normal_p14_t2,t2,normal,2008-03-27T11:01:39.801000,Use kitchen sink water,activity,AD1-B,0.0679307,adl_noerror/p14.t2.csv,normal
normal_p14_t2,t2,normal,2008-03-27T11:02:08.137326,Move within kitchen,activity,M17,ON,adl_noerror/p14.t2.csv,normal
normal_p14_t3,t3,normal,2008-03-27T11:03:06.566040,Enter kitchen,activity,M17,ON,adl_noerror/p14.t3.csv,normal
normal_p14_t3,t3,normal,2008-03-27T11:03:07.945677,Open kitchen cabinet,activity,D01,OPEN,adl_noerror/p14.t3.csv,normal
normal_p14_t3,t3,normal,2008-03-27T11:03:09.697183,Take oatmeal,activity,I01,ABSENT,adl_noerror/p14.t3.csv,normal
normal_p14_t3,t3,normal,2008-03-27T11:03:11.628671,Take bowl,activity,I04,ABSENT,adl_noerror/p14.t3.csv,normal
normal_p14_t3,t3,normal,2008-03-27T11:03:13.820082,Take raisins,activity,I02,ABSENT,adl_noerror/p14.t3.csv,normal
normal_p14_t3,t3,normal,2008-03-27T11:03:15.765682,Take measuring spoon,activity,I05,ABSENT,adl_noerror/p14.t3.csv,normal
normal_p14_t3,t3,normal,2008-03-27T11:03:17.861818,Take brown sugar,activity,I03,ABSENT,adl_noerror/p14.t3.csv,normal
normal_p14_t3,t3,normal,2008-03-27T11:03:21.954236,Move within kitchen,activity,M17,ON,adl_noerror/p14.t3.csv,normal
normal_p14_t3,t3,normal,2008-03-27T11:03:22.498218,Close kitchen cabinet,activity,D01,CLOSE,adl_noerror/p14.t3.csv,normal
normal_p14_t3,t3,normal,2008-03-27T11:03:30.547800,Use kitchen sink water,activity,AD1-B,0.0743761,adl_noerror/p14.t3.csv,normal
normal_p14_t3,t3,normal,2008-03-27T11:03:35.580504,Move within kitchen,activity,M17,ON,adl_noerror/p14.t3.csv,normal
normal_p14_t3,t3,normal,2008-03-27T11:03:43.426142,Take pot,activity,I07,ABSENT,adl_noerror/p14.t3.csv,normal
normal_p14_t3,t3,normal,2008-03-27T11:03:51.666797,Move within kitchen,activity,M17,ON,adl_noerror/p14.t3.csv,normal
normal_p14_t3,t3,normal,2008-03-27T11:04:00.214760,Use burner,activity,AD1-A,2.84411,adl_noerror/p14.t3.csv,normal
normal_p14_t3,t3,normal,2008-03-27T11:04:02.405856,Move within kitchen,activity,M17,ON,adl_noerror/p14.t3.csv,normal
normal_p14_t3,t3,normal,2008-03-27T11:04:42.363000,Use kitchen sink water,activity,AD1-B,0.0834388,adl_noerror/p14.t3.csv,normal
normal_p14_t3,t3,normal,2008-03-27T11:04:43.375036,Move within kitchen,activity,M17,ON,adl_noerror/p14.t3.csv,normal
normal_p14_t3,t3,normal,2008-03-27T11:06:57.135020,Use burner,activity,AD1-A,3.30341,adl_noerror/p14.t3.csv,normal
normal_p14_t3,t3,normal,2008-03-27T11:07:02.673147,Move within kitchen,activity,M17,ON,adl_noerror/p14.t3.csv,normal
normal_p14_t3,t3,normal,2008-03-27T11:07:06.253940,Use kitchen sink water,activity,AD1-B,0.0333599,adl_noerror/p14.t3.csv,normal
normal_p14_t3,t3,normal,2008-03-27T11:07:19.487144,Move within kitchen,activity,M17,ON,adl_noerror/p14.t3.csv,normal
normal_p14_t3,t3,normal,2008-03-27T11:07:39.737000,Use burner,activity,AD1-A,2.97098,adl_noerror/p14.t3.csv,normal
normal_p14_t3,t3,normal,2008-03-27T11:08:55.724957,Move within kitchen,activity,M17,ON,adl_noerror/p14.t3.csv,normal
normal_p14_t3,t3,normal,2008-03-27T11:10:12.214210,Use kitchen sink water,activity,AD1-B,0.0505867,adl_noerror/p14.t3.csv,normal
normal_p14_t3,t3,normal,2008-03-27T11:10:30.952711,Move within kitchen,activity,M17,ON,adl_noerror/p14.t3.csv,normal
normal_p14_t3,t3,normal,2008-03-27T11:10:31.992801,Open kitchen cabinet,activity,D01,OPEN,adl_noerror/p14.t3.csv,normal
normal_p14_t3,t3,normal,2008-03-27T11:10:33.814812,Return oatmeal,activity,I01,PRESENT,adl_noerror/p14.t3.csv,normal
normal_p14_t3,t3,normal,2008-03-27T11:10:34.488750,Take oatmeal,activity,I01,ABSENT,adl_noerror/p14.t3.csv,normal
normal_p14_t3,t3,normal,2008-03-27T11:10:34.662720,Return oatmeal,activity,I01,PRESENT,adl_noerror/p14.t3.csv,normal
normal_p14_t3,t3,normal,2008-03-27T11:10:35.956405,Move within kitchen,activity,M17,ON,adl_noerror/p14.t3.csv,normal
normal_p14_t3,t3,normal,2008-03-27T11:10:43.414342,Return measuring spoon,activity,I05,PRESENT,adl_noerror/p14.t3.csv,normal
normal_p14_t3,t3,normal,2008-03-27T11:10:44.542062,Move within kitchen,activity,M17,ON,adl_noerror/p14.t3.csv,normal
normal_p14_t3,t3,normal,2008-03-27T11:10:45.767724,Close kitchen cabinet,activity,D01,CLOSE,adl_noerror/p14.t3.csv,normal
normal_p14_t4,t4,normal,2008-03-27T11:11:31.615540,Enter kitchen,activity,M17,ON,adl_noerror/p14.t4.csv,normal
normal_p14_t4,t4,normal,2008-03-27T11:11:32.995176,Open kitchen cabinet,activity,D01,OPEN,adl_noerror/p14.t4.csv,normal
normal_p14_t4,t4,normal,2008-03-27T11:11:34.396806,Take medicine container,activity,I06,ABSENT,adl_noerror/p14.t4.csv,normal
normal_p14_t4,t4,normal,2008-03-27T11:11:35.498897,Close kitchen cabinet,activity,D01,CLOSE,adl_noerror/p14.t4.csv,normal
normal_p14_t4,t4,normal,2008-03-27T11:11:39.121600,Use kitchen sink water,activity,AD1-B,0.0344146,adl_noerror/p14.t4.csv,normal
normal_p14_t4,t4,normal,2008-03-27T11:11:52.168595,Move within kitchen,activity,M17,ON,adl_noerror/p14.t4.csv,normal
normal_p14_t4,t4,normal,2008-03-27T11:11:58.251925,Move from kitchen to dining room,activity,M15,ON,adl_noerror/p14.t4.csv,normal
normal_p14_t4,t4,normal,2008-03-27T11:11:58.834765,Move within dining room,activity,M14,ON,adl_noerror/p14.t4.csv,normal
normal_p14_t4,t4,normal,2008-03-27T11:12:03.911365,Move from dining room to kitchen,activity,M16,ON,adl_noerror/p14.t4.csv,normal
normal_p14_t4,t4,normal,2008-03-27T11:12:05.466972,Move within kitchen,activity,M17,ON,adl_noerror/p14.t4.csv,normal
normal_p14_t4,t4,normal,2008-03-27T11:12:08.249169,Move from kitchen to dining room,activity,M15,ON,adl_noerror/p14.t4.csv,normal
normal_p14_t4,t4,normal,2008-03-27T11:12:09.537867,Move within dining room,activity,M14,ON,adl_noerror/p14.t4.csv,normal
normal_p14_t5,t5,normal,2008-03-27T11:15:15.906079,Enter dining room,activity,M13,ON,adl_noerror/p14.t5.csv,normal
normal_p14_t5,t5,normal,2008-03-27T11:15:22.583780,Move within dining room,activity,M14,ON,adl_noerror/p14.t5.csv,normal
normal_p14_t5,t5,normal,2008-03-27T11:15:23.789928,Move from dining room to kitchen,activity,M16,ON,adl_noerror/p14.t5.csv,normal
normal_p14_t5,t5,normal,2008-03-27T11:15:25.401482,Move within kitchen,activity,M17,ON,adl_noerror/p14.t5.csv,normal
normal_p14_t5,t5,normal,2008-03-27T11:15:28.252703,Move from kitchen to dining room,activity,M15,ON,adl_noerror/p14.t5.csv,normal
normal_p14_t5,t5,normal,2008-03-27T11:15:28.806535,Move within dining room,activity,M14,ON,adl_noerror/p14.t5.csv,normal
normal_p14_t5,t5,normal,2008-03-27T11:15:34.536007,Move from dining room to kitchen,activity,M16,ON,adl_noerror/p14.t5.csv,normal
normal_p14_t5,t5,normal,2008-03-27T11:15:35.812656,Move within kitchen,activity,M17,ON,adl_noerror/p14.t5.csv,normal
normal_p14_t5,t5,normal,2008-03-27T11:15:54.528000,Use kitchen sink water,activity,AD1-B,0.0379303,adl_noerror/p14.t5.csv,normal
normal_p14_t5,t5,normal,2008-03-27T11:16:02.781725,Move within kitchen,activity,M17,ON,adl_noerror/p14.t5.csv,normal
normal_p14_t5,t5,normal,2008-03-27T11:16:27.246250,Use kitchen sink water,activity,AD1-B,0.427819,adl_noerror/p14.t5.csv,normal
normal_p14_t5,t5,normal,2008-03-27T11:20:04.253187,Move within kitchen,activity,M18,ON,adl_noerror/p14.t5.csv,normal
normal_p14_t5,t5,normal,2008-03-27T11:20:33.869800,Use kitchen sink water,activity,AD1-B,0.0333599,adl_noerror/p14.t5.csv,normal
normal_p14_t5,t5,normal,2008-03-27T11:21:00.480011,Move within kitchen,activity,M18,ON,adl_noerror/p14.t5.csv,normal
normal_p14_t5,t5,normal,2008-03-27T11:21:06.124190,Use kitchen sink water,activity,AD1-B,0.0586728,adl_noerror/p14.t5.csv,normal
normal_p14_t5,t5,normal,2008-03-27T11:21:20.842409,Move within kitchen,activity,M17,ON,adl_noerror/p14.t5.csv,normal
normal_p14_t5,t5,normal,2008-03-27T11:21:36.479600,Use kitchen sink water,activity,AD1-B,0.299028,adl_noerror/p14.t5.csv,normal
normal_p14_t5,t5,normal,2008-03-27T11:21:37.807619,Move within kitchen,activity,M17,ON,adl_noerror/p14.t5.csv,normal
normal_p14_t5,t5,normal,2008-03-27T11:21:39.915443,Open kitchen cabinet,activity,D01,OPEN,adl_noerror/p14.t5.csv,normal
normal_p14_t5,t5,normal,2008-03-27T11:21:43.416640,Close kitchen cabinet,activity,D01,CLOSE,adl_noerror/p14.t5.csv,normal
normal_p14_t5,t5,normal,2008-03-27T11:21:47.881966,Move within kitchen,activity,M17,ON,adl_noerror/p14.t5.csv,normal
normal_p15_t1,t1,normal,2008-03-28T11:27:48.453567,Enter dining room,activity,M01,ON,adl_noerror/p15.t1.csv,normal
normal_p15_t1,t1,normal,2008-03-28T11:27:48.453567,Move from dining room to corridor,activity,M23,ON,adl_noerror/p15.t1.csv,normal
normal_p15_t1,t1,normal,2008-03-28T11:27:50.492971,Move from corridor to dining room,activity,M01,ON,adl_noerror/p15.t1.csv,normal
normal_p15_t1,t1,normal,2008-03-28T11:27:59.382577,Move from dining room to corridor,activity,M23,ON,adl_noerror/p15.t1.csv,normal
normal_p15_t1,t1,normal,2008-03-28T11:27:59.511619,Move from corridor to dining room,activity,M01,ON,adl_noerror/p15.t1.csv,normal
normal_p15_t1,t1,normal,2008-03-28T11:28:00.502322,Move within dining room,activity,M07,ON,adl_noerror/p15.t1.csv,normal
normal_p15_t1,t1,normal,2008-03-28T11:28:06.522357,Take phone book,activity,I08,ABSENT,adl_noerror/p15.t1.csv,normal
normal_p15_t1,t1,normal,2008-03-28T11:28:13.406797,Move within dining room,activity,M13,ON,adl_noerror/p15.t1.csv,normal
normal_p15_t1,t1,normal,2008-03-28T11:29:00.000000,Start phone use,activity,asterisk,START,adl_noerror/p15.t1.csv,normal
normal_p15_t1,t1,normal,2008-03-28T11:29:04.683957,Move within dining room,activity,M13,ON,adl_noerror/p15.t1.csv,normal
normal_p15_t1,t1,normal,2008-03-28T11:29:54.000000,End phone use,activity,asterisk,END,adl_noerror/p15.t1.csv,normal
normal_p15_t2,t2,normal,2008-03-28T11:30:15.188280,Enter dining room,activity,M14,ON,adl_noerror/p15.t2.csv,normal
normal_p15_t2,t2,normal,2008-03-28T11:30:15.979548,Move within dining room,activity,M15,ON,adl_noerror/p15.t2.csv,normal
normal_p15_t2,t2,normal,2008-03-28T11:30:16.268563,Move from dining room to kitchen,activity,M16,ON,adl_noerror/p15.t2.csv,normal
normal_p15_t2,t2,normal,2008-03-28T11:30:17.499156,Move within kitchen,activity,M17,ON,adl_noerror/p15.t2.csv,normal
normal_p15_t2,t2,normal,2008-03-28T11:30:21.261460,Use kitchen sink water,activity,AD1-C,0.0630869,adl_noerror/p15.t2.csv,normal
normal_p15_t2,t2,normal,2008-03-28T11:30:47.410724,Move within kitchen,activity,M17,ON,adl_noerror/p15.t2.csv,normal
normal_p15_t3,t3,normal,2008-03-28T11:31:26.565585,Enter kitchen,activity,M17,ON,adl_noerror/p15.t3.csv,normal
normal_p15_t3,t3,normal,2008-03-28T11:31:26.959474,Move within kitchen,activity,M18,ON,adl_noerror/p15.t3.csv,normal
normal_p15_t3,t3,normal,2008-03-28T11:31:32.460730,Open kitchen cabinet,activity,D01,OPEN,adl_noerror/p15.t3.csv,normal
normal_p15_t3,t3,normal,2008-03-28T11:31:33.679100,Use burner,activity,AD1-A,2.84247,adl_noerror/p15.t3.csv,normal
normal_p15_t3,t3,normal,2008-03-28T11:31:34.115680,Take oatmeal,activity,I01,ABSENT,adl_noerror/p15.t3.csv,normal
normal_p15_t3,t3,normal,2008-03-28T11:31:38.208434,Take raisins,activity,I02,ABSENT,adl_noerror/p15.t3.csv,normal
normal_p15_t3,t3,normal,2008-03-28T11:31:47.876115,Take pot,activity,I07,ABSENT,adl_noerror/p15.t3.csv,normal
normal_p15_t3,t3,normal,2008-03-28T11:31:48.899204,Move within kitchen,activity,M17,ON,adl_noerror/p15.t3.csv,normal
normal_p15_t3,t3,normal,2008-03-28T11:31:50.879396,Take measuring spoon,activity,I05,ABSENT,adl_noerror/p15.t3.csv,normal
normal_p15_t3,t3,normal,2008-03-28T11:31:52.655562,Move within kitchen,activity,M17,ON,adl_noerror/p15.t3.csv,normal
normal_p15_t3,t3,normal,2008-03-28T11:32:03.186700,Use kitchen sink water,activity,AD1-C,0.0388678,adl_noerror/p15.t3.csv,normal
normal_p15_t3,t3,normal,2008-03-28T11:32:09.447500,Use burner,activity,AD1-A,3.15638,adl_noerror/p15.t3.csv,normal
normal_p15_t3,t3,normal,2008-03-28T11:32:15.460730,Move within kitchen,activity,M17,ON,adl_noerror/p15.t3.csv,normal
normal_p15_t3,t3,normal,2008-03-28T11:33:12.193680,Use burner,activity,AD1-A,3.02809,adl_noerror/p15.t3.csv,normal
normal_p15_t3,t3,normal,2008-03-28T11:33:23.479336,Move within kitchen,activity,M17,ON,adl_noerror/p15.t3.csv,normal
normal_p15_t3,t3,normal,2008-03-28T11:34:09.514905,Return raisins,activity,I02,PRESENT,adl_noerror/p15.t3.csv,normal
normal_p15_t3,t3,normal,2008-03-28T11:34:10.254887,Move within kitchen,activity,M17,ON,adl_noerror/p15.t3.csv,normal
normal_p15_t3,t3,normal,2008-03-28T11:34:27.184860,Use burner,activity,AD1-A,3.29114,adl_noerror/p15.t3.csv,normal
normal_p15_t3,t3,normal,2008-03-28T11:35:55.636996,Take brown sugar,activity,I03,ABSENT,adl_noerror/p15.t3.csv,normal
normal_p15_t3,t3,normal,2008-03-28T11:36:32.613687,Move within kitchen,activity,M17,ON,adl_noerror/p15.t3.csv,normal
normal_p15_t3,t3,normal,2008-03-28T11:37:49.363751,Take bowl,activity,I04,ABSENT,adl_noerror/p15.t3.csv,normal
normal_p15_t3,t3,normal,2008-03-28T11:38:02.386937,Move within kitchen,activity,M17,ON,adl_noerror/p15.t3.csv,normal
normal_p15_t4,t4,normal,2008-03-28T11:39:15.213010,Use kitchen sink water,activity,AD1-C,0.0345708,adl_noerror/p15.t4.csv,normal
normal_p15_t4,t4,normal,2008-03-28T11:39:20.522846,Move within kitchen,activity,M18,ON,adl_noerror/p15.t4.csv,normal
normal_p15_t4,t4,normal,2008-03-28T11:39:24.491854,Take medicine container,activity,I06,ABSENT,adl_noerror/p15.t4.csv,normal
normal_p15_t4,t4,normal,2008-03-28T11:39:36.514556,Move within kitchen,activity,M16,ON,adl_noerror/p15.t4.csv,normal
normal_p15_t4,t4,normal,2008-03-28T11:39:36.786511,Move from kitchen to dining room,activity,M15,ON,adl_noerror/p15.t4.csv,normal
normal_p15_t4,t4,normal,2008-03-28T11:39:37.486280,Move within dining room,activity,M14,ON,adl_noerror/p15.t4.csv,normal
normal_p15_t5,t5,normal,2008-03-28T11:41:12.446168,Enter dining room,activity,M13,ON,adl_noerror/p15.t5.csv,normal
normal_p15_t5,t5,normal,2008-03-28T11:41:24.437659,Move within dining room,activity,M14,ON,adl_noerror/p15.t5.csv,normal
normal_p15_t5,t5,normal,2008-03-28T11:41:25.898238,Move from dining room to kitchen,activity,M16,ON,adl_noerror/p15.t5.csv,normal
normal_p15_t5,t5,normal,2008-03-28T11:41:27.505827,Move within kitchen,activity,M17,ON,adl_noerror/p15.t5.csv,normal
normal_p15_t5,t5,normal,2008-03-28T11:41:36.500466,Return medicine container,activity,I06,PRESENT,adl_noerror/p15.t5.csv,normal
normal_p15_t5,t5,normal,2008-03-28T11:41:40.138389,Return bowl,activity,I04,PRESENT,adl_noerror/p15.t5.csv,normal
normal_p15_t5,t5,normal,2008-03-28T11:41:42.534740,Take bowl,activity,I04,ABSENT,adl_noerror/p15.t5.csv,normal
normal_p15_t5,t5,normal,2008-03-28T11:41:43.405500,Return oatmeal,activity,I01,PRESENT,adl_noerror/p15.t5.csv,normal
normal_p15_t5,t5,normal,2008-03-28T11:41:53.706031,Move within kitchen,activity,M17,ON,adl_noerror/p15.t5.csv,normal
normal_p15_t5,t5,normal,2008-03-28T11:41:57.278060,Use kitchen sink water,activity,AD1-C,0.037774,adl_noerror/p15.t5.csv,normal
normal_p15_t5,t5,normal,2008-03-28T11:43:34.425493,Move within kitchen,activity,M18,ON,adl_noerror/p15.t5.csv,normal
normal_p15_t5,t5,normal,2008-03-28T11:45:30.240180,Use kitchen sink water,activity,AD1-B,0.49864,adl_noerror/p15.t5.csv,normal
normal_p15_t5,t5,normal,2008-03-28T11:45:36.760533,Move within kitchen,activity,M17,ON,adl_noerror/p15.t5.csv,normal
normal_p15_t5,t5,normal,2008-03-28T11:45:40.851982,Close kitchen cabinet,activity,D01,CLOSE,adl_noerror/p15.t5.csv,normal
normal_p15_t5,t5,normal,2008-03-28T11:45:43.597270,Move within kitchen,activity,M17,ON,adl_noerror/p15.t5.csv,normal
normal_p16_t1,t1,normal,2008-03-28T12:30:14.361293,Enter dining room,activity,M07,ON,adl_noerror/p16.t1.csv,normal
normal_p16_t1,t1,normal,2008-03-28T12:30:14.570245,Move within dining room,activity,M08,ON,adl_noerror/p16.t1.csv,normal
normal_p16_t1,t1,normal,2008-03-28T12:30:20.160742,Return phone book,activity,I08,PRESENT,adl_noerror/p16.t1.csv,normal
normal_p16_t1,t1,normal,2008-03-28T12:30:20.422735,Take phone book,activity,I08,ABSENT,adl_noerror/p16.t1.csv,normal
normal_p16_t1,t1,normal,2008-03-28T12:30:39.773437,Move within dining room,activity,M13,ON,adl_noerror/p16.t1.csv,normal
normal_p16_t1,t1,normal,2008-03-28T12:31:26.000000,Start phone use,activity,asterisk,START,adl_noerror/p16.t1.csv,normal
normal_p16_t1,t1,normal,2008-03-28T12:31:29.628107,Move within dining room,activity,M13,ON,adl_noerror/p16.t1.csv,normal
normal_p16_t1,t1,normal,2008-03-28T12:32:16.000000,End phone use,activity,asterisk,END,adl_noerror/p16.t1.csv,normal
normal_p16_t2,t2,normal,2008-03-28T12:32:41.580755,Enter dining room,activity,M14,ON,adl_noerror/p16.t2.csv,normal
normal_p16_t2,t2,normal,2008-03-28T12:32:42.590467,Move within dining room,activity,M15,ON,adl_noerror/p16.t2.csv,normal
normal_p16_t2,t2,normal,2008-03-28T12:32:43.214306,Move from dining room to kitchen,activity,M16,ON,adl_noerror/p16.t2.csv,normal
normal_p16_t2,t2,normal,2008-03-28T12:32:44.570941,Move within kitchen,activity,M17,ON,adl_noerror/p16.t2.csv,normal
normal_p16_t2,t2,normal,2008-03-28T12:32:48.996600,Use kitchen sink water,activity,AD1-B,0.0469929,adl_noerror/p16.t2.csv,normal
normal_p16_t2,t2,normal,2008-03-28T12:32:51.518103,Move within kitchen,activity,M17,ON,adl_noerror/p16.t2.csv,normal
normal_p16_t3,t3,normal,2008-03-28T12:33:49.283431,Enter kitchen,activity,M17,ON,adl_noerror/p16.t3.csv,normal
normal_p16_t3,t3,normal,2008-03-28T12:33:49.897277,Open kitchen cabinet,activity,D01,OPEN,adl_noerror/p16.t3.csv,normal
normal_p16_t3,t3,normal,2008-03-28T12:33:53.484250,Take oatmeal,activity,I01,ABSENT,adl_noerror/p16.t3.csv,normal
normal_p16_t3,t3,normal,2008-03-28T12:33:55.238970,Take raisins,activity,I02,ABSENT,adl_noerror/p16.t3.csv,normal
normal_p16_t3,t3,normal,2008-03-28T12:33:57.965100,Take brown sugar,activity,I03,ABSENT,adl_noerror/p16.t3.csv,normal
normal_p16_t3,t3,normal,2008-03-28T12:34:00.513446,Move within kitchen,activity,M17,ON,adl_noerror/p16.t3.csv,normal
normal_p16_t3,t3,normal,2008-03-28T12:34:04.173456,Take measuring spoon,activity,I05,ABSENT,adl_noerror/p16.t3.csv,normal
normal_p16_t3,t3,normal,2008-03-28T12:34:05.163220,Move within kitchen,activity,M17,ON,adl_noerror/p16.t3.csv,normal
normal_p16_t3,t3,normal,2008-03-28T12:34:06.506936,Take bowl,activity,I04,ABSENT,adl_noerror/p16.t3.csv,normal
normal_p16_t3,t3,normal,2008-03-28T12:34:09.315000,Move within kitchen,activity,M17,ON,adl_noerror/p16.t3.csv,normal
normal_p16_t3,t3,normal,2008-03-28T12:34:10.285191,Close kitchen cabinet,activity,D01,CLOSE,adl_noerror/p16.t3.csv,normal
normal_p16_t3,t3,normal,2008-03-28T12:34:13.476462,Move within kitchen,activity,M17,ON,adl_noerror/p16.t3.csv,normal
normal_p16_t3,t3,normal,2008-03-28T12:34:15.408200,Use kitchen sink water,activity,AD1-B,0.0758996,adl_noerror/p16.t3.csv,normal
normal_p16_t3,t3,normal,2008-03-28T12:34:24.135300,Use burner,activity,AD1-A,2.81957,adl_noerror/p16.t3.csv,normal
normal_p16_t3,t3,normal,2008-03-28T12:34:24.438354,Move within kitchen,activity,M17,ON,adl_noerror/p16.t3.csv,normal
normal_p16_t3,t3,normal,2008-03-28T12:34:48.236200,Use kitchen sink water,activity,AD1-B,0.49739,adl_noerror/p16.t3.csv,normal
normal_p16_t3,t3,normal,2008-03-28T12:34:54.999000,Use burner,activity,AD1-A,3.17724,adl_noerror/p16.t3.csv,normal
normal_p16_t3,t3,normal,2008-03-28T12:34:59.833443,Take pot,activity,I07,ABSENT,adl_noerror/p16.t3.csv,normal
normal_p16_t3,t3,normal,2008-03-28T12:35:09.586794,Move within kitchen,activity,M17,ON,adl_noerror/p16.t3.csv,normal
normal_p16_t3,t3,normal,2008-03-28T12:35:27.471000,Use burner,activity,AD1-A,3.14263,adl_noerror/p16.t3.csv,normal
normal_p16_t3,t3,normal,2008-03-28T12:35:29.429448,Move within kitchen,activity,M17,ON,adl_noerror/p16.t3.csv,normal
normal_p16_t3,t3,normal,2008-03-28T12:36:39.319490,Use burner,activity,AD1-A,3.167,adl_noerror/p16.t3.csv,normal
normal_p16_t3,t3,normal,2008-03-28T12:36:46.248573,Move within kitchen,activity,M17,ON,adl_noerror/p16.t3.csv,normal
normal_p16_t3,t3,normal,2008-03-28T12:37:11.652399,Open kitchen cabinet,activity,D01,OPEN,adl_noerror/p16.t3.csv,normal
normal_p16_t3,t3,normal,2008-03-28T12:37:12.512240,Move within kitchen,activity,M17,ON,adl_noerror/p16.t3.csv,normal
normal_p16_t3,t3,normal,2008-03-28T12:37:15.689357,Close kitchen cabinet,activity,D01,CLOSE,adl_noerror/p16.t3.csv,normal
normal_p16_t3,t3,normal,2008-03-28T12:37:30.504005,Move within kitchen,activity,M17,ON,adl_noerror/p16.t3.csv,normal
normal_p16_t3,t3,normal,2008-03-28T12:37:33.607500,Use burner,activity,AD1-A,3.177,adl_noerror/p16.t3.csv,normal
normal_p16_t3,t3,normal,2008-03-28T12:37:46.598699,Move within kitchen,activity,M17,ON,adl_noerror/p16.t3.csv,normal
normal_p16_t3,t3,normal,2008-03-28T12:38:36.222420,Use burner,activity,AD1-A,2.98661,adl_noerror/p16.t3.csv,normal
normal_p16_t3,t3,normal,2008-03-28T12:39:01.691823,Move within kitchen,activity,M17,ON,adl_noerror/p16.t3.csv,normal
normal_p16_t3,t3,normal,2008-03-28T12:40:00.132300,Use burner,activity,AD1-A,3.00544,adl_noerror/p16.t3.csv,normal
normal_p16_t3,t3,normal,2008-03-28T12:41:12.708196,Move within kitchen,activity,M17,ON,adl_noerror/p16.t3.csv,normal
normal_p16_t4,t4,normal,2008-03-28T12:42:08.224982,Enter kitchen,activity,M17,ON,adl_noerror/p16.t4.csv,normal
normal_p16_t4,t4,normal,2008-03-28T12:42:12.293590,Use kitchen sink water,activity,AD1-C,0.0357427,adl_noerror/p16.t4.csv,normal
normal_p16_t4,t4,normal,2008-03-28T12:42:22.838228,Move within kitchen,activity,M17,ON,adl_noerror/p16.t4.csv,normal
normal_p16_t4,t4,normal,2008-03-28T12:42:29.335905,Open kitchen cabinet,activity,D01,OPEN,adl_noerror/p16.t4.csv,normal
normal_p16_t4,t4,normal,2008-03-28T12:42:30.668036,Take medicine container,activity,I06,ABSENT,adl_noerror/p16.t4.csv,normal
normal_p16_t4,t4,normal,2008-03-28T12:42:32.168078,Close kitchen cabinet,activity,D01,CLOSE,adl_noerror/p16.t4.csv,normal
normal_p16_t4,t4,normal,2008-03-28T12:42:39.472446,Move within kitchen,activity,M16,ON,adl_noerror/p16.t4.csv,normal
normal_p16_t4,t4,normal,2008-03-28T12:42:39.755434,Move from kitchen to dining room,activity,M15,ON,adl_noerror/p16.t4.csv,normal
normal_p16_t4,t4,normal,2008-03-28T12:42:40.511134,Move within dining room,activity,M14,ON,adl_noerror/p16.t4.csv,normal
normal_p16_t5,t5,normal,2008-03-28T12:48:46.195551,Enter dining room,activity,M14,ON,adl_noerror/p16.t5.csv,normal
normal_p16_t5,t5,normal,2008-03-28T12:48:51.880569,Move within dining room,activity,M14,ON,adl_noerror/p16.t5.csv,normal
normal_p16_t5,t5,normal,2008-03-28T12:49:07.222365,Move from dining room to kitchen,activity,M16,ON,adl_noerror/p16.t5.csv,normal
normal_p16_t5,t5,normal,2008-03-28T12:49:08.499012,Move within kitchen,activity,M17,ON,adl_noerror/p16.t5.csv,normal
normal_p16_t5,t5,normal,2008-03-28T12:49:18.135000,Use kitchen sink water,activity,AD1-C,0.0359771,adl_noerror/p16.t5.csv,normal
normal_p16_t5,t5,normal,2008-03-28T12:49:42.753458,Move within kitchen,activity,M17,ON,adl_noerror/p16.t5.csv,normal
normal_p16_t5,t5,normal,2008-03-28T12:50:06.117470,Use kitchen sink water,activity,AD1-B,0.502351,adl_noerror/p16.t5.csv,normal
normal_p16_t5,t5,normal,2008-03-28T12:51:24.452382,Move within kitchen,activity,M18,ON,adl_noerror/p16.t5.csv,normal
normal_p16_t5,t5,normal,2008-03-28T12:51:45.234620,Use kitchen sink water,activity,AD1-C,0.043985,adl_noerror/p16.t5.csv,normal
normal_p16_t5,t5,normal,2008-03-28T12:52:20.981070,Move within kitchen,activity,M17,ON,adl_noerror/p16.t5.csv,normal
normal_p16_t5,t5,normal,2008-03-28T12:52:21.151280,Use kitchen sink water,activity,AD1-C,0.0462116,adl_noerror/p16.t5.csv,normal
normal_p16_t5,t5,normal,2008-03-28T12:52:34.399417,Move within kitchen,activity,M18,ON,adl_noerror/p16.t5.csv,normal
normal_p16_t5,t5,normal,2008-03-28T12:52:54.219860,Use kitchen sink water,activity,AD1-C,0.0474226,adl_noerror/p16.t5.csv,normal
normal_p16_t5,t5,normal,2008-03-28T12:53:25.209538,Move within kitchen,activity,M18,ON,adl_noerror/p16.t5.csv,normal
normal_p16_t5,t5,normal,2008-03-28T12:53:27.770200,Use kitchen sink water,activity,AD1-C,0.426725,adl_noerror/p16.t5.csv,normal
normal_p16_t5,t5,normal,2008-03-28T12:53:40.330771,Move within kitchen,activity,M17,ON,adl_noerror/p16.t5.csv,normal
normal_p16_t5,t5,normal,2008-03-28T12:53:58.150576,Open kitchen cabinet,activity,D01,OPEN,adl_noerror/p16.t5.csv,normal
normal_p16_t5,t5,normal,2008-03-28T12:54:02.927288,Return oatmeal,activity,I01,PRESENT,adl_noerror/p16.t5.csv,normal
normal_p16_t5,t5,normal,2008-03-28T12:54:03.908023,Move within kitchen,activity,M17,ON,adl_noerror/p16.t5.csv,normal
normal_p16_t5,t5,normal,2008-03-28T12:54:05.826546,Return medicine container,activity,I06,PRESENT,adl_noerror/p16.t5.csv,normal
normal_p16_t5,t5,normal,2008-03-28T12:54:07.992280,Move within kitchen,activity,M17,ON,adl_noerror/p16.t5.csv,normal
normal_p16_t5,t5,normal,2008-03-28T12:54:14.842590,Return raisins,activity,I02,PRESENT,adl_noerror/p16.t5.csv,normal
normal_p16_t5,t5,normal,2008-03-28T12:54:15.989740,Close kitchen cabinet,activity,D01,CLOSE,adl_noerror/p16.t5.csv,normal
normal_p16_t5,t5,normal,2008-03-28T12:54:23.261768,Move within kitchen,activity,M17,ON,adl_noerror/p16.t5.csv,normal
normal_p32_t1,t1,normal,2008-04-15T17:06:19.551497,Enter corridor,activity,M23,ON,adl_noerror/p32.t1.csv,normal
normal_p32_t1,t1,normal,2008-04-15T17:06:19.551497,Move from corridor to dining room,activity,M01,ON,adl_noerror/p32.t1.csv,normal
normal_p32_t1,t1,normal,2008-04-15T17:06:20.376507,Move within dining room,activity,M08,ON,adl_noerror/p32.t1.csv,normal
normal_p32_t1,t1,normal,2008-04-15T17:06:27.520590,Move from dining room to kitchen,activity,M16,ON,adl_noerror/p32.t1.csv,normal
normal_p32_t1,t1,normal,2008-04-15T17:06:31.825753,Move from kitchen to dining room,activity,M13,ON,adl_noerror/p32.t1.csv,normal
normal_p32_t1,t1,normal,2008-04-15T17:06:37.447480,Take phone book,activity,I08,ABSENT,adl_noerror/p32.t1.csv,normal
normal_p32_t1,t1,normal,2008-04-15T17:06:41.108810,Move within dining room,activity,M13,ON,adl_noerror/p32.t1.csv,normal
normal_p32_t1,t1,normal,2008-04-15T17:08:03.000000,Start phone use,activity,asterisk,START,adl_noerror/p32.t1.csv,normal
normal_p32_t1,t1,normal,2008-04-15T17:08:15.971318,Move within dining room,activity,M13,ON,adl_noerror/p32.t1.csv,normal
normal_p32_t1,t1,normal,2008-04-15T17:09:28.000000,End phone use,activity,asterisk,END,adl_noerror/p32.t1.csv,normal
normal_p32_t2,t2,normal,2008-04-15T17:09:49.627918,Enter dining room,activity,M14,ON,adl_noerror/p32.t2.csv,normal
normal_p32_t2,t2,normal,2008-04-15T17:09:50.684562,Move within dining room,activity,M15,ON,adl_noerror/p32.t2.csv,normal
normal_p32_t2,t2,normal,2008-04-15T17:09:51.145438,Move from dining room to kitchen,activity,M16,ON,adl_noerror/p32.t2.csv,normal
normal_p32_t2,t2,normal,2008-04-15T17:09:52.663012,Move within kitchen,activity,M17,ON,adl_noerror/p32.t2.csv,normal
normal_p32_t2,t2,normal,2008-04-15T17:09:55.215910,Use kitchen sink water,activity,AD1-B,0.0382428,adl_noerror/p32.t2.csv,normal
normal_p32_t2,t2,normal,2008-04-15T17:10:37.557377,Move within kitchen,activity,M17,ON,adl_noerror/p32.t2.csv,normal
normal_p32_t3,t3,normal,2008-04-15T17:11:13.513923,Enter kitchen,activity,M17,ON,adl_noerror/p32.t3.csv,normal
normal_p32_t3,t3,normal,2008-04-15T17:11:13.780927,Open kitchen cabinet,activity,D01,OPEN,adl_noerror/p32.t3.csv,normal
normal_p32_t3,t3,normal,2008-04-15T17:11:15.648044,Take raisins,activity,I02,ABSENT,adl_noerror/p32.t3.csv,normal
normal_p32_t3,t3,normal,2008-04-15T17:11:17.802187,Take measuring spoon,activity,I05,ABSENT,adl_noerror/p32.t3.csv,normal
normal_p32_t3,t3,normal,2008-04-15T17:11:18.438098,Move within kitchen,activity,M17,ON,adl_noerror/p32.t3.csv,normal
normal_p32_t3,t3,normal,2008-04-15T17:11:19.631008,Take oatmeal,activity,I01,ABSENT,adl_noerror/p32.t3.csv,normal
normal_p32_t3,t3,normal,2008-04-15T17:11:23.121110,Take bowl,activity,I04,ABSENT,adl_noerror/p32.t3.csv,normal
normal_p32_t3,t3,normal,2008-04-15T17:11:25.503430,Take brown sugar,activity,I03,ABSENT,adl_noerror/p32.t3.csv,normal
normal_p32_t3,t3,normal,2008-04-15T17:11:27.349797,Return brown sugar,activity,I03,PRESENT,adl_noerror/p32.t3.csv,normal
normal_p32_t3,t3,normal,2008-04-15T17:11:27.955689,Take brown sugar,activity,I03,ABSENT,adl_noerror/p32.t3.csv,normal
normal_p32_t3,t3,normal,2008-04-15T17:11:31.506597,Return brown sugar,activity,I03,PRESENT,adl_noerror/p32.t3.csv,normal
normal_p32_t3,t3,normal,2008-04-15T17:11:32.824172,Move within kitchen,activity,M17,ON,adl_noerror/p32.t3.csv,normal
normal_p32_t3,t3,normal,2008-04-15T17:11:33.695913,Close kitchen cabinet,activity,D01,CLOSE,adl_noerror/p32.t3.csv,normal
normal_p32_t3,t3,normal,2008-04-15T17:11:35.320429,Take pot,activity,I07,ABSENT,adl_noerror/p32.t3.csv,normal
normal_p32_t3,t3,normal,2008-04-15T17:11:52.374300,Use burner,activity,AD1-A,2.81059,adl_noerror/p32.t3.csv,normal
normal_p32_t3,t3,normal,2008-04-15T17:11:52.530636,Move within kitchen,activity,M17,ON,adl_noerror/p32.t3.csv,normal
normal_p32_t3,t3,normal,2008-04-15T17:11:58.256440,Use kitchen sink water,activity,AD1-B,0.0392584,adl_noerror/p32.t3.csv,normal
normal_p32_t3,t3,normal,2008-04-15T17:12:05.535538,Move within kitchen,activity,M17,ON,adl_noerror/p32.t3.csv,normal
normal_p32_t3,t3,normal,2008-04-15T17:12:25.234880,Use burner,activity,AD1-A,3.28403,adl_noerror/p32.t3.csv,normal
normal_p32_t3,t3,normal,2008-04-15T17:12:40.507614,Move within kitchen,activity,M17,ON,adl_noerror/p32.t3.csv,normal
normal_p32_t3,t3,normal,2008-04-15T17:13:28.248800,Use burner,activity,AD1-A,3.31841,adl_noerror/p32.t3.csv,normal
normal_p32_t3,t3,normal,2008-04-15T17:13:58.537001,Move within kitchen,activity,M17,ON,adl_noerror/p32.t3.csv,normal
normal_p32_t3,t3,normal,2008-04-15T17:13:58.811000,Use burner,activity,AD1-A,2.98419,adl_noerror/p32.t3.csv,normal
normal_p32_t3,t3,normal,2008-04-15T17:14:05.482860,Open kitchen cabinet,activity,D01,OPEN,adl_noerror/p32.t3.csv,normal
normal_p32_t3,t3,normal,2008-04-15T17:14:09.428996,Move within kitchen,activity,M17,ON,adl_noerror/p32.t3.csv,normal
normal_p32_t3,t3,normal,2008-04-15T17:14:09.905866,Close kitchen cabinet,activity,D01,CLOSE,adl_noerror/p32.t3.csv,normal
normal_p32_t3,t3,normal,2008-04-15T17:14:31.110730,Use burner,activity,AD1-A,3.10434,adl_noerror/p32.t3.csv,normal
normal_p32_t3,t3,normal,2008-04-15T17:14:35.168940,Move within kitchen,activity,M17,ON,adl_noerror/p32.t3.csv,normal
normal_p32_t3,t3,normal,2008-04-15T17:15:01.118840,Use burner,activity,AD1-A,3.17427,adl_noerror/p32.t3.csv,normal
normal_p32_t3,t3,normal,2008-04-15T17:15:32.218693,Move within kitchen,activity,M17,ON,adl_noerror/p32.t3.csv,normal
normal_p32_t3,t3,normal,2008-04-15T17:16:04.958700,Use burner,activity,AD1-A,3.12567,adl_noerror/p32.t3.csv,normal
normal_p32_t3,t3,normal,2008-04-15T17:16:58.723754,Move within kitchen,activity,M17,ON,adl_noerror/p32.t3.csv,normal
normal_p32_t3,t3,normal,2008-04-15T17:17:10.245880,Use burner,activity,AD1-A,3.03669,adl_noerror/p32.t3.csv,normal
normal_p32_t3,t3,normal,2008-04-15T17:17:18.363102,Move within kitchen,activity,M17,ON,adl_noerror/p32.t3.csv,normal
normal_p32_t3,t3,normal,2008-04-15T17:17:52.276600,Use burner,activity,AD1-A,2.83247,adl_noerror/p32.t3.csv,normal
normal_p32_t3,t3,normal,2008-04-15T17:18:03.799840,Move within kitchen,activity,M17,ON,adl_noerror/p32.t3.csv,normal
normal_p32_t4,t4,normal,2008-04-15T17:19:34.568658,Enter kitchen,activity,M17,ON,adl_noerror/p32.t4.csv,normal
normal_p32_t4,t4,normal,2008-04-15T17:19:34.785599,Open kitchen cabinet,activity,D01,OPEN,adl_noerror/p32.t4.csv,normal
normal_p32_t4,t4,normal,2008-04-15T17:19:36.119205,Take brown sugar,activity,I03,ABSENT,adl_noerror/p32.t4.csv,normal
normal_p32_t4,t4,normal,2008-04-15T17:19:37.927691,Move within kitchen,activity,M17,ON,adl_noerror/p32.t4.csv,normal
normal_p32_t4,t4,normal,2008-04-15T17:19:41.734761,Close kitchen cabinet,activity,D01,CLOSE,adl_noerror/p32.t4.csv,normal
normal_p32_t4,t4,normal,2008-04-15T17:19:43.144200,Use kitchen sink water,activity,AD1-C,0.0356646,adl_noerror/p32.t4.csv,normal
normal_p32_t4,t4,normal,2008-04-15T17:19:50.363280,Move within kitchen,activity,M17,ON,adl_noerror/p32.t4.csv,normal
normal_p32_t4,t4,normal,2008-04-15T17:19:52.956921,Move from kitchen to dining room,activity,M15,ON,adl_noerror/p32.t4.csv,normal
normal_p32_t4,t4,normal,2008-04-15T17:19:53.475853,Move within dining room,activity,M14,ON,adl_noerror/p32.t4.csv,normal
normal_p32_t4,t4,normal,2008-04-15T17:19:56.665075,Move within kitchen,activity,M16,ON,adl_noerror/p32.t4.csv,normal
normal_p32_t4,t4,normal,2008-04-15T17:20:00.872906,Move from kitchen to dining room,activity,M15,ON,adl_noerror/p32.t4.csv,normal
normal_p32_t4,t4,normal,2008-04-15T17:20:01.640708,Move within dining room,activity,M14,ON,adl_noerror/p32.t4.csv,normal
normal_p32_t5,t5,normal,2008-04-15T17:21:05.498538,Enter dining room,activity,M13,ON,adl_noerror/p32.t5.csv,normal
normal_p32_t5,t5,normal,2008-04-15T17:21:15.791685,Move within dining room,activity,M14,ON,adl_noerror/p32.t5.csv,normal
normal_p32_t5,t5,normal,2008-04-15T17:21:17.723386,Move from dining room to kitchen,activity,M16,ON,adl_noerror/p32.t5.csv,normal
normal_p32_t5,t5,normal,2008-04-15T17:21:19.488959,Move within kitchen,activity,M17,ON,adl_noerror/p32.t5.csv,normal
normal_p32_t5,t5,normal,2008-04-15T17:21:20.866502,Open kitchen cabinet,activity,D01,OPEN,adl_noerror/p32.t5.csv,normal
normal_p32_t5,t5,normal,2008-04-15T17:21:22.472056,Return medicine container,activity,I06,PRESENT,adl_noerror/p32.t5.csv,normal
normal_p32_t5,t5,normal,2008-04-15T17:21:23.488630,Close kitchen cabinet,activity,D01,CLOSE,adl_noerror/p32.t5.csv,normal
normal_p32_t5,t5,normal,2008-04-15T17:21:23.941813,Move within kitchen,activity,M16,ON,adl_noerror/p32.t5.csv,normal
normal_p32_t5,t5,normal,2008-04-15T17:21:24.443826,Move from kitchen to dining room,activity,M15,ON,adl_noerror/p32.t5.csv,normal
normal_p32_t5,t5,normal,2008-04-15T17:21:24.960873,Move within dining room,activity,M14,ON,adl_noerror/p32.t5.csv,normal
normal_p32_t5,t5,normal,2008-04-15T17:21:27.772031,Move from dining room to kitchen,activity,M16,ON,adl_noerror/p32.t5.csv,normal
normal_p32_t5,t5,normal,2008-04-15T17:21:29.411310,Move within kitchen,activity,M17,ON,adl_noerror/p32.t5.csv,normal
normal_p32_t5,t5,normal,2008-04-15T17:21:40.225410,Use kitchen sink water,activity,AD1-C,0.0369537,adl_noerror/p32.t5.csv,normal
normal_p32_t5,t5,normal,2008-04-15T17:22:14.982041,Move within kitchen,activity,M17,ON,adl_noerror/p32.t5.csv,normal
normal_p32_t5,t5,normal,2008-04-15T17:22:49.184770,Use kitchen sink water,activity,AD1-C,0.57122,adl_noerror/p32.t5.csv,normal
normal_p32_t5,t5,normal,2008-04-15T17:22:57.718972,Move within kitchen,activity,M17,ON,adl_noerror/p32.t5.csv,normal
normal_p32_t5,t5,normal,2008-04-15T17:23:19.806300,Use kitchen sink water,activity,AD1-C,0.572977,adl_noerror/p32.t5.csv,normal
normal_p32_t5,t5,normal,2008-04-15T17:23:19.995223,Move within kitchen,activity,M17,ON,adl_noerror/p32.t5.csv,normal
normal_p32_t5,t5,normal,2008-04-15T17:23:58.861900,Use kitchen sink water,activity,AD1-C,0.583603,adl_noerror/p32.t5.csv,normal
normal_p32_t5,t5,normal,2008-04-15T17:24:19.535620,Move within kitchen,activity,M17,ON,adl_noerror/p32.t5.csv,normal
normal_p32_t5,t5,normal,2008-04-15T17:24:31.167240,Use kitchen sink water,activity,AD1-B,0.0419538,adl_noerror/p32.t5.csv,normal
normal_p32_t5,t5,normal,2008-04-15T17:25:09.992710,Move within kitchen,activity,M18,ON,adl_noerror/p32.t5.csv,normal
normal_p32_t5,t5,normal,2008-04-15T17:25:10.144707,Use kitchen sink water,activity,AD1-C,0.556883,adl_noerror/p32.t5.csv,normal
normal_p32_t5,t5,normal,2008-04-15T17:25:13.558670,Move within kitchen,activity,M17,ON,adl_noerror/p32.t5.csv,normal
normal_p32_t5,t5,normal,2008-04-15T17:25:34.147200,Open kitchen cabinet,activity,D01,OPEN,adl_noerror/p32.t5.csv,normal
normal_p32_t5,t5,normal,2008-04-15T17:25:38.655972,Return measuring spoon,activity,I05,PRESENT,adl_noerror/p32.t5.csv,normal
normal_p32_t5,t5,normal,2008-04-15T17:25:40.551735,Return bowl,activity,I04,PRESENT,adl_noerror/p32.t5.csv,normal
normal_p32_t5,t5,normal,2008-04-15T17:25:41.828358,Move within kitchen,activity,M17,ON,adl_noerror/p32.t5.csv,normal
normal_p32_t5,t5,normal,2008-04-15T17:25:42.967037,Close kitchen cabinet,activity,D01,CLOSE,adl_noerror/p32.t5.csv,normal
normal_p32_t5,t5,normal,2008-04-15T17:25:44.894441,Move within kitchen,activity,M18,ON,adl_noerror/p32.t5.csv,normal
normal_p40_t1,t1,normal,2008-02-26T10:50:08.326396,Enter dining room,activity,M07,ON,adl_noerror/p40.t1.csv,normal
normal_p40_t1,t1,normal,2008-02-26T10:50:08.584328,Move within dining room,activity,M08,ON,adl_noerror/p40.t1.csv,normal
normal_p40_t1,t1,normal,2008-02-26T10:50:14.900598,Take phone book,activity,I08,ABSENT,adl_noerror/p40.t1.csv,normal
normal_p40_t1,t1,normal,2008-02-26T10:50:21.550833,Move within dining room,activity,M13,ON,adl_noerror/p40.t1.csv,normal
normal_p40_t1,t1,normal,2008-02-26T10:50:52.000000,Start phone use,activity,asterisk,START,adl_noerror/p40.t1.csv,normal
normal_p40_t1,t1,normal,2008-02-26T10:50:54.776673,Move within dining room,activity,M13,ON,adl_noerror/p40.t1.csv,normal
normal_p40_t1,t1,normal,2008-02-26T10:51:40.000000,End phone use,activity,asterisk,END,adl_noerror/p40.t1.csv,normal
normal_p40_t1,t1,normal,2008-02-26T10:51:42.941213,Move within dining room,activity,M13,ON,adl_noerror/p40.t1.csv,normal
normal_p40_t2,t2,normal,2008-02-26T10:52:19.476505,Enter kitchen,activity,M16,ON,adl_noerror/p40.t2.csv,normal
normal_p40_t2,t2,normal,2008-02-26T10:52:20.320244,Move within kitchen,activity,M17,ON,adl_noerror/p40.t2.csv,normal
normal_p40_t2,t2,normal,2008-02-26T10:53:40.707378,Open kitchen cabinet,activity,D01,OPEN,adl_noerror/p40.t2.csv,normal
normal_p40_t2,t2,normal,2008-02-26T10:53:43.512642,Take raisins,activity,I02,ABSENT,adl_noerror/p40.t2.csv,normal
normal_p40_t2,t2,normal,2008-02-26T10:53:43.978491,Take oatmeal,activity,I01,ABSENT,adl_noerror/p40.t2.csv,normal
normal_p40_t2,t2,normal,2008-02-26T10:53:44.254488,Return oatmeal,activity,I01,PRESENT,adl_noerror/p40.t2.csv,normal
normal_p40_t2,t2,normal,2008-02-26T10:53:44.972231,Take measuring spoon,activity,I05,ABSENT,adl_noerror/p40.t2.csv,normal
normal_p40_t2,t2,normal,2008-02-26T10:53:47.883443,Close kitchen cabinet,activity,D01,CLOSE,adl_noerror/p40.t2.csv,normal
normal_p40_t2,t2,normal,2008-02-26T10:53:52.112690,Use kitchen sink water,activity,AD1-B,0.0421491,adl_noerror/p40.t2.csv,normal
normal_p40_t2,t2,normal,2008-02-26T10:53:54.721822,Move within kitchen,activity,M17,ON,adl_noerror/p40.t2.csv,normal
normal_p40_t3,t3,normal,2008-02-26T10:54:01.605336,Take pot,activity,I07,ABSENT,adl_noerror/p40.t3.csv,normal
normal_p40_t3,t3,normal,2008-02-26T10:54:07.614745,Move within kitchen,activity,M17,ON,adl_noerror/p40.t3.csv,normal
normal_p40_t3,t3,normal,2008-02-26T10:54:09.695564,Open kitchen cabinet,activity,D01,OPEN,adl_noerror/p40.t3.csv,normal
normal_p40_t3,t3,normal,2008-02-26T10:54:10.135560,Use burner,activity,AD1-A,2.8145,adl_noerror/p40.t3.csv,normal
normal_p40_t3,t3,normal,2008-02-26T10:54:10.547490,Move within kitchen,activity,M17,ON,adl_noerror/p40.t3.csv,normal
normal_p40_t3,t3,normal,2008-02-26T10:54:10.924441,Take oatmeal,activity,I01,ABSENT,adl_noerror/p40.t3.csv,normal
normal_p40_t3,t3,normal,2008-02-26T10:54:21.550241,Close kitchen cabinet,activity,D01,CLOSE,adl_noerror/p40.t3.csv,normal
normal_p40_t3,t3,normal,2008-02-26T10:54:24.292298,Move within kitchen,activity,M17,ON,adl_noerror/p40.t3.csv,normal
normal_p40_t3,t3,normal,2008-02-26T10:55:13.167090,Use burner,activity,AD1-A,3.2795,adl_noerror/p40.t3.csv,normal
normal_p40_t3,t3,normal,2008-02-26T10:55:18.989824,Open kitchen cabinet,activity,D01,OPEN,adl_noerror/p40.t3.csv,normal
normal_p40_t3,t3,normal,2008-02-26T10:55:19.549746,Move within kitchen,activity,M17,ON,adl_noerror/p40.t3.csv,normal
normal_p40_t3,t3,normal,2008-02-26T10:55:24.552396,Close kitchen cabinet,activity,D01,CLOSE,adl_noerror/p40.t3.csv,normal
normal_p40_t3,t3,normal,2008-02-26T10:55:24.885270,Move within kitchen,activity,M17,ON,adl_noerror/p40.t3.csv,normal
normal_p40_t3,t3,normal,2008-02-26T10:55:56.922166,Open kitchen cabinet,activity,D01,OPEN,adl_noerror/p40.t3.csv,normal
normal_p40_t3,t3,normal,2008-02-26T10:55:58.579699,Close kitchen cabinet,activity,D01,CLOSE,adl_noerror/p40.t3.csv,normal
normal_p40_t3,t3,normal,2008-02-26T10:55:59.169544,Move within kitchen,activity,M17,ON,adl_noerror/p40.t3.csv,normal
normal_p40_t3,t3,normal,2008-02-26T10:56:02.856548,Open kitchen cabinet,activity,D01,OPEN,adl_noerror/p40.t3.csv,normal
normal_p40_t3,t3,normal,2008-02-26T10:56:08.472997,Take brown sugar,activity,I03,ABSENT,adl_noerror/p40.t3.csv,normal
normal_p40_t3,t3,normal,2008-02-26T10:56:12.997824,Return brown sugar,activity,I03,PRESENT,adl_noerror/p40.t3.csv,normal
normal_p40_t3,t3,normal,2008-02-26T10:56:14.958996,Move within kitchen,activity,M17,ON,adl_noerror/p40.t3.csv,normal
normal_p40_t3,t3,normal,2008-02-26T10:56:19.915460,Take bowl,activity,I04,ABSENT,adl_noerror/p40.t3.csv,normal
normal_p40_t3,t3,normal,2008-02-26T10:56:27.412112,Return oatmeal,activity,I01,PRESENT,adl_noerror/p40.t3.csv,normal
normal_p40_t3,t3,normal,2008-02-26T10:56:29.441629,Return raisins,activity,I02,PRESENT,adl_noerror/p40.t3.csv,normal
normal_p40_t3,t3,normal,2008-02-26T10:56:32.879070,Close kitchen cabinet,activity,D01,CLOSE,adl_noerror/p40.t3.csv,normal
normal_p40_t3,t3,normal,2008-02-26T10:56:34.962806,Move within kitchen,activity,M17,ON,adl_noerror/p40.t3.csv,normal
normal_p40_t3,t3,normal,2008-02-26T10:57:17.665131,Open kitchen cabinet,activity,D01,OPEN,adl_noerror/p40.t3.csv,normal
normal_p40_t3,t3,normal,2008-02-26T10:57:24.845760,Close kitchen cabinet,activity,D01,CLOSE,adl_noerror/p40.t3.csv,normal
normal_p40_t3,t3,normal,2008-02-26T10:57:40.268000,Use burner,activity,AD1-A,3.32966,adl_noerror/p40.t3.csv,normal
normal_p40_t3,t3,normal,2008-02-26T10:57:41.163060,Move within kitchen,activity,M17,ON,adl_noerror/p40.t3.csv,normal
normal_p40_t3,t3,normal,2008-02-26T10:58:37.160150,Use burner,activity,AD1-A,2.98614,adl_noerror/p40.t3.csv,normal
normal_p40_t3,t3,normal,2008-02-26T10:59:16.794561,Move within kitchen,activity,M17,ON,adl_noerror/p40.t3.csv,normal
normal_p40_t3,t3,normal,2008-02-26T10:59:46.261220,Use burner,activity,AD1-A,3.04692,adl_noerror/p40.t3.csv,normal
normal_p40_t4,t4,normal,2008-02-26T11:00:56.483203,Enter kitchen,activity,M17,ON,adl_noerror/p40.t4.csv,normal
normal_p40_t4,t4,normal,2008-02-26T11:01:10.714915,Open kitchen cabinet,activity,D01,OPEN,adl_noerror/p40.t4.csv,normal
normal_p40_t4,t4,normal,2008-02-26T11:01:12.386862,Move within kitchen,activity,M17,ON,adl_noerror/p40.t4.csv,normal
normal_p40_t4,t4,normal,2008-02-26T11:01:13.459732,Take brown sugar,activity,I03,ABSENT,adl_noerror/p40.t4.csv,normal
normal_p40_t4,t4,normal,2008-02-26T11:01:15.466196,Move within kitchen,activity,M17,ON,adl_noerror/p40.t4.csv,normal
normal_p40_t4,t4,normal,2008-02-26T11:01:15.906077,Take medicine container,activity,I06,ABSENT,adl_noerror/p40.t4.csv,normal
normal_p40_t4,t4,normal,2008-02-26T11:01:17.110755,Move within kitchen,activity,M17,ON,adl_noerror/p40.t4.csv,normal
normal_p40_t4,t4,normal,2008-02-26T11:01:18.261431,Close kitchen cabinet,activity,D01,CLOSE,adl_noerror/p40.t4.csv,normal
normal_p40_t4,t4,normal,2008-02-26T11:01:22.133520,Use kitchen sink water,activity,AD1-C,0.0358599,adl_noerror/p40.t4.csv,normal
normal_p40_t4,t4,normal,2008-02-26T11:01:29.174410,Move within kitchen,activity,M17,ON,adl_noerror/p40.t4.csv,normal
normal_p40_t4,t4,normal,2008-02-26T11:01:32.117595,Move from kitchen to dining room,activity,M15,ON,adl_noerror/p40.t4.csv,normal
normal_p40_t4,t4,normal,2008-02-26T11:01:32.565486,Move within dining room,activity,M14,ON,adl_noerror/p40.t4.csv,normal
normal_p40_t4,t4,normal,2008-02-26T11:01:37.534147,Move from dining room to kitchen,activity,M16,ON,adl_noerror/p40.t4.csv,normal
normal_p40_t4,t4,normal,2008-02-26T11:01:38.802791,Move within kitchen,activity,M17,ON,adl_noerror/p40.t4.csv,normal
normal_p40_t4,t4,normal,2008-02-26T11:01:42.972649,Move from kitchen to dining room,activity,M15,ON,adl_noerror/p40.t4.csv,normal
normal_p40_t4,t4,normal,2008-02-26T11:01:43.607492,Move within dining room,activity,M14,ON,adl_noerror/p40.t4.csv,normal
normal_p40_t5,t5,normal,2008-02-26T11:03:25.847764,Enter dining room,activity,M14,ON,adl_noerror/p40.t5.csv,normal
normal_p40_t5,t5,normal,2008-02-26T11:03:27.259880,Move within dining room,activity,M15,ON,adl_noerror/p40.t5.csv,normal
normal_p40_t5,t5,normal,2008-02-26T11:03:27.613850,Move from dining room to kitchen,activity,M16,ON,adl_noerror/p40.t5.csv,normal
normal_p40_t5,t5,normal,2008-02-26T11:03:29.177737,Move within kitchen,activity,M17,ON,adl_noerror/p40.t5.csv,normal
normal_p40_t5,t5,normal,2008-02-26T11:03:36.313840,Open kitchen cabinet,activity,D01,OPEN,adl_noerror/p40.t5.csv,normal
normal_p40_t5,t5,normal,2008-02-26T11:03:38.322310,Return medicine container,activity,I06,PRESENT,adl_noerror/p40.t5.csv,normal
normal_p40_t5,t5,normal,2008-02-26T11:03:40.517792,Close kitchen cabinet,activity,D01,CLOSE,adl_noerror/p40.t5.csv,normal
normal_p40_t5,t5,normal,2008-02-26T11:03:40.517792,Move within kitchen,activity,M17,ON,adl_noerror/p40.t5.csv,normal
normal_p40_t5,t5,normal,2008-02-26T11:03:58.286300,Use kitchen sink water,activity,AD1-C,0.0418756,adl_noerror/p40.t5.csv,normal
normal_p40_t5,t5,normal,2008-02-26T11:04:50.990341,Move within kitchen,activity,M17,ON,adl_noerror/p40.t5.csv,normal
normal_p40_t5,t5,normal,2008-02-26T11:04:55.161840,Use kitchen sink water,activity,AD1-C,0.0433991,adl_noerror/p40.t5.csv,normal
normal_p40_t5,t5,normal,2008-02-26T11:05:31.767526,Move within kitchen,activity,M17,ON,adl_noerror/p40.t5.csv,normal
normal_p40_t5,t5,normal,2008-02-26T11:06:16.806100,Use kitchen sink water,activity,AD1-C,0.363248,adl_noerror/p40.t5.csv,normal
normal_p40_t5,t5,normal,2008-02-26T11:06:29.992928,Move within kitchen,activity,M17,ON,adl_noerror/p40.t5.csv,normal
normal_p41_t1,t1,normal,2008-02-26T16:10:50.915127,Enter dining room,activity,M01,ON,adl_noerror/p41.t1.csv,normal
normal_p41_t1,t1,normal,2008-02-26T16:10:51.828878,Move within dining room,activity,M07,ON,adl_noerror/p41.t1.csv,normal
normal_p41_t1,t1,normal,2008-02-26T16:10:54.328247,Move from dining room to kitchen,activity,M16,ON,adl_noerror/p41.t1.csv,normal
normal_p41_t1,t1,normal,2008-02-26T16:10:54.562650,Move from kitchen to dining room,activity,M15,ON,adl_noerror/p41.t1.csv,normal
normal_p41_t1,t1,normal,2008-02-26T16:10:56.835521,Move from dining room to kitchen,activity,M17,ON,adl_noerror/p41.t1.csv,normal
normal_p41_t1,t1,normal,2008-02-26T16:10:58.625760,Move within kitchen,activity,M18,ON,adl_noerror/p41.t1.csv,normal
normal_p41_t1,t1,normal,2008-02-26T16:11:02.543989,Move from kitchen to dining room,activity,M15,ON,adl_noerror/p41.t1.csv,normal
normal_p41_t1,t1,normal,2008-02-26T16:11:02.620740,Move from dining room to kitchen,activity,M16,ON,adl_noerror/p41.t1.csv,normal
normal_p41_t1,t1,normal,2008-02-26T16:11:02.945828,Move from kitchen to dining room,activity,M14,ON,adl_noerror/p41.t1.csv,normal
normal_p41_t1,t1,normal,2008-02-26T16:11:05.787146,Move within dining room,activity,M13,ON,adl_noerror/p41.t1.csv,normal
normal_p41_t1,t1,normal,2008-02-26T16:11:07.506623,Take phone book,activity,I08,ABSENT,adl_noerror/p41.t1.csv,normal
normal_p41_t1,t1,normal,2008-02-26T16:11:30.754637,Move within dining room,activity,M13,ON,adl_noerror/p41.t1.csv,normal
normal_p41_t1,t1,normal,2008-02-26T16:12:42.000000,Start phone use,activity,asterisk,START,adl_noerror/p41.t1.csv,normal
normal_p41_t1,t1,normal,2008-02-26T16:12:44.650644,Move within dining room,activity,M13,ON,adl_noerror/p41.t1.csv,normal
normal_p41_t1,t1,normal,2008-02-26T16:13:31.000000,End phone use,activity,asterisk,END,adl_noerror/p41.t1.csv,normal
normal_p41_t1,t1,normal,2008-02-26T16:13:37.719225,Move within dining room,activity,M13,ON,adl_noerror/p41.t1.csv,normal
normal_p41_t1,t1,normal,2008-02-26T16:13:44.533148,Return phone book,activity,I08,PRESENT,adl_noerror/p41.t1.csv,normal
normal_p41_t2,t2,normal,2008-02-26T16:13:54.879309,Enter dining room,activity,M13,ON,adl_noerror/p41.t2.csv,normal
normal_p41_t2,t2,normal,2008-02-26T16:14:01.692103,Move within dining room,activity,M14,ON,adl_noerror/p41.t2.csv,normal
normal_p41_t2,t2,normal,2008-02-26T16:14:03.467618,Move from dining room to kitchen,activity,M16,ON,adl_noerror/p41.t2.csv,normal
normal_p41_t2,t2,normal,2008-02-26T16:14:03.807310,Move from kitchen to dining room,activity,M15,ON,adl_noerror/p41.t2.csv,normal
normal_p41_t2,t2,normal,2008-02-26T16:14:04.677288,Move from dining room to kitchen,activity,M17,ON,adl_noerror/p41.t2.csv,normal
normal_p41_t2,t2,normal,2008-02-26T16:14:13.209700,Use kitchen sink water,activity,AD1-B,0.0630088,adl_noerror/p41.t2.csv,normal
normal_p41_t2,t2,normal,2008-02-26T16:14:32.133882,Move within kitchen,activity,M17,ON,adl_noerror/p41.t2.csv,normal
normal_p41_t3,t3,normal,2008-02-26T16:15:03.385921,Enter kitchen,activity,M17,ON,adl_noerror/p41.t3.csv,normal
normal_p41_t3,t3,normal,2008-02-26T16:15:05.978600,Open kitchen cabinet,activity,D01,OPEN,adl_noerror/p41.t3.csv,normal
normal_p41_t3,t3,normal,2008-02-26T16:15:08.411810,Take oatmeal,activity,I01,ABSENT,adl_noerror/p41.t3.csv,normal
normal_p41_t3,t3,normal,2008-02-26T16:15:10.476520,Take raisins,activity,I02,ABSENT,adl_noerror/p41.t3.csv,normal
normal_p41_t3,t3,normal,2008-02-26T16:15:12.725897,Take pot,activity,I07,ABSENT,adl_noerror/p41.t3.csv,normal
normal_p41_t3,t3,normal,2008-02-26T16:15:14.809301,Move within kitchen,activity,M17,ON,adl_noerror/p41.t3.csv,normal
normal_p41_t3,t3,normal,2008-02-26T16:15:18.494325,Take brown sugar,activity,I03,ABSENT,adl_noerror/p41.t3.csv,normal
normal_p41_t3,t3,normal,2008-02-26T16:15:19.911919,Return brown sugar,activity,I03,PRESENT,adl_noerror/p41.t3.csv,normal
normal_p41_t3,t3,normal,2008-02-26T16:15:21.339522,Move within kitchen,activity,M17,ON,adl_noerror/p41.t3.csv,normal
normal_p41_t3,t3,normal,2008-02-26T16:15:23.756862,Take measuring spoon,activity,I05,ABSENT,adl_noerror/p41.t3.csv,normal
normal_p41_t3,t3,normal,2008-02-26T16:15:25.472428,Move within kitchen,activity,M17,ON,adl_noerror/p41.t3.csv,normal
normal_p41_t3,t3,normal,2008-02-26T16:15:29.491303,Close kitchen cabinet,activity,D01,CLOSE,adl_noerror/p41.t3.csv,normal
normal_p41_t3,t3,normal,2008-02-26T16:15:36.703305,Move within kitchen,activity,M17,ON,adl_noerror/p41.t3.csv,normal
normal_p41_t3,t3,normal,2008-02-26T16:15:43.727000,Use kitchen sink water,activity,AD1-B,0.0380865,adl_noerror/p41.t3.csv,normal
normal_p41_t3,t3,normal,2008-02-26T16:15:49.572308,Move within kitchen,activity,M17,ON,adl_noerror/p41.t3.csv,normal
normal_p41_t3,t3,normal,2008-02-26T16:15:58.134930,Use burner,activity,AD1-A,2.807,adl_noerror/p41.t3.csv,normal
normal_p41_t3,t3,normal,2008-02-26T16:16:04.981905,Move within kitchen,activity,M17,ON,adl_noerror/p41.t3.csv,normal
normal_p41_t3,t3,normal,2008-02-26T16:16:22.128760,Use kitchen sink water,activity,AD1-B,0.082931,adl_noerror/p41.t3.csv,normal
normal_p41_t3,t3,normal,2008-02-26T16:16:23.879420,Move within kitchen,activity,M17,ON,adl_noerror/p41.t3.csv,normal
normal_p41_t3,t3,normal,2008-02-26T16:16:28.182420,Use burner,activity,AD1-A,3.252,adl_noerror/p41.t3.csv,normal
normal_p41_t3,t3,normal,2008-02-26T16:16:28.523204,Move within kitchen,activity,M17,ON,adl_noerror/p41.t3.csv,normal
normal_p41_t3,t3,normal,2008-02-26T16:18:07.177600,Use burner,activity,AD1-A,3.31919,adl_noerror/p41.t3.csv,normal
normal_p41_t3,t3,normal,2008-02-26T16:19:44.345505,Move within kitchen,activity,M17,ON,adl_noerror/p41.t3.csv,normal
normal_p41_t3,t3,normal,2008-02-26T16:20:51.542107,Open kitchen cabinet,activity,D01,OPEN,adl_noerror/p41.t3.csv,normal
normal_p41_t3,t3,normal,2008-02-26T16:20:55.956883,Take bowl,activity,I04,ABSENT,adl_noerror/p41.t3.csv,normal
normal_p41_t3,t3,normal,2008-02-26T16:20:59.120024,Close kitchen cabinet,activity,D01,CLOSE,adl_noerror/p41.t3.csv,normal
normal_p41_t3,t3,normal,2008-02-26T16:21:01.485387,Move within kitchen,activity,M17,ON,adl_noerror/p41.t3.csv,normal
normal_p41_t4,t4,normal,2008-02-26T16:21:57.925059,Enter kitchen,activity,M17,ON,adl_noerror/p41.t4.csv,normal
normal_p41_t4,t4,normal,2008-02-26T16:22:00.484680,Open kitchen cabinet,activity,D01,OPEN,adl_noerror/p41.t4.csv,normal
normal_p41_t4,t4,normal,2008-02-26T16:22:01.638040,Take brown sugar,activity,I03,ABSENT,adl_noerror/p41.t4.csv,normal
normal_p41_t4,t4,normal,2008-02-26T16:22:07.155230,Use kitchen sink water,activity,AD1-B,0.0323833,adl_noerror/p41.t4.csv,normal
normal_p41_t4,t4,normal,2008-02-26T16:22:13.498871,Move within kitchen,activity,M17,ON,adl_noerror/p41.t4.csv,normal
normal_p41_t4,t4,normal,2008-02-26T16:22:14.714459,Take medicine container,activity,I06,ABSENT,adl_noerror/p41.t4.csv,normal
normal_p41_t4,t4,normal,2008-02-26T16:22:18.115860,Close kitchen cabinet,activity,D01,CLOSE,adl_noerror/p41.t4.csv,normal
normal_p41_t4,t4,normal,2008-02-26T16:22:19.659190,Move within kitchen,activity,M17,ON,adl_noerror/p41.t4.csv,normal
normal_p41_t4,t4,normal,2008-02-26T16:22:22.498431,Move from kitchen to dining room,activity,M15,ON,adl_noerror/p41.t4.csv,normal
normal_p41_t4,t4,normal,2008-02-26T16:22:25.929418,Move within dining room,activity,M14,ON,adl_noerror/p41.t4.csv,normal
normal_p41_t4,t4,normal,2008-02-26T16:22:26.529266,Move from dining room to kitchen,activity,M16,ON,adl_noerror/p41.t4.csv,normal
normal_p41_t4,t4,normal,2008-02-26T16:22:27.726947,Move within kitchen,activity,M17,ON,adl_noerror/p41.t4.csv,normal
normal_p41_t4,t4,normal,2008-02-26T16:22:30.550273,Move from kitchen to dining room,activity,M15,ON,adl_noerror/p41.t4.csv,normal
normal_p41_t4,t4,normal,2008-02-26T16:22:31.529348,Move within dining room,activity,M14,ON,adl_noerror/p41.t4.csv,normal
normal_p41_t5,t5,normal,2008-02-26T16:23:28.503578,Enter dining room,activity,M13,ON,adl_noerror/p41.t5.csv,normal
normal_p41_t5,t5,normal,2008-02-26T16:23:42.548247,Move within dining room,activity,M14,ON,adl_noerror/p41.t5.csv,normal
normal_p41_t5,t5,normal,2008-02-26T16:23:44.363790,Move from dining room to kitchen,activity,M16,ON,adl_noerror/p41.t5.csv,normal
normal_p41_t5,t5,normal,2008-02-26T16:23:45.356488,Move within kitchen,activity,M17,ON,adl_noerror/p41.t5.csv,normal
normal_p41_t5,t5,normal,2008-02-26T16:23:52.459818,Move from kitchen to dining room,activity,M15,ON,adl_noerror/p41.t5.csv,normal
normal_p41_t5,t5,normal,2008-02-26T16:23:52.971755,Move within dining room,activity,M14,ON,adl_noerror/p41.t5.csv,normal
normal_p41_t5,t5,normal,2008-02-26T16:23:57.212101,Move from dining room to kitchen,activity,M16,ON,adl_noerror/p41.t5.csv,normal
normal_p41_t5,t5,normal,2008-02-26T16:23:58.613750,Move within kitchen,activity,M17,ON,adl_noerror/p41.t5.csv,normal
normal_p41_t5,t5,normal,2008-02-26T16:24:01.885022,Open kitchen cabinet,activity,D01,OPEN,adl_noerror/p41.t5.csv,normal
normal_p41_t5,t5,normal,2008-02-26T16:24:03.567157,Return medicine container,activity,I06,PRESENT,adl_noerror/p41.t5.csv,normal
normal_p41_t5,t5,normal,2008-02-26T16:24:14.821993,Move within kitchen,activity,M17,ON,adl_noerror/p41.t5.csv,normal
normal_p41_t5,t5,normal,2008-02-26T16:24:22.817806,Return oatmeal,activity,I01,PRESENT,adl_noerror/p41.t5.csv,normal
normal_p41_t5,t5,normal,2008-02-26T16:24:26.738732,Return brown sugar,activity,I03,PRESENT,adl_noerror/p41.t5.csv,normal
normal_p41_t5,t5,normal,2008-02-26T16:24:28.500247,Move within kitchen,activity,M17,ON,adl_noerror/p41.t5.csv,normal
normal_p41_t5,t5,normal,2008-02-26T16:24:29.737901,Take brown sugar,activity,I03,ABSENT,adl_noerror/p41.t5.csv,normal
normal_p41_t5,t5,normal,2008-02-26T16:24:30.109810,Return raisins,activity,I02,PRESENT,adl_noerror/p41.t5.csv,normal
normal_p41_t5,t5,normal,2008-02-26T16:24:31.507435,Move within kitchen,activity,M17,ON,adl_noerror/p41.t5.csv,normal
normal_p41_t5,t5,normal,2008-02-26T16:24:31.641436,Close kitchen cabinet,activity,D01,CLOSE,adl_noerror/p41.t5.csv,normal
normal_p41_t5,t5,normal,2008-02-26T16:24:34.504607,Move within kitchen,activity,M18,ON,adl_noerror/p41.t5.csv,normal
normal_p41_t5,t5,normal,2008-02-26T16:24:52.281800,Use kitchen sink water,activity,AD1-B,0.0700011,adl_noerror/p41.t5.csv,normal
normal_p41_t5,t5,normal,2008-02-26T16:28:01.504966,Move within kitchen,activity,M18,ON,adl_noerror/p41.t5.csv,normal
normal_p41_t5,t5,normal,2008-02-26T16:30:01.135800,Use kitchen sink water,activity,AD1-B,0.364849,adl_noerror/p41.t5.csv,normal
normal_p41_t5,t5,normal,2008-02-26T16:30:03.323754,Move within kitchen,activity,M18,ON,adl_noerror/p41.t5.csv,normal
normal_p42_t1,t1,normal,2008-03-07T12:06:47.469840,Enter corridor,activity,M23,ON,adl_noerror/p42.t1.csv,normal
normal_p42_t1,t1,normal,2008-03-07T12:06:47.754727,Move from corridor to dining room,activity,M07,ON,adl_noerror/p42.t1.csv,normal
normal_p42_t1,t1,normal,2008-03-07T12:06:48.197130,Move within dining room,activity,M08,ON,adl_noerror/p42.t1.csv,normal
normal_p42_t1,t1,normal,2008-03-07T12:06:56.863255,Take phone book,activity,I08,ABSENT,adl_noerror/p42.t1.csv,normal
normal_p42_t1,t1,normal,2008-03-07T12:06:57.309141,Move within dining room,activity,M14,ON,adl_noerror/p42.t1.csv,normal
normal_p42_t1,t1,normal,2008-03-07T12:08:02.000000,Start phone use,activity,asterisk,START,adl_noerror/p42.t1.csv,normal
normal_p42_t1,t1,normal,2008-03-07T12:08:03.551964,Move within dining room,activity,M13,ON,adl_noerror/p42.t1.csv,normal
normal_p42_t1,t1,normal,2008-03-07T12:09:23.000000,End phone use,activity,asterisk,END,adl_noerror/p42.t1.csv,normal
normal_p42_t1,t1,normal,2008-03-07T12:09:35.536415,Move within dining room,activity,M13,ON,adl_noerror/p42.t1.csv,normal
normal_p42_t2,t2,normal,2008-03-07T12:09:44.872797,Enter dining room,activity,M14,ON,adl_noerror/p42.t2.csv,normal
normal_p42_t2,t2,normal,2008-03-07T12:09:45.327200,Move within dining room,activity,M13,ON,adl_noerror/p42.t2.csv,normal
normal_p42_t2,t2,normal,2008-03-07T12:09:47.789201,Move from dining room to kitchen,activity,M16,ON,adl_noerror/p42.t2.csv,normal
normal_p42_t2,t2,normal,2008-03-07T12:09:48.954058,Move within kitchen,activity,M17,ON,adl_noerror/p42.t2.csv,normal
normal_p42_t2,t2,normal,2008-03-07T12:09:50.808912,Use kitchen sink water,activity,AD1-B,0.0385162,adl_noerror/p42.t2.csv,normal
normal_p42_t2,t2,normal,2008-03-07T12:10:05.436593,Move within kitchen,activity,M17,ON,adl_noerror/p42.t2.csv,normal
normal_p42_t3,t3,normal,2008-03-07T12:10:40.770180,Open kitchen cabinet,activity,D01,OPEN,adl_noerror/p42.t3.csv,normal
normal_p42_t3,t3,normal,2008-03-07T12:10:43.190719,Take brown sugar,activity,I03,ABSENT,adl_noerror/p42.t3.csv,normal
normal_p42_t3,t3,normal,2008-03-07T12:10:46.738049,Take raisins,activity,I02,ABSENT,adl_noerror/p42.t3.csv,normal
normal_p42_t3,t3,normal,2008-03-07T12:10:48.783167,Take oatmeal,activity,I01,ABSENT,adl_noerror/p42.t3.csv,normal
normal_p42_t3,t3,normal,2008-03-07T12:10:53.629931,Move within kitchen,activity,M17,ON,adl_noerror/p42.t3.csv,normal
normal_p42_t3,t3,normal,2008-03-07T12:10:53.629931,Take measuring spoon,activity,I05,ABSENT,adl_noerror/p42.t3.csv,normal
normal_p42_t3,t3,normal,2008-03-07T12:10:54.688631,Take bowl,activity,I04,ABSENT,adl_noerror/p42.t3.csv,normal
normal_p42_t3,t3,normal,2008-03-07T12:10:58.303329,Move within kitchen,activity,M17,ON,adl_noerror/p42.t3.csv,normal
normal_p42_t3,t3,normal,2008-03-07T12:10:58.420381,Close kitchen cabinet,activity,D01,CLOSE,adl_noerror/p42.t3.csv,normal
normal_p42_t3,t3,normal,2008-03-07T12:11:07.529000,Move within kitchen,activity,M17,ON,adl_noerror/p42.t3.csv,normal
normal_p42_t3,t3,normal,2008-03-07T12:11:08.119550,Use burner,activity,AD1-A,2.84223,adl_noerror/p42.t3.csv,normal
normal_p42_t3,t3,normal,2008-03-07T12:11:11.221870,Use kitchen sink water,activity,AD1-B,0.0380865,adl_noerror/p42.t3.csv,normal
normal_p42_t3,t3,normal,2008-03-07T12:11:21.412770,Take pot,activity,I07,ABSENT,adl_noerror/p42.t3.csv,normal
normal_p42_t3,t3,normal,2008-03-07T12:11:21.948370,Return pot,activity,I07,PRESENT,adl_noerror/p42.t3.csv,normal
normal_p42_t3,t3,normal,2008-03-07T12:11:29.480550,Move within kitchen,activity,M17,ON,adl_noerror/p42.t3.csv,normal
normal_p42_t3,t3,normal,2008-03-07T12:11:41.173110,Use burner,activity,AD1-A,3.16685,adl_noerror/p42.t3.csv,normal
normal_p42_t3,t3,normal,2008-03-07T12:11:46.943733,Move within kitchen,activity,M17,ON,adl_noerror/p42.t3.csv,normal
normal_p42_t3,t3,normal,2008-03-07T12:12:20.144390,Use burner,activity,AD1-A,3.03536,adl_noerror/p42.t3.csv,normal
normal_p42_t3,t3,normal,2008-03-07T12:12:24.446472,Move within kitchen,activity,M17,ON,adl_noerror/p42.t3.csv,normal
normal_p42_t3,t3,normal,2008-03-07T12:13:02.137580,Use burner,activity,AD1-A,3.27739,adl_noerror/p42.t3.csv,normal
normal_p42_t3,t3,normal,2008-03-07T12:13:07.906219,Move within kitchen,activity,M17,ON,adl_noerror/p42.t3.csv,normal
normal_p42_t3,t3,normal,2008-03-07T12:14:20.968100,Use burner,activity,AD1-A,3.33443,adl_noerror/p42.t3.csv,normal
normal_p42_t3,t3,normal,2008-03-07T12:14:27.700128,Move within kitchen,activity,M17,ON,adl_noerror/p42.t3.csv,normal
normal_p42_t3,t3,normal,2008-03-07T12:14:56.140490,Use burner,activity,AD1-A,2.97786,adl_noerror/p42.t3.csv,normal
normal_p42_t3,t3,normal,2008-03-07T12:15:25.673549,Move within kitchen,activity,M17,ON,adl_noerror/p42.t3.csv,normal
normal_p42_t3,t3,normal,2008-03-07T12:16:29.810990,Use burner,activity,AD1-A,3.0452,adl_noerror/p42.t3.csv,normal
normal_p42_t3,t3,normal,2008-03-07T12:16:30.196846,Move within kitchen,activity,M17,ON,adl_noerror/p42.t3.csv,normal
normal_p42_t3,t3,normal,2008-03-07T12:16:44.237240,Use kitchen sink water,activity,AD1-B,0.051993,adl_noerror/p42.t3.csv,normal
normal_p42_t3,t3,normal,2008-03-07T12:16:47.456928,Move within kitchen,activity,M17,ON,adl_noerror/p42.t3.csv,normal
normal_p42_t4,t4,normal,2008-03-07T12:17:22.974649,Open kitchen cabinet,activity,D01,OPEN,adl_noerror/p42.t4.csv,normal
normal_p42_t4,t4,normal,2008-03-07T12:17:23.753461,Move within kitchen,activity,M17,ON,adl_noerror/p42.t4.csv,normal
normal_p42_t4,t4,normal,2008-03-07T12:17:25.951860,Take medicine container,activity,I06,ABSENT,adl_noerror/p42.t4.csv,normal
normal_p42_t4,t4,normal,2008-03-07T12:17:27.447440,Close kitchen cabinet,activity,D01,CLOSE,adl_noerror/p42.t4.csv,normal
normal_p42_t4,t4,normal,2008-03-07T12:17:32.204300,Use kitchen sink water,activity,AD1-C,0.0480476,adl_noerror/p42.t4.csv,normal
normal_p42_t4,t4,normal,2008-03-07T12:17:37.370326,Move within kitchen,activity,M17,ON,adl_noerror/p42.t4.csv,normal
normal_p42_t4,t4,normal,2008-03-07T12:17:43.261848,Move from kitchen to dining room,activity,M15,ON,adl_noerror/p42.t4.csv,normal
normal_p42_t4,t4,normal,2008-03-07T12:17:43.852797,Move within dining room,activity,M14,ON,adl_noerror/p42.t4.csv,normal
normal_p42_t4,t4,normal,2008-03-07T12:17:47.144350,Move from kitchen to dining room,activity,M13,ON,adl_noerror/p42.t4.csv,normal
normal_p42_t4,t4,normal,2008-03-07T12:17:49.334867,Move within dining room,activity,M13,ON,adl_noerror/p42.t4.csv,normal
normal_p42_t5,t5,normal,2008-03-07T12:19:22.137000,Enter dining room,activity,M13,ON,adl_noerror/p42.t5.csv,normal
normal_p42_t5,t5,normal,2008-03-07T12:19:22.234075,Move within dining room,activity,M14,ON,adl_noerror/p42.t5.csv,normal
normal_p42_t5,t5,normal,2008-03-07T12:19:32.513248,Move from dining room to kitchen,activity,M16,ON,adl_noerror/p42.t5.csv,normal
normal_p42_t5,t5,normal,2008-03-07T12:19:33.607921,Move within kitchen,activity,M17,ON,adl_noerror/p42.t5.csv,normal
normal_p42_t5,t5,normal,2008-03-07T12:19:40.557026,Open kitchen cabinet,activity,D01,OPEN,adl_noerror/p42.t5.csv,normal
normal_p42_t5,t5,normal,2008-03-07T12:19:44.549995,Return oatmeal,activity,I01,PRESENT,adl_noerror/p42.t5.csv,normal
normal_p42_t5,t5,normal,2008-03-07T12:19:48.216932,Return measuring spoon,activity,I05,PRESENT,adl_noerror/p42.t5.csv,normal
normal_p42_t5,t5,normal,2008-03-07T12:19:49.698073,Return raisins,activity,I02,PRESENT,adl_noerror/p42.t5.csv,normal
normal_p42_t5,t5,normal,2008-03-07T12:19:54.892667,Close kitchen cabinet,activity,D01,CLOSE,adl_noerror/p42.t5.csv,normal
normal_p42_t5,t5,normal,2008-03-07T12:19:55.384534,Move within kitchen,activity,M17,ON,adl_noerror/p42.t5.csv,normal
normal_p42_t5,t5,normal,2008-03-07T12:20:14.231760,Use kitchen sink water,activity,AD1-B,0.0378131,adl_noerror/p42.t5.csv,normal
normal_p42_t5,t5,normal,2008-03-07T12:21:32.820244,Move within kitchen,activity,M18,ON,adl_noerror/p42.t5.csv,normal
normal_p42_t5,t5,normal,2008-03-07T12:22:05.359200,Use kitchen sink water,activity,AD1-B,0.320005,adl_noerror/p42.t5.csv,normal
normal_p42_t5,t5,normal,2008-03-07T12:22:55.292570,Move within kitchen,activity,M17,ON,adl_noerror/p42.t5.csv,normal
normal_p42_t5,t5,normal,2008-03-07T12:22:57.739905,Open kitchen cabinet,activity,D01,OPEN,adl_noerror/p42.t5.csv,normal
normal_p42_t5,t5,normal,2008-03-07T12:22:59.518434,Return medicine container,activity,I06,PRESENT,adl_noerror/p42.t5.csv,normal
normal_p42_t5,t5,normal,2008-03-07T12:23:00.675094,Close kitchen cabinet,activity,D01,CLOSE,adl_noerror/p42.t5.csv,normal
normal_p42_t5,t5,normal,2008-03-07T12:23:13.326044,Move within kitchen,activity,M17,ON,adl_noerror/p42.t5.csv,normal
normal_p43_t1,t1,normal,2008-03-07T12:35:16.405155,Enter dining room,activity,M01,ON,adl_noerror/p43.t1.csv,normal
normal_p43_t1,t1,normal,2008-03-07T12:35:16.561044,Move from dining room to corridor,activity,M23,ON,adl_noerror/p43.t1.csv,normal
normal_p43_t1,t1,normal,2008-03-07T12:35:17.491801,Move from corridor to dining room,activity,M07,ON,adl_noerror/p43.t1.csv,normal
normal_p43_t1,t1,normal,2008-03-07T12:35:17.907660,Move within dining room,activity,M08,ON,adl_noerror/p43.t1.csv,normal
normal_p43_t1,t1,normal,2008-03-07T12:35:23.906045,Take phone book,activity,I08,ABSENT,adl_noerror/p43.t1.csv,normal
normal_p43_t1,t1,normal,2008-03-07T12:35:30.485228,Move within dining room,activity,M13,ON,adl_noerror/p43.t1.csv,normal
normal_p43_t1,t1,normal,2008-03-07T12:36:29.000000,Start phone use,activity,asterisk,START,adl_noerror/p43.t1.csv,normal
normal_p43_t1,t1,normal,2008-03-07T12:36:52.416306,Move within dining room,activity,M13,ON,adl_noerror/p43.t1.csv,normal
normal_p43_t1,t1,normal,2008-03-07T12:36:54.000000,End phone use,activity,asterisk,END,adl_noerror/p43.t1.csv,normal
normal_p43_t2,t2,normal,2008-03-07T12:37:12.240660,Enter dining room,activity,M13,ON,adl_noerror/p43.t2.csv,normal
normal_p43_t2,t2,normal,2008-03-07T12:37:14.708261,Move within dining room,activity,M14,ON,adl_noerror/p43.t2.csv,normal
normal_p43_t2,t2,normal,2008-03-07T12:37:16.564070,Move from dining room to kitchen,activity,M16,ON,adl_noerror/p43.t2.csv,normal
normal_p43_t2,t2,normal,2008-03-07T12:37:16.961300,Move from kitchen to dining room,activity,M15,ON,adl_noerror/p43.t2.csv,normal
normal_p43_t2,t2,normal,2008-03-07T12:37:17.453851,Move from dining room to kitchen,activity,M17,ON,adl_noerror/p43.t2.csv,normal
normal_p43_t2,t2,normal,2008-03-07T12:37:17.763764,Move from kitchen to dining room,activity,M13,ON,adl_noerror/p43.t2.csv,normal
normal_p43_t2,t2,normal,2008-03-07T12:37:20.213500,Use kitchen sink water,activity,AD1-B,0.0355865,adl_noerror/p43.t2.csv,normal
normal_p43_t2,t2,normal,2008-03-07T12:37:32.895620,Move within kitchen,activity,M17,ON,adl_noerror/p43.t2.csv,normal
normal_p43_t3,t3,normal,2008-03-07T12:38:07.406048,Enter kitchen,activity,M16,ON,adl_noerror/p43.t3.csv,normal
normal_p43_t3,t3,normal,2008-03-07T12:38:07.577017,Move within kitchen,activity,M17,ON,adl_noerror/p43.t3.csv,normal
normal_p43_t3,t3,normal,2008-03-07T12:38:10.771617,Take pot,activity,I07,ABSENT,adl_noerror/p43.t3.csv,normal
normal_p43_t3,t3,normal,2008-03-07T12:38:11.216210,Use burner,activity,AD1-A,2.83653,adl_noerror/p43.t3.csv,normal
normal_p43_t3,t3,normal,2008-03-07T12:38:12.987094,Open kitchen cabinet,activity,D01,OPEN,adl_noerror/p43.t3.csv,normal
normal_p43_t3,t3,normal,2008-03-07T12:38:13.928821,Take oatmeal,activity,I01,ABSENT,adl_noerror/p43.t3.csv,normal
normal_p43_t3,t3,normal,2008-03-07T12:38:14.177787,Use kitchen sink water,activity,AD1-B,0.0327739,adl_noerror/p43.t3.csv,normal
normal_p43_t3,t3,normal,2008-03-07T12:38:14.694619,Take raisins,activity,I02,ABSENT,adl_noerror/p43.t3.csv,normal
normal_p43_t3,t3,normal,2008-03-07T12:38:16.593212,Take brown sugar,activity,I03,ABSENT,adl_noerror/p43.t3.csv,normal
normal_p43_t3,t3,normal,2008-03-07T12:38:18.252344,Return brown sugar,activity,I03,PRESENT,adl_noerror/p43.t3.csv,normal
normal_p43_t3,t3,normal,2008-03-07T12:38:19.398454,Take measuring spoon,activity,I05,ABSENT,adl_noerror/p43.t3.csv,normal
normal_p43_t3,t3,normal,2008-03-07T12:38:21.212607,Take bowl,activity,I04,ABSENT,adl_noerror/p43.t3.csv,normal
normal_p43_t3,t3,normal,2008-03-07T12:38:23.604663,Close kitchen cabinet,activity,D01,CLOSE,adl_noerror/p43.t3.csv,normal
normal_p43_t3,t3,normal,2008-03-07T12:38:24.618535,Move within kitchen,activity,M17,ON,adl_noerror/p43.t3.csv,normal
normal_p43_t3,t3,normal,2008-03-07T12:38:44.415900,Use burner,activity,AD1-A,3.17856,adl_noerror/p43.t3.csv,normal
normal_p43_t3,t3,normal,2008-03-07T12:38:49.617870,Move within kitchen,activity,M17,ON,adl_noerror/p43.t3.csv,normal
normal_p43_t3,t3,normal,2008-03-07T12:39:35.151450,Use kitchen sink water,activity,AD1-B,0.0504695,adl_noerror/p43.t3.csv,normal
normal_p43_t3,t3,normal,2008-03-07T12:39:39.436965,Move within kitchen,activity,M17,ON,adl_noerror/p43.t3.csv,normal
normal_p43_t3,t3,normal,2008-03-07T12:40:14.102230,Use burner,activity,AD1-A,3.04005,adl_noerror/p43.t3.csv,normal
normal_p43_t3,t3,normal,2008-03-07T12:40:52.288039,Move within kitchen,activity,M17,ON,adl_noerror/p43.t3.csv,normal
normal_p43_t3,t3,normal,2008-03-07T12:41:32.209760,Use burner,activity,AD1-A,2.99481,adl_noerror/p43.t3.csv,normal
normal_p43_t3,t3,normal,2008-03-07T12:41:37.867842,Move within kitchen,activity,M17,ON,adl_noerror/p43.t3.csv,normal
normal_p43_t3,t3,normal,2008-03-07T12:41:41.272650,Use kitchen sink water,activity,AD1-B,0.0438679,adl_noerror/p43.t3.csv,normal
normal_p43_t3,t3,normal,2008-03-07T12:41:43.269454,Move within kitchen,activity,M17,ON,adl_noerror/p43.t3.csv,normal
normal_p43_t3,t3,normal,2008-03-07T12:42:23.150470,Use burner,activity,AD1-A,2.85731,adl_noerror/p43.t3.csv,normal
normal_p43_t4,t4,normal,2008-03-07T12:42:47.439792,Enter kitchen,activity,M16,ON,adl_noerror/p43.t4.csv,normal
normal_p43_t4,t4,normal,2008-03-07T12:42:48.253580,Move within kitchen,activity,M17,ON,adl_noerror/p43.t4.csv,normal
normal_p43_t4,t4,normal,2008-03-07T12:42:48.775616,Open kitchen cabinet,activity,D01,OPEN,adl_noerror/p43.t4.csv,normal
normal_p43_t4,t4,normal,2008-03-07T12:42:50.551820,Take medicine container,activity,I06,ABSENT,adl_noerror/p43.t4.csv,normal
normal_p43_t4,t4,normal,2008-03-07T12:42:51.989884,Take brown sugar,activity,I03,ABSENT,adl_noerror/p43.t4.csv,normal
normal_p43_t4,t4,normal,2008-03-07T12:42:53.456067,Move within kitchen,activity,M17,ON,adl_noerror/p43.t4.csv,normal
normal_p43_t4,t4,normal,2008-03-07T12:42:53.669084,Close kitchen cabinet,activity,D01,CLOSE,adl_noerror/p43.t4.csv,normal
normal_p43_t4,t4,normal,2008-03-07T12:42:56.108990,Use kitchen sink water,activity,AD1-C,0.0320317,adl_noerror/p43.t4.csv,normal
normal_p43_t4,t4,normal,2008-03-07T12:43:03.861620,Move within kitchen,activity,M17,ON,adl_noerror/p43.t4.csv,normal
normal_p43_t4,t4,normal,2008-03-07T12:43:08.481688,Move from kitchen to dining room,activity,M15,ON,adl_noerror/p43.t4.csv,normal
normal_p43_t4,t4,normal,2008-03-07T12:43:08.873626,Move within dining room,activity,M14,ON,adl_noerror/p43.t4.csv,normal
normal_p43_t5,t5,normal,2008-03-07T12:44:36.516320,Enter dining room,activity,M14,ON,adl_noerror/p43.t5.csv,normal
normal_p43_t5,t5,normal,2008-03-07T12:44:37.364010,Move within dining room,activity,M15,ON,adl_noerror/p43.t5.csv,normal
normal_p43_t5,t5,normal,2008-03-07T12:44:37.408303,Move from dining room to kitchen,activity,M16,ON,adl_noerror/p43.t5.csv,normal
normal_p43_t5,t5,normal,2008-03-07T12:44:38.591970,Move within kitchen,activity,M17,ON,adl_noerror/p43.t5.csv,normal
normal_p43_t5,t5,normal,2008-03-07T12:44:43.594671,Open kitchen cabinet,activity,D01,OPEN,adl_noerror/p43.t5.csv,normal
normal_p43_t5,t5,normal,2008-03-07T12:44:44.682783,Return medicine container,activity,I06,PRESENT,adl_noerror/p43.t5.csv,normal
normal_p43_t5,t5,normal,2008-03-07T12:44:46.140926,Move within kitchen,activity,M17,ON,adl_noerror/p43.t5.csv,normal
normal_p43_t5,t5,normal,2008-03-07T12:44:46.593965,Return bowl,activity,I04,PRESENT,adl_noerror/p43.t5.csv,normal
normal_p43_t5,t5,normal,2008-03-07T12:44:52.968907,Return oatmeal,activity,I01,PRESENT,adl_noerror/p43.t5.csv,normal
normal_p43_t5,t5,normal,2008-03-07T12:44:54.832537,Move within kitchen,activity,M18,ON,adl_noerror/p43.t5.csv,normal
normal_p43_t5,t5,normal,2008-03-07T12:44:55.906520,Close kitchen cabinet,activity,D01,CLOSE,adl_noerror/p43.t5.csv,normal
normal_p43_t5,t5,normal,2008-03-07T12:44:59.221000,Use kitchen sink water,activity,AD1-B,0.0400006,adl_noerror/p43.t5.csv,normal
normal_p43_t5,t5,normal,2008-03-07T12:46:34.415849,Move within kitchen,activity,M17,ON,adl_noerror/p43.t5.csv,normal
normal_p43_t5,t5,normal,2008-03-07T12:46:59.254690,Use kitchen sink water,activity,AD1-B,0.0344537,adl_noerror/p43.t5.csv,normal
normal_p43_t5,t5,normal,2008-03-07T12:47:19.423159,Move within kitchen,activity,M17,ON,adl_noerror/p43.t5.csv,normal
normal_p49_t1,t1,normal,2008-05-21T12:47:44.666483,Enter dining room,activity,M07,ON,adl_noerror/p49.t1.csv,normal
normal_p49_t1,t1,normal,2008-05-21T12:47:44.833549,Move within dining room,activity,M08,ON,adl_noerror/p49.t1.csv,normal
normal_p49_t1,t1,normal,2008-05-21T12:47:49.575634,Take phone book,activity,I08,ABSENT,adl_noerror/p49.t1.csv,normal
normal_p49_t1,t1,normal,2008-05-21T12:47:50.680372,Move within dining room,activity,M13,ON,adl_noerror/p49.t1.csv,normal
normal_p49_t1,t1,normal,2008-05-21T12:48:21.000000,Start phone use,activity,asterisk,START,adl_noerror/p49.t1.csv,normal
normal_p49_t1,t1,normal,2008-05-21T12:48:26.344860,Move within dining room,activity,M13,ON,adl_noerror/p49.t1.csv,normal
normal_p49_t1,t1,normal,2008-05-21T12:48:52.000000,End phone use,activity,asterisk,END,adl_noerror/p49.t1.csv,normal
normal_p49_t2,t2,normal,2008-05-21T12:49:12.800451,Return phone book,activity,I08,PRESENT,adl_noerror/p49.t2.csv,normal
normal_p49_t2,t2,normal,2008-05-21T12:49:15.845624,Move within dining room,activity,M13,ON,adl_noerror/p49.t2.csv,normal
normal_p49_t2,t2,normal,2008-05-21T12:49:19.532745,Move from dining room to kitchen,activity,M16,ON,adl_noerror/p49.t2.csv,normal
normal_p49_t2,t2,normal,2008-05-21T12:49:20.260534,Move within kitchen,activity,M17,ON,adl_noerror/p49.t2.csv,normal
normal_p49_t2,t2,normal,2008-05-21T12:49:22.301430,Use kitchen sink water,activity,AD1-C,0.0479695,adl_noerror/p49.t2.csv,normal
normal_p49_t2,t2,normal,2008-05-21T12:49:48.746242,Move within kitchen,activity,M17,ON,adl_noerror/p49.t2.csv,normal
normal_p49_t3,t3,normal,2008-05-21T12:50:19.493437,Enter kitchen,activity,M17,ON,adl_noerror/p49.t3.csv,normal
normal_p49_t3,t3,normal,2008-05-21T12:50:19.892272,Take pot,activity,I07,ABSENT,adl_noerror/p49.t3.csv,normal
normal_p49_t3,t3,normal,2008-05-21T12:50:22.524566,Open kitchen cabinet,activity,D01,OPEN,adl_noerror/p49.t3.csv,normal
normal_p49_t3,t3,normal,2008-05-21T12:50:25.539797,Take raisins,activity,I02,ABSENT,adl_noerror/p49.t3.csv,normal
normal_p49_t3,t3,normal,2008-05-21T12:50:27.410366,Take oatmeal,activity,I01,ABSENT,adl_noerror/p49.t3.csv,normal
normal_p49_t3,t3,normal,2008-05-21T12:50:30.190717,Take measuring spoon,activity,I05,ABSENT,adl_noerror/p49.t3.csv,normal
normal_p49_t3,t3,normal,2008-05-21T12:50:31.530368,Move within kitchen,activity,M17,ON,adl_noerror/p49.t3.csv,normal
normal_p49_t3,t3,normal,2008-05-21T12:50:37.238040,Use burner,activity,AD1-A,2.80364,adl_noerror/p49.t3.csv,normal
normal_p49_t3,t3,normal,2008-05-21T12:50:40.153450,Use kitchen sink water,activity,AD1-B,0.0446491,adl_noerror/p49.t3.csv,normal
normal_p49_t3,t3,normal,2008-05-21T12:50:42.988615,Move within kitchen,activity,M17,ON,adl_noerror/p49.t3.csv,normal
normal_p49_t3,t3,normal,2008-05-21T12:51:13.220650,Use burner,activity,AD1-A,3.28935,adl_noerror/p49.t3.csv,normal
normal_p49_t3,t3,normal,2008-05-21T12:51:21.513664,Move within kitchen,activity,M17,ON,adl_noerror/p49.t3.csv,normal
normal_p49_t3,t3,normal,2008-05-21T12:51:46.304200,Use burner,activity,AD1-A,3.31114,adl_noerror/p49.t3.csv,normal
normal_p49_t3,t3,normal,2008-05-21T12:52:16.447351,Return raisins,activity,I02,PRESENT,adl_noerror/p49.t3.csv,normal
normal_p49_t3,t3,normal,2008-05-21T12:52:40.117000,Use burner,activity,AD1-A,3.33271,adl_noerror/p49.t3.csv,normal
normal_p49_t3,t3,normal,2008-05-21T12:53:03.455334,Take bowl,activity,I04,ABSENT,adl_noerror/p49.t3.csv,normal
normal_p49_t3,t3,normal,2008-05-21T12:53:10.208000,Use burner,activity,AD1-A,2.97981,adl_noerror/p49.t3.csv,normal
normal_p49_t3,t3,normal,2008-05-21T12:53:16.923443,Take brown sugar,activity,I03,ABSENT,adl_noerror/p49.t3.csv,normal
normal_p49_t3,t3,normal,2008-05-21T12:53:43.258620,Use burner,activity,AD1-A,2.93848,adl_noerror/p49.t3.csv,normal
normal_p49_t3,t3,normal,2008-05-21T12:54:12.425962,Move within kitchen,activity,M17,ON,adl_noerror/p49.t3.csv,normal
normal_p49_t3,t3,normal,2008-05-21T12:54:13.730000,Use burner,activity,AD1-A,2.83442,adl_noerror/p49.t3.csv,normal
normal_p49_t3,t3,normal,2008-05-21T12:54:15.882962,Return oatmeal,activity,I01,PRESENT,adl_noerror/p49.t3.csv,normal
normal_p49_t3,t3,normal,2008-05-21T12:54:22.471967,Move within kitchen,activity,M17,ON,adl_noerror/p49.t3.csv,normal
normal_p49_t3,t3,normal,2008-05-21T12:54:34.545123,Close kitchen cabinet,activity,D01,CLOSE,adl_noerror/p49.t3.csv,normal
normal_p49_t3,t3,normal,2008-05-21T12:54:35.534925,Move within kitchen,activity,M18,ON,adl_noerror/p49.t3.csv,normal
normal_p49_t4,t4,normal,2008-05-21T12:54:59.945460,Enter kitchen,activity,M18,ON,adl_noerror/p49.t4.csv,normal
normal_p49_t4,t4,normal,2008-05-21T12:55:04.720000,Use kitchen sink water,activity,AD1-C,0.034024,adl_noerror/p49.t4.csv,normal
normal_p49_t4,t4,normal,2008-05-21T12:55:09.987682,Move within kitchen,activity,M17,ON,adl_noerror/p49.t4.csv,normal
normal_p49_t4,t4,normal,2008-05-21T12:55:11.428399,Open kitchen cabinet,activity,D01,OPEN,adl_noerror/p49.t4.csv,normal
normal_p49_t4,t4,normal,2008-05-21T12:55:13.543613,Take medicine container,activity,I06,ABSENT,adl_noerror/p49.t4.csv,normal
normal_p49_t4,t4,normal,2008-05-21T12:55:27.441330,Move within kitchen,activity,M17,ON,adl_noerror/p49.t4.csv,normal
normal_p49_t4,t4,normal,2008-05-21T12:55:27.682122,Return medicine container,activity,I06,PRESENT,adl_noerror/p49.t4.csv,normal
normal_p49_t4,t4,normal,2008-05-21T12:55:29.513712,Close kitchen cabinet,activity,D01,CLOSE,adl_noerror/p49.t4.csv,normal
normal_p49_t4,t4,normal,2008-05-21T12:55:34.394560,Move within kitchen,activity,M16,ON,adl_noerror/p49.t4.csv,normal
normal_p49_t4,t4,normal,2008-05-21T12:55:34.703425,Move from kitchen to dining room,activity,M15,ON,adl_noerror/p49.t4.csv,normal
normal_p49_t4,t4,normal,2008-05-21T12:55:34.980464,Move within dining room,activity,M14,ON,adl_noerror/p49.t4.csv,normal
normal_p49_t5,t5,normal,2008-05-21T12:56:40.498364,Enter dining room,activity,M13,ON,adl_noerror/p49.t5.csv,normal
normal_p49_t5,t5,normal,2008-05-21T12:56:40.498364,Move within dining room,activity,M14,ON,adl_noerror/p49.t5.csv,normal
normal_p49_t5,t5,normal,2008-05-21T12:56:50.636113,Move from dining room to kitchen,activity,M16,ON,adl_noerror/p49.t5.csv,normal
normal_p49_t5,t5,normal,2008-05-21T12:56:52.470717,Move within kitchen,activity,M17,ON,adl_noerror/p49.t5.csv,normal
normal_p49_t5,t5,normal,2008-05-21T12:57:03.743516,Open kitchen cabinet,activity,D01,OPEN,adl_noerror/p49.t5.csv,normal
normal_p49_t5,t5,normal,2008-05-21T12:57:05.203107,Take medicine container,activity,I06,ABSENT,adl_noerror/p49.t5.csv,normal
normal_p49_t5,t5,normal,2008-05-21T12:57:06.591717,Move within kitchen,activity,M17,ON,adl_noerror/p49.t5.csv,normal
normal_p49_t5,t5,normal,2008-05-21T12:57:11.773262,Return medicine container,activity,I06,PRESENT,adl_noerror/p49.t5.csv,normal
normal_p49_t5,t5,normal,2008-05-21T12:57:19.530421,Move within kitchen,activity,M18,ON,adl_noerror/p49.t5.csv,normal
normal_p49_t5,t5,normal,2008-05-21T12:57:40.239600,Use kitchen sink water,activity,AD1-B,0.0385162,adl_noerror/p49.t5.csv,normal
normal_p49_t5,t5,normal,2008-05-21T12:59:07.911692,Move within kitchen,activity,M18,ON,adl_noerror/p49.t5.csv,normal
normal_p49_t5,t5,normal,2008-05-21T12:59:13.133020,Use kitchen sink water,activity,AD1-B,0.496179,adl_noerror/p49.t5.csv,normal
normal_p49_t5,t5,normal,2008-05-21T13:00:25.508168,Move within kitchen,activity,M18,ON,adl_noerror/p49.t5.csv,normal
normal_p49_t5,t5,normal,2008-05-21T13:00:40.743206,Close kitchen cabinet,activity,D01,CLOSE,adl_noerror/p49.t5.csv,normal
normal_p49_t5,t5,normal,2008-05-21T13:00:46.602591,Move within kitchen,activity,M16,ON,adl_noerror/p49.t5.csv,normal
normal_p49_t5,t5,normal,2008-05-21T13:00:46.930548,Move from kitchen to dining room,activity,M15,ON,adl_noerror/p49.t5.csv,normal
normal_p50_t1,t1,normal,2008-05-21T13:55:26.184290,Enter corridor,activity,M23,ON,adl_noerror/p50.t1.csv,normal
normal_p50_t1,t1,normal,2008-05-21T13:55:26.373311,Move from corridor to dining room,activity,M01,ON,adl_noerror/p50.t1.csv,normal
normal_p50_t1,t1,normal,2008-05-21T13:55:27.471960,Move within dining room,activity,M07,ON,adl_noerror/p50.t1.csv,normal
normal_p50_t1,t1,normal,2008-05-21T13:55:35.395970,Take phone book,activity,I08,ABSENT,adl_noerror/p50.t1.csv,normal
normal_p50_t1,t1,normal,2008-05-21T13:55:35.799458,Move within dining room,activity,M13,ON,adl_noerror/p50.t1.csv,normal
normal_p50_t1,t1,normal,2008-05-21T13:56:20.000000,Start phone use,activity,asterisk,START,adl_noerror/p50.t1.csv,normal
normal_p50_t1,t1,normal,2008-05-21T13:56:44.530104,Move within dining room,activity,M13,ON,adl_noerror/p50.t1.csv,normal
normal_p50_t1,t1,normal,2008-05-21T13:56:46.000000,End phone use,activity,asterisk,END,adl_noerror/p50.t1.csv,normal
normal_p50_t1,t1,normal,2008-05-21T13:56:47.822429,Move within dining room,activity,M13,ON,adl_noerror/p50.t1.csv,normal
normal_p50_t2,t2,normal,2008-05-21T13:57:09.393326,Enter dining room,activity,M14,ON,adl_noerror/p50.t2.csv,normal
normal_p50_t2,t2,normal,2008-05-21T13:57:10.522063,Move within dining room,activity,M13,ON,adl_noerror/p50.t2.csv,normal
normal_p50_t2,t2,normal,2008-05-21T13:57:13.805160,Move from dining room to kitchen,activity,M16,ON,adl_noerror/p50.t2.csv,normal
normal_p50_t2,t2,normal,2008-05-21T13:57:14.821796,Move within kitchen,activity,M17,ON,adl_noerror/p50.t2.csv,normal
normal_p50_t2,t2,normal,2008-05-21T13:57:16.414830,Use kitchen sink water,activity,AD1-B,0.037774,adl_noerror/p50.t2.csv,normal
normal_p50_t2,t2,normal,2008-05-21T13:57:47.814806,Move within kitchen,activity,M17,ON,adl_noerror/p50.t2.csv,normal
normal_p50_t2,t2,normal,2008-05-21T13:58:02.677625,Take pot,activity,I07,ABSENT,adl_noerror/p50.t2.csv,normal
normal_p50_t2,t2,normal,2008-05-21T13:58:07.956164,Return pot,activity,I07,PRESENT,adl_noerror/p50.t2.csv,normal
normal_p50_t3,t3,normal,2008-05-21T13:58:28.573579,Open kitchen cabinet,activity,D01,OPEN,adl_noerror/p50.t3.csv,normal
normal_p50_t3,t3,normal,2008-05-21T13:58:28.573579,Take pot,activity,I07,ABSENT,adl_noerror/p50.t3.csv,normal
normal_p50_t3,t3,normal,2008-05-21T13:58:31.854612,Take raisins,activity,I02,ABSENT,adl_noerror/p50.t3.csv,normal
normal_p50_t3,t3,normal,2008-05-21T13:58:33.172237,Take measuring spoon,activity,I05,ABSENT,adl_noerror/p50.t3.csv,normal
normal_p50_t3,t3,normal,2008-05-21T13:58:40.279080,Use kitchen sink water,activity,AD1-B,0.036524,adl_noerror/p50.t3.csv,normal
normal_p50_t3,t3,normal,2008-05-21T13:58:42.552164,Move within kitchen,activity,M17,ON,adl_noerror/p50.t3.csv,normal
normal_p50_t3,t3,normal,2008-05-21T13:58:46.133120,Use burner,activity,AD1-A,2.81215,adl_noerror/p50.t3.csv,normal
normal_p50_t3,t3,normal,2008-05-21T13:58:52.570736,Move within kitchen,activity,M17,ON,adl_noerror/p50.t3.csv,normal
normal_p50_t3,t3,normal,2008-05-21T13:58:54.621509,Take oatmeal,activity,I01,ABSENT,adl_noerror/p50.t3.csv,normal
normal_p50_t3,t3,normal,2008-05-21T13:58:55.825352,Return oatmeal,activity,I01,PRESENT,adl_noerror/p50.t3.csv,normal
normal_p50_t3,t3,normal,2008-05-21T13:59:03.926904,Move within kitchen,activity,M17,ON,adl_noerror/p50.t3.csv,normal
normal_p50_t3,t3,normal,2008-05-21T13:59:16.528000,Use burner,activity,AD1-A,3.27497,adl_noerror/p50.t3.csv,normal
normal_p50_t3,t3,normal,2008-05-21T13:59:27.392108,Move within kitchen,activity,M17,ON,adl_noerror/p50.t3.csv,normal
normal_p50_t3,t3,normal,2008-05-21T13:59:36.321849,Return measuring spoon,activity,I05,PRESENT,adl_noerror/p50.t3.csv,normal
normal_p50_t3,t3,normal,2008-05-21T13:59:38.512250,Move within kitchen,activity,M17,ON,adl_noerror/p50.t3.csv,normal
normal_p50_t3,t3,normal,2008-05-21T13:59:41.967262,Close kitchen cabinet,activity,D01,CLOSE,adl_noerror/p50.t3.csv,normal
normal_p50_t3,t3,normal,2008-05-21T13:59:49.302250,Use burner,activity,AD1-A,3.22161,adl_noerror/p50.t3.csv,normal
normal_p50_t3,t3,normal,2008-05-21T13:59:49.559359,Move within kitchen,activity,M17,ON,adl_noerror/p50.t3.csv,normal
normal_p50_t3,t3,normal,2008-05-21T14:00:16.264470,Use kitchen sink water,activity,AD1-B,0.0380475,adl_noerror/p50.t3.csv,normal
normal_p50_t3,t3,normal,2008-05-21T14:00:22.172110,Use burner,activity,AD1-A,3.17911,adl_noerror/p50.t3.csv,normal
normal_p50_t3,t3,normal,2008-05-21T14:00:34.952537,Move within kitchen,activity,M17,ON,adl_noerror/p50.t3.csv,normal
normal_p50_t3,t3,normal,2008-05-21T14:00:55.324770,Use burner,activity,AD1-A,3.14903,adl_noerror/p50.t3.csv,normal
normal_p50_t3,t3,normal,2008-05-21T14:01:28.616959,Move within kitchen,activity,M17,ON,adl_noerror/p50.t3.csv,normal
normal_p50_t3,t3,normal,2008-05-21T14:01:58.278130,Use burner,activity,AD1-A,3.01934,adl_noerror/p50.t3.csv,normal
normal_p50_t3,t3,normal,2008-05-21T14:01:58.938585,Move within kitchen,activity,M17,ON,adl_noerror/p50.t3.csv,normal
normal_p50_t3,t3,normal,2008-05-21T14:02:02.898130,Open kitchen cabinet,activity,D01,OPEN,adl_noerror/p50.t3.csv,normal
normal_p50_t3,t3,normal,2008-05-21T14:02:27.934741,Take brown sugar,activity,I03,ABSENT,adl_noerror/p50.t3.csv,normal
normal_p50_t3,t3,normal,2008-05-21T14:02:31.463057,Move within kitchen,activity,M17,ON,adl_noerror/p50.t3.csv,normal
normal_p50_t3,t3,normal,2008-05-21T14:02:31.694200,Use burner,activity,AD1-A,3.05872,adl_noerror/p50.t3.csv,normal
normal_p50_t3,t3,normal,2008-05-21T14:02:39.228366,Move within kitchen,activity,M17,ON,adl_noerror/p50.t3.csv,normal
normal_p50_t3,t3,normal,2008-05-21T14:03:10.200270,Use burner,activity,AD1-A,3.06919,adl_noerror/p50.t3.csv,normal
normal_p50_t3,t3,normal,2008-05-21T14:03:16.919404,Take oatmeal,activity,I01,ABSENT,adl_noerror/p50.t3.csv,normal
normal_p50_t3,t3,normal,2008-05-21T14:03:21.638364,Move within kitchen,activity,M17,ON,adl_noerror/p50.t3.csv,normal
normal_p50_t3,t3,normal,2008-05-21T14:03:34.791844,Return oatmeal,activity,I01,PRESENT,adl_noerror/p50.t3.csv,normal
normal_p50_t3,t3,normal,2008-05-21T14:03:48.684185,Take bowl,activity,I04,ABSENT,adl_noerror/p50.t3.csv,normal
normal_p50_t3,t3,normal,2008-05-21T14:03:53.619270,Move within kitchen,activity,M17,ON,adl_noerror/p50.t3.csv,normal
normal_p50_t3,t3,normal,2008-05-21T14:04:11.313181,Close kitchen cabinet,activity,D01,CLOSE,adl_noerror/p50.t3.csv,normal
normal_p50_t4,t4,normal,2008-05-21T14:04:32.461770,Enter kitchen,activity,M17,ON,adl_noerror/p50.t4.csv,normal
normal_p50_t4,t4,normal,2008-05-21T14:04:37.133820,Use kitchen sink water,activity,AD1-B,0.0325786,adl_noerror/p50.t4.csv,normal
normal_p50_t4,t4,normal,2008-05-21T14:04:39.120820,Move within kitchen,activity,M17,ON,adl_noerror/p50.t4.csv,normal
normal_p50_t4,t4,normal,2008-05-21T14:04:41.382770,Open kitchen cabinet,activity,D01,OPEN,adl_noerror/p50.t4.csv,normal
normal_p50_t4,t4,normal,2008-05-21T14:04:42.539194,Take medicine container,activity,I06,ABSENT,adl_noerror/p50.t4.csv,normal
normal_p50_t4,t4,normal,2008-05-21T14:04:43.702282,Close kitchen cabinet,activity,D01,CLOSE,adl_noerror/p50.t4.csv,normal
normal_p50_t4,t4,normal,2008-05-21T14:04:47.251563,Move within kitchen,activity,M17,ON,adl_noerror/p50.t4.csv,normal
normal_p50_t4,t4,normal,2008-05-21T14:04:48.942483,Move from kitchen to dining room,activity,M15,ON,adl_noerror/p50.t4.csv,normal
normal_p50_t4,t4,normal,2008-05-21T14:04:48.965900,Move from dining room to kitchen,activity,M16,ON,adl_noerror/p50.t4.csv,normal
normal_p50_t4,t4,normal,2008-05-21T14:04:49.223533,Move from kitchen to dining room,activity,M14,ON,adl_noerror/p50.t4.csv,normal
normal_p50_t4,t4,normal,2008-05-21T14:05:16.253040,Use burner,activity,AD1-A,2.8209,adl_noerror/p50.t4.csv,normal
normal_p50_t4,t4,normal,2008-05-21T14:05:31.543939,Move from kitchen to dining room,activity,M14,ON,adl_noerror/p50.t4.csv,normal
normal_p50_t4,t4,normal,2008-05-21T14:06:03.808974,Return phone book,activity,I08,PRESENT,adl_noerror/p50.t4.csv,normal
normal_p50_t4,t4,normal,2008-05-21T14:06:05.262553,Move within dining room,activity,M14,ON,adl_noerror/p50.t4.csv,normal
normal_p50_t5,t5,normal,2008-05-21T14:09:08.522509,Enter dining room,activity,M14,ON,adl_noerror/p50.t5.csv,normal
normal_p50_t5,t5,normal,2008-05-21T14:09:10.460020,Move within dining room,activity,M13,ON,adl_noerror/p50.t5.csv,normal
normal_p50_t5,t5,normal,2008-05-21T14:09:15.860280,Move from dining room to kitchen,activity,M16,ON,adl_noerror/p50.t5.csv,normal
normal_p50_t5,t5,normal,2008-05-21T14:09:17.209388,Move within kitchen,activity,M17,ON,adl_noerror/p50.t5.csv,normal
normal_p50_t5,t5,normal,2008-05-21T14:09:23.432005,Open kitchen cabinet,activity,D01,OPEN,adl_noerror/p50.t5.csv,normal
normal_p50_t5,t5,normal,2008-05-21T14:09:24.883587,Return medicine container,activity,I06,PRESENT,adl_noerror/p50.t5.csv,normal
normal_p50_t5,t5,normal,2008-05-21T14:09:26.988119,Close kitchen cabinet,activity,D01,CLOSE,adl_noerror/p50.t5.csv,normal
normal_p50_t5,t5,normal,2008-05-21T14:09:34.905100,Use kitchen sink water,activity,AD1-B,0.0342583,adl_noerror/p50.t5.csv,normal
normal_p50_t5,t5,normal,2008-05-21T14:11:53.973388,Move within kitchen,activity,M18,ON,adl_noerror/p50.t5.csv,normal
normal_p50_t5,t5,normal,2008-05-21T14:12:19.138800,Use kitchen sink water,activity,AD1-B,0.49032,adl_noerror/p50.t5.csv,normal
normal_p50_t5,t5,normal,2008-05-21T14:12:52.514373,Move within kitchen,activity,M18,ON,adl_noerror/p50.t5.csv,normal
normal_p51_t1,t1,normal,2008-05-21T16:31:56.885460,Enter corridor,activity,M23,ON,adl_noerror/p51.t1.csv,normal
normal_p51_t1,t1,normal,2008-05-21T16:31:57.625259,Move from corridor to dining room,activity,M01,ON,adl_noerror/p51.t1.csv,normal
normal_p51_t1,t1,normal,2008-05-21T16:31:59.304822,Move within dining room,activity,M07,ON,adl_noerror/p51.t1.csv,normal
normal_p51_t1,t1,normal,2008-05-21T16:32:12.560680,Take phone book,activity,I08,ABSENT,adl_noerror/p51.t1.csv,normal
normal_p51_t1,t1,normal,2008-05-21T16:32:21.631351,Move within dining room,activity,M14,ON,adl_noerror/p51.t1.csv,normal
normal_p51_t1,t1,normal,2008-05-21T16:33:33.000000,Start phone use,activity,asterisk,START,adl_noerror/p51.t1.csv,normal
normal_p51_t1,t1,normal,2008-05-21T16:33:36.499262,Move within dining room,activity,M13,ON,adl_noerror/p51.t1.csv,normal
normal_p51_t1,t1,normal,2008-05-21T16:34:45.000000,End phone use,activity,asterisk,END,adl_noerror/p51.t1.csv,normal
normal_p51_t1,t1,normal,2008-05-21T16:34:48.590026,Move within dining room,activity,M13,ON,adl_noerror/p51.t1.csv,normal
normal_p51_t2,t2,normal,2008-05-21T16:35:11.286701,Enter dining room,activity,M15,ON,adl_noerror/p51.t2.csv,normal
normal_p51_t2,t2,normal,2008-05-21T16:35:11.945515,Move from dining room to kitchen,activity,M16,ON,adl_noerror/p51.t2.csv,normal
normal_p51_t2,t2,normal,2008-05-21T16:35:13.638087,Move within kitchen,activity,M17,ON,adl_noerror/p51.t2.csv,normal
normal_p51_t3,t3,normal,2008-05-21T16:36:12.898060,Enter kitchen,activity,M17,ON,adl_noerror/p51.t3.csv,normal
normal_p51_t3,t3,normal,2008-05-21T16:36:14.338217,Open kitchen cabinet,activity,D01,OPEN,adl_noerror/p51.t3.csv,normal
normal_p51_t3,t3,normal,2008-05-21T16:36:16.830106,Take oatmeal,activity,I01,ABSENT,adl_noerror/p51.t3.csv,normal
normal_p51_t3,t3,normal,2008-05-21T16:36:18.456669,Take raisins,activity,I02,ABSENT,adl_noerror/p51.t3.csv,normal
normal_p51_t3,t3,normal,2008-05-21T16:36:21.693803,Take brown sugar,activity,I03,ABSENT,adl_noerror/p51.t3.csv,normal
normal_p51_t3,t3,normal,2008-05-21T16:36:22.955625,Return raisins,activity,I02,PRESENT,adl_noerror/p51.t3.csv,normal
normal_p51_t3,t3,normal,2008-05-21T16:36:25.550430,Close kitchen cabinet,activity,D01,CLOSE,adl_noerror/p51.t3.csv,normal
normal_p51_t3,t3,normal,2008-05-21T16:36:30.916015,Take pot,activity,I07,ABSENT,adl_noerror/p51.t3.csv,normal
normal_p51_t3,t3,normal,2008-05-21T16:36:32.440792,Open kitchen cabinet,activity,D01,OPEN,adl_noerror/p51.t3.csv,normal
normal_p51_t3,t3,normal,2008-05-21T16:36:34.481967,Take raisins,activity,I02,ABSENT,adl_noerror/p51.t3.csv,normal
normal_p51_t3,t3,normal,2008-05-21T16:36:34.848995,Return oatmeal,activity,I01,PRESENT,adl_noerror/p51.t3.csv,normal
normal_p51_t3,t3,normal,2008-05-21T16:36:35.540065,Take measuring spoon,activity,I05,ABSENT,adl_noerror/p51.t3.csv,normal
normal_p51_t3,t3,normal,2008-05-21T16:36:37.706257,Take bowl,activity,I04,ABSENT,adl_noerror/p51.t3.csv,normal
normal_p51_t3,t3,normal,2008-05-21T16:36:41.696711,Close kitchen cabinet,activity,D01,CLOSE,adl_noerror/p51.t3.csv,normal
normal_p51_t3,t3,normal,2008-05-21T16:36:43.460273,Move within kitchen,activity,M17,ON,adl_noerror/p51.t3.csv,normal
normal_p51_t3,t3,normal,2008-05-21T16:36:49.146380,Use kitchen sink water,activity,AD1-C,0.0366021,adl_noerror/p51.t3.csv,normal
normal_p51_t3,t3,normal,2008-05-21T16:36:58.513122,Move within kitchen,activity,M17,ON,adl_noerror/p51.t3.csv,normal
normal_p51_t3,t3,normal,2008-05-21T16:37:04.177240,Use burner,activity,AD1-A,2.79957,adl_noerror/p51.t3.csv,normal
normal_p51_t3,t3,normal,2008-05-21T16:37:38.360914,Move within kitchen,activity,M17,ON,adl_noerror/p51.t3.csv,normal
normal_p51_t3,t3,normal,2008-05-21T16:37:39.975523,Open kitchen cabinet,activity,D01,OPEN,adl_noerror/p51.t3.csv,normal
normal_p51_t3,t3,normal,2008-05-21T16:37:41.267614,Return brown sugar,activity,I03,PRESENT,adl_noerror/p51.t3.csv,normal
normal_p51_t3,t3,normal,2008-05-21T16:37:43.760000,Close kitchen cabinet,activity,D01,CLOSE,adl_noerror/p51.t3.csv,normal
normal_p51_t3,t3,normal,2008-05-21T16:38:06.291865,Move within kitchen,activity,M17,ON,adl_noerror/p51.t3.csv,normal
normal_p51_t3,t3,normal,2008-05-21T16:38:13.291910,Use burner,activity,AD1-A,3.01145,adl_noerror/p51.t3.csv,normal
normal_p51_t3,t3,normal,2008-05-21T16:38:47.547312,Move within kitchen,activity,M17,ON,adl_noerror/p51.t3.csv,normal
normal_p51_t3,t3,normal,2008-05-21T16:39:19.138600,Use burner,activity,AD1-A,3.03098,adl_noerror/p51.t3.csv,normal
normal_p51_t3,t3,normal,2008-05-21T16:39:19.561247,Move within kitchen,activity,M17,ON,adl_noerror/p51.t3.csv,normal
normal_p51_t3,t3,normal,2008-05-21T16:39:45.324158,Open kitchen cabinet,activity,D01,OPEN,adl_noerror/p51.t3.csv,normal
normal_p51_t3,t3,normal,2008-05-21T16:39:47.570840,Return measuring spoon,activity,I05,PRESENT,adl_noerror/p51.t3.csv,normal
normal_p51_t3,t3,normal,2008-05-21T16:39:52.260450,Use burner,activity,AD1-A,2.98309,adl_noerror/p51.t3.csv,normal
normal_p51_t3,t3,normal,2008-05-21T16:40:11.126364,Move within kitchen,activity,M17,ON,adl_noerror/p51.t3.csv,normal
normal_p51_t3,t3,normal,2008-05-21T16:40:17.262646,Return bowl,activity,I04,PRESENT,adl_noerror/p51.t3.csv,normal
normal_p51_t3,t3,normal,2008-05-21T16:40:19.643971,Close kitchen cabinet,activity,D01,CLOSE,adl_noerror/p51.t3.csv,normal
normal_p51_t3,t3,normal,2008-05-21T16:40:25.264700,Use burner,activity,AD1-A,3.01301,adl_noerror/p51.t3.csv,normal
normal_p51_t3,t3,normal,2008-05-21T16:40:44.703974,Move within kitchen,activity,M17,ON,adl_noerror/p51.t3.csv,normal
normal_p51_t3,t3,normal,2008-05-21T16:40:48.785026,Open kitchen cabinet,activity,D01,OPEN,adl_noerror/p51.t3.csv,normal
normal_p51_t3,t3,normal,2008-05-21T16:40:48.977966,Move within kitchen,activity,M17,ON,adl_noerror/p51.t3.csv,normal
normal_p51_t3,t3,normal,2008-05-21T16:40:50.195648,Take bowl,activity,I04,ABSENT,adl_noerror/p51.t3.csv,normal
normal_p51_t3,t3,normal,2008-05-21T16:40:52.650992,Close kitchen cabinet,activity,D01,CLOSE,adl_noerror/p51.t3.csv,normal
normal_p51_t3,t3,normal,2008-05-21T16:40:54.685567,Move within kitchen,activity,M17,ON,adl_noerror/p51.t3.csv,normal
normal_p51_t3,t3,normal,2008-05-21T16:40:55.295050,Use burner,activity,AD1-A,2.87372,adl_noerror/p51.t3.csv,normal
normal_p51_t3,t3,normal,2008-05-21T16:41:07.483044,Move within kitchen,activity,M17,ON,adl_noerror/p51.t3.csv,normal
normal_p51_t4,t4,normal,2008-05-21T16:41:38.968873,Enter kitchen,activity,M17,ON,adl_noerror/p51.t4.csv,normal
normal_p51_t4,t4,normal,2008-05-21T16:41:39.132926,Open kitchen cabinet,activity,D01,OPEN,adl_noerror/p51.t4.csv,normal
normal_p51_t4,t4,normal,2008-05-21T16:41:41.149289,Take medicine container,activity,I06,ABSENT,adl_noerror/p51.t4.csv,normal
normal_p51_t4,t4,normal,2008-05-21T16:41:45.192160,Move within kitchen,activity,M17,ON,adl_noerror/p51.t4.csv,normal
normal_p51_t4,t4,normal,2008-05-21T16:41:45.330135,Take oatmeal,activity,I01,ABSENT,adl_noerror/p51.t4.csv,normal
normal_p51_t4,t4,normal,2008-05-21T16:41:46.737768,Close kitchen cabinet,activity,D01,CLOSE,adl_noerror/p51.t4.csv,normal
normal_p51_t4,t4,normal,2008-05-21T16:41:49.937300,Use kitchen sink water,activity,AD1-B,0.0472663,adl_noerror/p51.t4.csv,normal
normal_p51_t4,t4,normal,2008-05-21T16:41:53.973871,Move within kitchen,activity,M17,ON,adl_noerror/p51.t4.csv,normal
normal_p51_t4,t4,normal,2008-05-21T16:42:00.737653,Move from kitchen to dining room,activity,M15,ON,adl_noerror/p51.t4.csv,normal
normal_p51_t4,t4,normal,2008-05-21T16:42:01.677432,Move within dining room,activity,M14,ON,adl_noerror/p51.t4.csv,normal
normal_p51_t5,t5,normal,2008-05-21T16:42:55.953261,Enter dining room,activity,M13,ON,adl_noerror/p51.t5.csv,normal
normal_p51_t5,t5,normal,2008-05-21T16:42:58.629234,Move within dining room,activity,M13,ON,adl_noerror/p51.t5.csv,normal
normal_p51_t5,t5,normal,2008-05-21T16:43:06.322073,Move from dining room to kitchen,activity,M16,ON,adl_noerror/p51.t5.csv,normal
normal_p51_t5,t5,normal,2008-05-21T16:43:07.942597,Move within kitchen,activity,M17,ON,adl_noerror/p51.t5.csv,normal
normal_p51_t5,t5,normal,2008-05-21T16:43:22.122880,Use kitchen sink water,activity,AD1-C,0.0371099,adl_noerror/p51.t5.csv,normal
normal_p51_t5,t5,normal,2008-05-21T16:43:26.968559,Move within kitchen,activity,M17,ON,adl_noerror/p51.t5.csv,normal
normal_p51_t5,t5,normal,2008-05-21T16:43:55.272530,Use kitchen sink water,activity,AD1-B,0.170003,adl_noerror/p51.t5.csv,normal
normal_p51_t5,t5,normal,2008-05-21T16:45:41.502071,Move within kitchen,activity,M17,ON,adl_noerror/p51.t5.csv,normal
normal_p51_t5,t5,normal,2008-05-21T16:45:48.756712,Open kitchen cabinet,activity,D01,OPEN,adl_noerror/p51.t5.csv,normal
normal_p51_t5,t5,normal,2008-05-21T16:45:50.176321,Return medicine container,activity,I06,PRESENT,adl_noerror/p51.t5.csv,normal
normal_p51_t5,t5,normal,2008-05-21T16:45:54.607089,Move within kitchen,activity,M17,ON,adl_noerror/p51.t5.csv,normal
normal_p51_t5,t5,normal,2008-05-21T16:46:02.541270,Close kitchen cabinet,activity,D01,CLOSE,adl_noerror/p51.t5.csv,normal
normal_p51_t5,t5,normal,2008-05-21T16:46:10.808300,Use kitchen sink water,activity,AD1-B,0.257113,adl_noerror/p51.t5.csv,normal
normal_p51_t5,t5,normal,2008-05-21T16:47:02.139875,Move within kitchen,activity,M17,ON,adl_noerror/p51.t5.csv,normal
error_p17_t1,t1,scripted_error,2008-03-28T13:39:01.470516,Enter dining room,activity,M01,ON,adl_error/p17.t1.csv,error_trace
error_p17_t1,t1,scripted_error,2008-03-28T13:39:01.470516,Move from dining room to corridor,activity,M23,ON,adl_error/p17.t1.csv,error_trace
error_p17_t1,t1,scripted_error,2008-03-28T13:39:02.558202,Move from corridor to dining room,activity,M07,ON,adl_error/p17.t1.csv,error_trace
error_p17_t1,t1,scripted_error,2008-03-28T13:39:02.780142,Move within dining room,activity,M08,ON,adl_error/p17.t1.csv,error_trace
error_p17_t1,t1,scripted_error,2008-03-28T13:40:19.000000,Start phone use,activity,asterisk,START,adl_error/p17.t1.csv,error_trace
error_p17_t1,t1,scripted_error,2008-03-28T13:40:50.000000,End phone use,activity,asterisk,END,adl_error/p17.t1.csv,error_trace
error_p17_t1,t1,scripted_error,2008-03-28T13:40:54.138250,Move within dining room,activity,M13,ON,adl_error/p17.t1.csv,error_trace
error_p17_t2,t2,scripted_error,2008-03-28T13:41:34.469885,Enter dining room,activity,M14,ON,adl_error/p17.t2.csv,error_trace
error_p17_t2,t2,scripted_error,2008-03-28T13:41:35.176689,Move within dining room,activity,M15,ON,adl_error/p17.t2.csv,error_trace
error_p17_t2,t2,scripted_error,2008-03-28T13:41:35.914550,Move from dining room to kitchen,activity,M16,ON,adl_error/p17.t2.csv,error_trace
error_p17_t2,t2,scripted_error,2008-03-28T13:41:36.892267,Move within kitchen,activity,M17,ON,adl_error/p17.t2.csv,error_trace
error_p17_t2,t2,scripted_error,2008-03-28T13:41:43.170900,Use kitchen sink water,activity,AD1-B,0.0348443,adl_error/p17.t2.csv,error_trace
error_p17_t2,t2,scripted_error,2008-03-28T13:42:02.737724,Move within kitchen,activity,M17,ON,adl_error/p17.t2.csv,error_trace
error_p17_t2,t2,scripted_error,2008-03-28T13:42:16.398000,Use kitchen sink water,activity,AD1-B,0.20262,adl_error/p17.t2.csv,error_trace
error_p17_t3,t3,scripted_error,2008-03-28T13:42:40.467418,Enter kitchen,activity,M18,ON,adl_error/p17.t3.csv,error_trace
error_p17_t3,t3,scripted_error,2008-03-28T13:42:44.540334,Take pot,activity,I07,ABSENT,adl_error/p17.t3.csv,error_trace
error_p17_t3,t3,scripted_error,2008-03-28T13:42:47.219634,Open kitchen cabinet,activity,D01,OPEN,adl_error/p17.t3.csv,error_trace
error_p17_t3,t3,scripted_error,2008-03-28T13:42:48.165419,Move within kitchen,activity,M17,ON,adl_error/p17.t3.csv,error_trace
error_p17_t3,t3,scripted_error,2008-03-28T13:42:50.251949,Take raisins,activity,I02,ABSENT,adl_error/p17.t3.csv,error_trace
error_p17_t3,t3,scripted_error,2008-03-28T13:42:53.564052,Take brown sugar,activity,I03,ABSENT,adl_error/p17.t3.csv,error_trace
error_p17_t3,t3,scripted_error,2008-03-28T13:42:58.522837,Return brown sugar,activity,I03,PRESENT,adl_error/p17.t3.csv,error_trace
error_p17_t3,t3,scripted_error,2008-03-28T13:43:00.108372,Move within kitchen,activity,M17,ON,adl_error/p17.t3.csv,error_trace
error_p17_t3,t3,scripted_error,2008-03-28T13:43:02.257850,Take measuring spoon,activity,I05,ABSENT,adl_error/p17.t3.csv,error_trace
error_p17_t3,t3,scripted_error,2008-03-28T13:43:03.417554,Move within kitchen,activity,M17,ON,adl_error/p17.t3.csv,error_trace
error_p17_t3,t3,scripted_error,2008-03-28T13:43:06.432762,Take oatmeal,activity,I01,ABSENT,adl_error/p17.t3.csv,error_trace
error_p17_t3,t3,scripted_error,2008-03-28T13:43:10.507785,Take bowl,activity,I04,ABSENT,adl_error/p17.t3.csv,error_trace
error_p17_t3,t3,scripted_error,2008-03-28T13:43:10.951658,Move within kitchen,activity,M17,ON,adl_error/p17.t3.csv,error_trace
error_p17_t3,t3,scripted_error,2008-03-28T13:43:15.284423,Close kitchen cabinet,activity,D01,CLOSE,adl_error/p17.t3.csv,error_trace
error_p17_t3,t3,scripted_error,2008-03-28T13:43:21.465650,Move within kitchen,activity,M17,ON,adl_error/p17.t3.csv,error_trace
error_p17_t3,t3,scripted_error,2008-03-28T13:43:28.203130,Use kitchen sink water,activity,AD1-B,0.0410944,adl_error/p17.t3.csv,error_trace
error_p17_t3,t3,scripted_error,2008-03-28T13:43:49.209360,Use burner,activity,AD1-A,2.8059,adl_error/p17.t3.csv,error_trace
error_p17_t3,t3,scripted_error,2008-03-28T13:44:01.490639,Move within kitchen,activity,M17,ON,adl_error/p17.t3.csv,error_trace
error_p17_t3,t3,scripted_error,2008-03-28T13:44:28.299810,Use burner,activity,AD1-A,3.14364,adl_error/p17.t3.csv,error_trace
error_p17_t3,t3,scripted_error,2008-03-28T13:44:37.426300,Move within kitchen,activity,M17,ON,adl_error/p17.t3.csv,error_trace
error_p17_t3,t3,scripted_error,2008-03-28T13:45:10.244300,Use burner,activity,AD1-A,3.25778,adl_error/p17.t3.csv,error_trace
error_p17_t3,t3,scripted_error,2008-03-28T13:45:19.808829,Move within kitchen,activity,M17,ON,adl_error/p17.t3.csv,error_trace
error_p17_t3,t3,scripted_error,2008-03-28T13:46:01.118380,Use burner,activity,AD1-A,3.31083,adl_error/p17.t3.csv,error_trace
error_p17_t3,t3,scripted_error,2008-03-28T13:46:50.125421,Move within kitchen,activity,M17,ON,adl_error/p17.t3.csv,error_trace
error_p17_t3,t3,scripted_error,2008-03-28T13:47:22.934700,Use burner,activity,AD1-A,3.01887,adl_error/p17.t3.csv,error_trace
error_p17_t3,t3,scripted_error,2008-03-28T13:48:06.282057,Move within kitchen,activity,M17,ON,adl_error/p17.t3.csv,error_trace
error_p17_t3,t3,scripted_error,2008-03-28T13:48:07.248250,Use burner,activity,AD1-A,2.99591,adl_error/p17.t3.csv,error_trace
error_p17_t3,t3,scripted_error,2008-03-28T13:48:24.279640,Move within kitchen,activity,M17,ON,adl_error/p17.t3.csv,error_trace
error_p17_t4,t4,scripted_error,2008-03-28T13:50:01.519226,Enter kitchen,activity,M17,ON,adl_error/p17.t4.csv,error_trace
error_p17_t4,t4,scripted_error,2008-03-28T13:50:05.501567,Open kitchen cabinet,activity,D01,OPEN,adl_error/p17.t4.csv,error_trace
error_p17_t4,t4,scripted_error,2008-03-28T13:50:07.516786,Take brown sugar,activity,I03,ABSENT,adl_error/p17.t4.csv,error_trace
error_p17_t4,t4,scripted_error,2008-03-28T13:50:08.792657,Close kitchen cabinet,activity,D01,CLOSE,adl_error/p17.t4.csv,error_trace
error_p17_t4,t4,scripted_error,2008-03-28T13:50:13.244850,Use kitchen sink water,activity,AD1-C,0.034063,adl_error/p17.t4.csv,error_trace
error_p17_t4,t4,scripted_error,2008-03-28T13:50:13.244850,Use burner,activity,AD1-A,2.87247,adl_error/p17.t4.csv,error_trace
error_p17_t4,t4,scripted_error,2008-03-28T13:50:21.703089,Move within kitchen,activity,M17,ON,adl_error/p17.t4.csv,error_trace
error_p17_t4,t4,scripted_error,2008-03-28T13:50:33.618530,Move from kitchen to dining room,activity,M15,ON,adl_error/p17.t4.csv,error_trace
error_p17_t4,t4,scripted_error,2008-03-28T13:50:34.479294,Move within dining room,activity,M14,ON,adl_error/p17.t4.csv,error_trace
error_p17_t5,t5,scripted_error,2008-03-28T13:59:34.465264,Enter dining room,activity,M13,ON,adl_error/p17.t5.csv,error_trace
error_p17_t5,t5,scripted_error,2008-03-28T13:59:41.298865,Move within dining room,activity,M14,ON,adl_error/p17.t5.csv,error_trace
error_p17_t5,t5,scripted_error,2008-03-28T13:59:42.720502,Move from dining room to kitchen,activity,M16,ON,adl_error/p17.t5.csv,error_trace
error_p17_t5,t5,scripted_error,2008-03-28T13:59:43.840193,Move within kitchen,activity,M17,ON,adl_error/p17.t5.csv,error_trace
error_p17_t5,t5,scripted_error,2008-03-28T14:01:03.813578,Open kitchen cabinet,activity,D01,OPEN,adl_error/p17.t5.csv,error_trace
error_p17_t5,t5,scripted_error,2008-03-28T14:01:08.852184,Return measuring spoon,activity,I05,PRESENT,adl_error/p17.t5.csv,error_trace
error_p17_t5,t5,scripted_error,2008-03-28T14:01:09.895899,Move within kitchen,activity,M17,ON,adl_error/p17.t5.csv,error_trace
error_p17_t5,t5,scripted_error,2008-03-28T14:01:15.756296,Return raisins,activity,I02,PRESENT,adl_error/p17.t5.csv,error_trace
error_p17_t5,t5,scripted_error,2008-03-28T14:01:16.646064,Move within kitchen,activity,M17,ON,adl_error/p17.t5.csv,error_trace
error_p17_t5,t5,scripted_error,2008-03-28T14:01:17.313878,Close kitchen cabinet,activity,D01,CLOSE,adl_error/p17.t5.csv,error_trace
error_p17_t5,t5,scripted_error,2008-03-28T14:01:18.915458,Move within kitchen,activity,M17,ON,adl_error/p17.t5.csv,error_trace
error_p18_t1,t1,scripted_error,2008-04-03T10:55:01.550203,Enter dining room,activity,M07,ON,adl_error/p18.t1.csv,error_trace
error_p18_t1,t1,scripted_error,2008-04-03T10:55:01.550203,Move within dining room,activity,M08,ON,adl_error/p18.t1.csv,error_trace
error_p18_t1,t1,scripted_error,2008-04-03T10:55:07.573457,Take phone book,activity,I08,ABSENT,adl_error/p18.t1.csv,error_trace
error_p18_t1,t1,scripted_error,2008-04-03T10:55:13.402807,Move within dining room,activity,M13,ON,adl_error/p18.t1.csv,error_trace
error_p18_t1,t1,scripted_error,2008-04-03T10:56:21.000000,Start phone use,activity,asterisk,START,adl_error/p18.t1.csv,error_trace
error_p18_t1,t1,scripted_error,2008-04-03T10:56:24.493338,Move within dining room,activity,M13,ON,adl_error/p18.t1.csv,error_trace
error_p18_t1,t1,scripted_error,2008-04-03T10:56:48.000000,End phone use,activity,asterisk,END,adl_error/p18.t1.csv,error_trace
error_p18_t1,t1,scripted_error,2008-04-03T10:56:59.836102,Return phone book,activity,I08,PRESENT,adl_error/p18.t1.csv,error_trace
error_p18_t1,t1,scripted_error,2008-04-03T10:57:11.316727,Move within dining room,activity,M13,ON,adl_error/p18.t1.csv,error_trace
error_p18_t2,t2,scripted_error,2008-04-03T10:57:29.804504,Enter dining room,activity,M13,ON,adl_error/p18.t2.csv,error_trace
error_p18_t2,t2,scripted_error,2008-04-03T10:57:31.708965,Move within dining room,activity,M14,ON,adl_error/p18.t2.csv,error_trace
error_p18_t2,t2,scripted_error,2008-04-03T10:57:34.203353,Move from dining room to kitchen,activity,M16,ON,adl_error/p18.t2.csv,error_trace
error_p18_t2,t2,scripted_error,2008-04-03T10:57:34.507280,Move from kitchen to dining room,activity,M13,ON,adl_error/p18.t2.csv,error_trace
error_p18_t2,t2,scripted_error,2008-04-03T10:57:35.759856,Move from dining room to kitchen,activity,M17,ON,adl_error/p18.t2.csv,error_trace
error_p18_t2,t2,scripted_error,2008-04-03T10:57:42.438000,Use kitchen sink water,activity,AD1-B,0.0375787,adl_error/p18.t2.csv,error_trace
error_p18_t2,t2,scripted_error,2008-04-03T10:58:05.141772,Move within kitchen,activity,M17,ON,adl_error/p18.t2.csv,error_trace
error_p18_t3,t3,scripted_error,2008-04-03T10:59:08.819464,Enter kitchen,activity,M17,ON,adl_error/p18.t3.csv,error_trace
error_p18_t3,t3,scripted_error,2008-04-03T10:59:10.291090,Open kitchen cabinet,activity,D01,OPEN,adl_error/p18.t3.csv,error_trace
error_p18_t3,t3,scripted_error,2008-04-03T10:59:12.611447,Take oatmeal,activity,I01,ABSENT,adl_error/p18.t3.csv,error_trace
error_p18_t3,t3,scripted_error,2008-04-03T10:59:13.959248,Take bowl,activity,I04,ABSENT,adl_error/p18.t3.csv,error_trace
error_p18_t3,t3,scripted_error,2008-04-03T10:59:17.568830,Take raisins,activity,I02,ABSENT,adl_error/p18.t3.csv,error_trace
error_p18_t3,t3,scripted_error,2008-04-03T10:59:19.445251,Take brown sugar,activity,I03,ABSENT,adl_error/p18.t3.csv,error_trace
error_p18_t3,t3,scripted_error,2008-04-03T10:59:24.486479,Take measuring spoon,activity,I05,ABSENT,adl_error/p18.t3.csv,error_trace
error_p18_t3,t3,scripted_error,2008-04-03T10:59:26.701673,Close kitchen cabinet,activity,D01,CLOSE,adl_error/p18.t3.csv,error_trace
error_p18_t3,t3,scripted_error,2008-04-03T10:59:27.534732,Move within kitchen,activity,M17,ON,adl_error/p18.t3.csv,error_trace
error_p18_t3,t3,scripted_error,2008-04-03T10:59:33.131520,Use kitchen sink water,activity,AD1-B,0.0457429,adl_error/p18.t3.csv,error_trace
error_p18_t3,t3,scripted_error,2008-04-03T10:59:41.945637,Move within kitchen,activity,M17,ON,adl_error/p18.t3.csv,error_trace
error_p18_t3,t3,scripted_error,2008-04-03T10:59:49.160597,Take pot,activity,I07,ABSENT,adl_error/p18.t3.csv,error_trace
error_p18_t3,t3,scripted_error,2008-04-03T10:59:58.547286,Move within kitchen,activity,M17,ON,adl_error/p18.t3.csv,error_trace
error_p18_t3,t3,scripted_error,2008-04-03T11:00:03.120120,Use burner,activity,AD1-A,2.80661,adl_error/p18.t3.csv,error_trace
error_p18_t3,t3,scripted_error,2008-04-03T11:00:04.307668,Move within kitchen,activity,M17,ON,adl_error/p18.t3.csv,error_trace
error_p18_t3,t3,scripted_error,2008-04-03T11:00:33.130340,Use burner,activity,AD1-A,3.2938,adl_error/p18.t3.csv,error_trace
error_p18_t3,t3,scripted_error,2008-04-03T11:00:34.352181,Move within kitchen,activity,M17,ON,adl_error/p18.t3.csv,error_trace
error_p18_t3,t3,scripted_error,2008-04-03T11:01:06.169430,Use burner,activity,AD1-A,3.14434,adl_error/p18.t3.csv,error_trace
error_p18_t3,t3,scripted_error,2008-04-03T11:01:06.549854,Open kitchen cabinet,activity,D01,OPEN,adl_error/p18.t3.csv,error_trace
error_p18_t3,t3,scripted_error,2008-04-03T11:01:09.567981,Return raisins,activity,I02,PRESENT,adl_error/p18.t3.csv,error_trace
error_p18_t3,t3,scripted_error,2008-04-03T11:01:11.385350,Close kitchen cabinet,activity,D01,CLOSE,adl_error/p18.t3.csv,error_trace
error_p18_t3,t3,scripted_error,2008-04-03T11:01:21.560965,Move within kitchen,activity,M17,ON,adl_error/p18.t3.csv,error_trace
error_p18_t3,t3,scripted_error,2008-04-03T11:01:45.113937,Use kitchen sink water,activity,AD1-B,0.0660166,adl_error/p18.t3.csv,error_trace
error_p18_t3,t3,scripted_error,2008-04-03T11:03:24.142450,Use burner,activity,AD1-A,3.08888,adl_error/p18.t3.csv,error_trace
error_p18_t3,t3,scripted_error,2008-04-03T11:04:03.903188,Move within kitchen,activity,M17,ON,adl_error/p18.t3.csv,error_trace
error_p18_t4,t4,scripted_error,2008-04-03T11:05:18.240560,Use kitchen sink water,activity,AD1-B,0.0505867,adl_error/p18.t4.csv,error_trace
error_p18_t4,t4,scripted_error,2008-04-03T11:05:20.634335,Move within kitchen,activity,M17,ON,adl_error/p18.t4.csv,error_trace
error_p18_t4,t4,scripted_error,2008-04-03T11:05:34.686970,Move from kitchen to dining room,activity,M15,ON,adl_error/p18.t4.csv,error_trace
error_p18_t4,t4,scripted_error,2008-04-03T11:05:34.836420,Move within dining room,activity,M14,ON,adl_error/p18.t4.csv,error_trace
error_p18_t5,t5,scripted_error,2008-04-03T11:08:35.858715,Enter dining room,activity,M13,ON,adl_error/p18.t5.csv,error_trace
error_p18_t5,t5,scripted_error,2008-04-03T11:08:42.488924,Move within dining room,activity,M14,ON,adl_error/p18.t5.csv,error_trace
error_p18_t5,t5,scripted_error,2008-04-03T11:08:44.376374,Move from dining room to kitchen,activity,M16,ON,adl_error/p18.t5.csv,error_trace
error_p18_t5,t5,scripted_error,2008-04-03T11:08:45.499082,Move within kitchen,activity,M17,ON,adl_error/p18.t5.csv,error_trace
error_p20_t1,t1,scripted_error,2008-04-04T12:31:59.786012,Enter dining room,activity,M07,ON,adl_error/p20.t1.csv,error_trace
error_p20_t1,t1,scripted_error,2008-04-04T12:32:00.578721,Move within dining room,activity,M09,ON,adl_error/p20.t1.csv,error_trace
error_p20_t1,t1,scripted_error,2008-04-04T12:32:10.454010,Take phone book,activity,I08,ABSENT,adl_error/p20.t1.csv,error_trace
error_p20_t1,t1,scripted_error,2008-04-04T12:32:16.385045,Move within dining room,activity,M13,ON,adl_error/p20.t1.csv,error_trace
error_p20_t1,t1,scripted_error,2008-04-04T12:33:15.000000,Start phone use,activity,asterisk,START,adl_error/p20.t1.csv,error_trace
error_p20_t1,t1,scripted_error,2008-04-04T12:33:39.866439,Move within dining room,activity,M13,ON,adl_error/p20.t1.csv,error_trace
error_p20_t1,t1,scripted_error,2008-04-04T12:34:32.000000,End phone use,activity,asterisk,END,adl_error/p20.t1.csv,error_trace
error_p20_t1,t1,scripted_error,2008-04-04T12:34:55.500391,Move within dining room,activity,M13,ON,adl_error/p20.t1.csv,error_trace
error_p20_t2,t2,scripted_error,2008-04-04T12:35:02.226475,Enter dining room,activity,M14,ON,adl_error/p20.t2.csv,error_trace
error_p20_t2,t2,scripted_error,2008-04-04T12:35:04.249915,Move within dining room,activity,M15,ON,adl_error/p20.t2.csv,error_trace
error_p20_t2,t2,scripted_error,2008-04-04T12:35:04.689817,Move from dining room to kitchen,activity,M16,ON,adl_error/p20.t2.csv,error_trace
error_p20_t2,t2,scripted_error,2008-04-04T12:35:05.783570,Move within kitchen,activity,M17,ON,adl_error/p20.t2.csv,error_trace
error_p20_t2,t2,scripted_error,2008-04-04T12:35:09.536300,Use kitchen sink water,activity,AD1-B,0.0568368,adl_error/p20.t2.csv,error_trace
error_p20_t2,t2,scripted_error,2008-04-04T12:35:16.824436,Move within kitchen,activity,M17,ON,adl_error/p20.t2.csv,error_trace
error_p20_t3,t3,scripted_error,2008-04-04T12:36:06.502879,Enter kitchen,activity,M17,ON,adl_error/p20.t3.csv,error_trace
error_p20_t3,t3,scripted_error,2008-04-04T12:36:06.651870,Move within kitchen,activity,M18,ON,adl_error/p20.t3.csv,error_trace
error_p20_t3,t3,scripted_error,2008-04-04T12:36:07.442578,Open kitchen cabinet,activity,D01,OPEN,adl_error/p20.t3.csv,error_trace
error_p20_t3,t3,scripted_error,2008-04-04T12:36:08.883188,Take raisins,activity,I02,ABSENT,adl_error/p20.t3.csv,error_trace
error_p20_t3,t3,scripted_error,2008-04-04T12:36:11.688390,Take oatmeal,activity,I01,ABSENT,adl_error/p20.t3.csv,error_trace
error_p20_t3,t3,scripted_error,2008-04-04T12:36:14.568571,Take measuring spoon,activity,I05,ABSENT,adl_error/p20.t3.csv,error_trace
error_p20_t3,t3,scripted_error,2008-04-04T12:36:17.416744,Move within kitchen,activity,M17,ON,adl_error/p20.t3.csv,error_trace
error_p20_t3,t3,scripted_error,2008-04-04T12:36:19.306195,Close kitchen cabinet,activity,D01,CLOSE,adl_error/p20.t3.csv,error_trace
error_p20_t3,t3,scripted_error,2008-04-04T12:36:20.595827,Take pot,activity,I07,ABSENT,adl_error/p20.t3.csv,error_trace
error_p20_t3,t3,scripted_error,2008-04-04T12:36:22.855196,Move within kitchen,activity,M17,ON,adl_error/p20.t3.csv,error_trace
error_p20_t3,t3,scripted_error,2008-04-04T12:36:51.122620,Use burner,activity,AD1-A,2.81637,adl_error/p20.t3.csv,error_trace
error_p20_t3,t3,scripted_error,2008-04-04T12:36:51.622155,Move within kitchen,activity,M17,ON,adl_error/p20.t3.csv,error_trace
error_p20_t3,t3,scripted_error,2008-04-04T12:37:29.988707,Open kitchen cabinet,activity,D01,OPEN,adl_error/p20.t3.csv,error_trace
error_p20_t3,t3,scripted_error,2008-04-04T12:37:31.879186,Take brown sugar,activity,I03,ABSENT,adl_error/p20.t3.csv,error_trace
error_p20_t3,t3,scripted_error,2008-04-04T12:37:46.812372,Move within kitchen,activity,M17,ON,adl_error/p20.t3.csv,error_trace
error_p20_t3,t3,scripted_error,2008-04-04T12:38:02.260600,Close kitchen cabinet,activity,D01,CLOSE,adl_error/p20.t3.csv,error_trace
error_p20_t3,t3,scripted_error,2008-04-04T12:38:09.523254,Move within kitchen,activity,M17,ON,adl_error/p20.t3.csv,error_trace
error_p20_t3,t3,scripted_error,2008-04-04T12:39:09.122700,Use burner,activity,AD1-A,3.28568,adl_error/p20.t3.csv,error_trace
error_p20_t3,t3,scripted_error,2008-04-04T12:39:13.742486,Move within kitchen,activity,M17,ON,adl_error/p20.t3.csv,error_trace
error_p20_t3,t3,scripted_error,2008-04-04T12:39:39.149800,Use burner,activity,AD1-A,3.06137,adl_error/p20.t3.csv,error_trace
error_p20_t3,t3,scripted_error,2008-04-04T12:39:47.539608,Move within kitchen,activity,M17,ON,adl_error/p20.t3.csv,error_trace
error_p20_t3,t3,scripted_error,2008-04-04T12:40:36.193790,Use burner,activity,AD1-A,2.98184,adl_error/p20.t3.csv,error_trace
error_p20_t3,t3,scripted_error,2008-04-04T12:40:51.250540,Move within kitchen,activity,M17,ON,adl_error/p20.t3.csv,error_trace
error_p20_t3,t3,scripted_error,2008-04-04T12:41:15.925200,Use burner,activity,AD1-A,3.03544,adl_error/p20.t3.csv,error_trace
error_p20_t3,t3,scripted_error,2008-04-04T12:41:36.980067,Move within kitchen,activity,M17,ON,adl_error/p20.t3.csv,error_trace
error_p20_t3,t3,scripted_error,2008-04-04T12:41:48.223350,Use burner,activity,AD1-A,2.98497,adl_error/p20.t3.csv,error_trace
error_p20_t3,t3,scripted_error,2008-04-04T12:41:56.898817,Move within kitchen,activity,M17,ON,adl_error/p20.t3.csv,error_trace
error_p20_t3,t3,scripted_error,2008-04-04T12:42:00.109250,Use kitchen sink water,activity,AD1-B,0.0794934,adl_error/p20.t3.csv,error_trace
error_p20_t3,t3,scripted_error,2008-04-04T12:42:07.894956,Move within kitchen,activity,M17,ON,adl_error/p20.t3.csv,error_trace
error_p20_t3,t3,scripted_error,2008-04-04T12:42:08.487815,Open kitchen cabinet,activity,D01,OPEN,adl_error/p20.t3.csv,error_trace
error_p20_t3,t3,scripted_error,2008-04-04T12:42:09.560597,Take bowl,activity,I04,ABSENT,adl_error/p20.t3.csv,error_trace
error_p20_t3,t3,scripted_error,2008-04-04T12:42:13.838289,Move within kitchen,activity,M17,ON,adl_error/p20.t3.csv,error_trace
error_p20_t3,t3,scripted_error,2008-04-04T12:42:15.550834,Close kitchen cabinet,activity,D01,CLOSE,adl_error/p20.t3.csv,error_trace
error_p20_t3,t3,scripted_error,2008-04-04T12:42:22.621412,Move within kitchen,activity,M17,ON,adl_error/p20.t3.csv,error_trace
error_p20_t3,t3,scripted_error,2008-04-04T12:42:30.194620,Use burner,activity,AD1-A,2.98497,adl_error/p20.t3.csv,error_trace
error_p20_t3,t3,scripted_error,2008-04-04T12:42:33.188810,Use kitchen sink water,activity,AD1-C,0.0355865,adl_error/p20.t3.csv,error_trace
error_p20_t3,t3,scripted_error,2008-04-04T12:42:37.265330,Move within kitchen,activity,M17,ON,adl_error/p20.t3.csv,error_trace
error_p20_t4,t4,scripted_error,2008-04-04T12:43:21.238770,Use kitchen sink water,activity,AD1-C,0.435397,adl_error/p20.t4.csv,error_trace
error_p20_t4,t4,scripted_error,2008-04-04T12:43:33.928993,Move within kitchen,activity,M16,ON,adl_error/p20.t4.csv,error_trace
error_p20_t4,t4,scripted_error,2008-04-04T12:43:34.471869,Move from kitchen to dining room,activity,M15,ON,adl_error/p20.t4.csv,error_trace
error_p20_t4,t4,scripted_error,2008-04-04T12:43:35.238722,Move within dining room,activity,M14,ON,adl_error/p20.t4.csv,error_trace
error_p20_t5,t5,scripted_error,2008-04-04T12:45:42.828031,Enter dining room,activity,M14,ON,adl_error/p20.t5.csv,error_trace
error_p20_t5,t5,scripted_error,2008-04-04T12:45:44.196113,Move within dining room,activity,M13,ON,adl_error/p20.t5.csv,error_trace
error_p20_t5,t5,scripted_error,2008-04-04T12:45:57.417900,Move from dining room to kitchen,activity,M16,ON,adl_error/p20.t5.csv,error_trace
error_p20_t5,t5,scripted_error,2008-04-04T12:45:58.457670,Move within kitchen,activity,M17,ON,adl_error/p20.t5.csv,error_trace
error_p20_t5,t5,scripted_error,2008-04-04T12:46:49.422507,Open kitchen cabinet,activity,D01,OPEN,adl_error/p20.t5.csv,error_trace
error_p20_t5,t5,scripted_error,2008-04-04T12:46:51.639354,Return brown sugar,activity,I03,PRESENT,adl_error/p20.t5.csv,error_trace
error_p20_t5,t5,scripted_error,2008-04-04T12:46:57.535842,Move within kitchen,activity,M18,ON,adl_error/p20.t5.csv,error_trace
error_p20_t5,t5,scripted_error,2008-04-04T12:47:08.237780,Return oatmeal,activity,I01,PRESENT,adl_error/p20.t5.csv,error_trace
error_p20_t5,t5,scripted_error,2008-04-04T12:47:10.139151,Close kitchen cabinet,activity,D01,CLOSE,adl_error/p20.t5.csv,error_trace
error_p21_t1,t1,scripted_error,2008-04-04T13:36:37.583375,Enter dining room,activity,M01,ON,adl_error/p21.t1.csv,error_trace
error_p21_t1,t1,scripted_error,2008-04-04T13:36:37.649200,Move from dining room to corridor,activity,M23,ON,adl_error/p21.t1.csv,error_trace
error_p21_t1,t1,scripted_error,2008-04-04T13:36:38.726109,Move from corridor to dining room,activity,M07,ON,adl_error/p21.t1.csv,error_trace
error_p21_t1,t1,scripted_error,2008-04-04T13:36:38.887140,Move within dining room,activity,M08,ON,adl_error/p21.t1.csv,error_trace
error_p21_t1,t1,scripted_error,2008-04-04T13:36:46.370901,Take phone book,activity,I08,ABSENT,adl_error/p21.t1.csv,error_trace
error_p21_t1,t1,scripted_error,2008-04-04T13:36:57.476422,Move within dining room,activity,M13,ON,adl_error/p21.t1.csv,error_trace
error_p21_t1,t1,scripted_error,2008-04-04T13:38:26.000000,Start phone use,activity,asterisk,START,adl_error/p21.t1.csv,error_trace
error_p21_t1,t1,scripted_error,2008-04-04T13:38:47.456681,Move within dining room,activity,M13,ON,adl_error/p21.t1.csv,error_trace
error_p21_t1,t1,scripted_error,2008-04-04T13:40:06.000000,End phone use,activity,asterisk,END,adl_error/p21.t1.csv,error_trace
error_p21_t2,t2,scripted_error,2008-04-04T13:40:28.339168,Enter dining room,activity,M13,ON,adl_error/p21.t2.csv,error_trace
error_p21_t2,t2,scripted_error,2008-04-04T13:40:34.796424,Move within dining room,activity,M14,ON,adl_error/p21.t2.csv,error_trace
error_p21_t2,t2,scripted_error,2008-04-04T13:40:37.863670,Move from dining room to kitchen,activity,M16,ON,adl_error/p21.t2.csv,error_trace
error_p21_t2,t2,scripted_error,2008-04-04T13:40:38.176066,Move within kitchen,activity,M17,ON,adl_error/p21.t2.csv,error_trace
error_p21_t2,t2,scripted_error,2008-04-04T13:40:45.210700,Use kitchen sink water,activity,AD1-B,0.0591025,adl_error/p21.t2.csv,error_trace
error_p21_t2,t2,scripted_error,2008-04-04T13:41:01.292494,Move within kitchen,activity,M17,ON,adl_error/p21.t2.csv,error_trace
error_p21_t3,t3,scripted_error,2008-04-04T13:41:21.954982,Enter kitchen,activity,M17,ON,adl_error/p21.t3.csv,error_trace
error_p21_t3,t3,scripted_error,2008-04-04T13:41:42.559472,Move within kitchen,activity,M17,ON,adl_error/p21.t3.csv,error_trace
error_p21_t3,t3,scripted_error,2008-04-04T13:41:44.641275,Open kitchen cabinet,activity,D01,OPEN,adl_error/p21.t3.csv,error_trace
error_p21_t3,t3,scripted_error,2008-04-04T13:41:47.880390,Take raisins,activity,I02,ABSENT,adl_error/p21.t3.csv,error_trace
error_p21_t3,t3,scripted_error,2008-04-04T13:41:48.618232,Take oatmeal,activity,I01,ABSENT,adl_error/p21.t3.csv,error_trace
error_p21_t3,t3,scripted_error,2008-04-04T13:41:50.722513,Take brown sugar,activity,I03,ABSENT,adl_error/p21.t3.csv,error_trace
error_p21_t3,t3,scripted_error,2008-04-04T13:41:52.250940,Move within kitchen,activity,M17,ON,adl_error/p21.t3.csv,error_trace
error_p21_t3,t3,scripted_error,2008-04-04T13:41:54.690285,Take measuring spoon,activity,I05,ABSENT,adl_error/p21.t3.csv,error_trace
error_p21_t3,t3,scripted_error,2008-04-04T13:41:56.328830,Move within kitchen,activity,M17,ON,adl_error/p21.t3.csv,error_trace
error_p21_t3,t3,scripted_error,2008-04-04T13:41:57.716426,Take bowl,activity,I04,ABSENT,adl_error/p21.t3.csv,error_trace
error_p21_t3,t3,scripted_error,2008-04-04T13:42:00.536505,Move within kitchen,activity,M17,ON,adl_error/p21.t3.csv,error_trace
error_p21_t3,t3,scripted_error,2008-04-04T13:42:01.419239,Close kitchen cabinet,activity,D01,CLOSE,adl_error/p21.t3.csv,error_trace
error_p21_t3,t3,scripted_error,2008-04-04T13:42:09.525904,Move within kitchen,activity,M17,ON,adl_error/p21.t3.csv,error_trace
error_p21_t3,t3,scripted_error,2008-04-04T13:42:12.612049,Take pot,activity,I07,ABSENT,adl_error/p21.t3.csv,error_trace
error_p21_t3,t3,scripted_error,2008-04-04T13:42:21.542503,Move within kitchen,activity,M17,ON,adl_error/p21.t3.csv,error_trace
error_p21_t3,t3,scripted_error,2008-04-04T13:42:27.136290,Use kitchen sink water,activity,AD1-B,0.0439069,adl_error/p21.t3.csv,error_trace
error_p21_t3,t3,scripted_error,2008-04-04T13:42:31.222050,Move within kitchen,activity,M17,ON,adl_error/p21.t3.csv,error_trace
error_p21_t3,t3,scripted_error,2008-04-04T13:42:48.532850,Use burner,activity,AD1-A,2.80879,adl_error/p21.t3.csv,error_trace
error_p21_t3,t3,scripted_error,2008-04-04T13:42:57.495422,Move within kitchen,activity,M17,ON,adl_error/p21.t3.csv,error_trace
error_p21_t3,t3,scripted_error,2008-04-04T13:43:24.447300,Use burner,activity,AD1-A,3.28833,adl_error/p21.t3.csv,error_trace
error_p21_t3,t3,scripted_error,2008-04-04T13:43:26.610677,Move within kitchen,activity,M17,ON,adl_error/p21.t3.csv,error_trace
error_p21_t3,t3,scripted_error,2008-04-04T13:44:09.138340,Use burner,activity,AD1-A,3.12544,adl_error/p21.t3.csv,error_trace
error_p21_t3,t3,scripted_error,2008-04-04T13:44:58.646365,Move within kitchen,activity,M17,ON,adl_error/p21.t3.csv,error_trace
error_p21_t3,t3,scripted_error,2008-04-04T13:45:18.298600,Use burner,activity,AD1-A,3.06419,adl_error/p21.t3.csv,error_trace
error_p21_t3,t3,scripted_error,2008-04-04T13:45:23.953170,Move within kitchen,activity,M17,ON,adl_error/p21.t3.csv,error_trace
error_p21_t3,t3,scripted_error,2008-04-04T13:45:52.572403,Open kitchen cabinet,activity,D01,OPEN,adl_error/p21.t3.csv,error_trace
error_p21_t3,t3,scripted_error,2008-04-04T13:45:53.812098,Move within kitchen,activity,M17,ON,adl_error/p21.t3.csv,error_trace
error_p21_t3,t3,scripted_error,2008-04-04T13:45:55.644542,Return brown sugar,activity,I03,PRESENT,adl_error/p21.t3.csv,error_trace
error_p21_t3,t3,scripted_error,2008-04-04T13:45:56.780193,Move within kitchen,activity,M17,ON,adl_error/p21.t3.csv,error_trace
error_p21_t3,t3,scripted_error,2008-04-04T13:45:57.630951,Close kitchen cabinet,activity,D01,CLOSE,adl_error/p21.t3.csv,error_trace
error_p21_t3,t3,scripted_error,2008-04-04T13:45:58.623062,Move within kitchen,activity,M17,ON,adl_error/p21.t3.csv,error_trace
error_p21_t3,t3,scripted_error,2008-04-04T13:46:30.944000,Use burner,activity,AD1-A,3.0545,adl_error/p21.t3.csv,error_trace
error_p21_t3,t3,scripted_error,2008-04-04T13:46:39.658527,Move within kitchen,activity,M17,ON,adl_error/p21.t3.csv,error_trace
error_p21_t3,t3,scripted_error,2008-04-04T13:47:18.240300,Use burner,activity,AD1-A,3.01051,adl_error/p21.t3.csv,error_trace
error_p21_t3,t3,scripted_error,2008-04-04T13:48:40.557214,Move within kitchen,activity,M17,ON,adl_error/p21.t3.csv,error_trace
error_p21_t4,t4,scripted_error,2008-04-04T13:50:21.562912,Enter kitchen,activity,M17,ON,adl_error/p21.t4.csv,error_trace
error_p21_t4,t4,scripted_error,2008-04-04T13:50:22.334930,Open kitchen cabinet,activity,D01,OPEN,adl_error/p21.t4.csv,error_trace
error_p21_t4,t4,scripted_error,2008-04-04T13:50:24.553109,Take brown sugar,activity,I03,ABSENT,adl_error/p21.t4.csv,error_trace
error_p21_t4,t4,scripted_error,2008-04-04T13:50:25.860805,Close kitchen cabinet,activity,D01,CLOSE,adl_error/p21.t4.csv,error_trace
error_p21_t4,t4,scripted_error,2008-04-04T13:50:30.165670,Use kitchen sink water,activity,AD1-B,0.0330474,adl_error/p21.t4.csv,error_trace
error_p21_t4,t4,scripted_error,2008-04-04T13:50:30.165670,Use burner,activity,AD1-A,2.88004,adl_error/p21.t4.csv,error_trace
error_p21_t4,t4,scripted_error,2008-04-04T13:50:35.667659,Move within kitchen,activity,M17,ON,adl_error/p21.t4.csv,error_trace
error_p21_t4,t4,scripted_error,2008-04-04T13:50:40.726198,Move from kitchen to dining room,activity,M15,ON,adl_error/p21.t4.csv,error_trace
error_p21_t4,t4,scripted_error,2008-04-04T13:50:41.515270,Move within dining room,activity,M14,ON,adl_error/p21.t4.csv,error_trace
error_p21_t5,t5,scripted_error,2008-04-04T13:52:25.836804,Enter dining room,activity,M13,ON,adl_error/p21.t5.csv,error_trace
error_p21_t5,t5,scripted_error,2008-04-04T13:52:28.931912,Move within dining room,activity,M13,ON,adl_error/p21.t5.csv,error_trace
error_p21_t5,t5,scripted_error,2008-04-04T13:52:35.837600,Move from dining room to kitchen,activity,M16,ON,adl_error/p21.t5.csv,error_trace
error_p21_t5,t5,scripted_error,2008-04-04T13:52:36.550858,Move within kitchen,activity,M17,ON,adl_error/p21.t5.csv,error_trace
error_p22_t1,t1,scripted_error,2008-04-04T15:09:41.923043,Enter corridor,activity,M23,ON,adl_error/p22.t1.csv,error_trace
error_p22_t1,t1,scripted_error,2008-04-04T15:09:41.923043,Move from corridor to dining room,activity,M01,ON,adl_error/p22.t1.csv,error_trace
error_p22_t1,t1,scripted_error,2008-04-04T15:09:43.147133,Move within dining room,activity,M07,ON,adl_error/p22.t1.csv,error_trace
error_p22_t1,t1,scripted_error,2008-04-04T15:09:49.393694,Take phone book,activity,I08,ABSENT,adl_error/p22.t1.csv,error_trace
error_p22_t1,t1,scripted_error,2008-04-04T15:10:03.480814,Move within dining room,activity,M13,ON,adl_error/p22.t1.csv,error_trace
error_p22_t1,t1,scripted_error,2008-04-04T15:10:59.000000,Start phone use,activity,asterisk,START,adl_error/p22.t1.csv,error_trace
error_p22_t1,t1,scripted_error,2008-04-04T15:11:03.803853,Move within dining room,activity,M13,ON,adl_error/p22.t1.csv,error_trace
error_p22_t1,t1,scripted_error,2008-04-04T15:12:10.000000,End phone use,activity,asterisk,END,adl_error/p22.t1.csv,error_trace
error_p22_t2,t2,scripted_error,2008-04-04T15:12:33.518518,Enter dining room,activity,M13,ON,adl_error/p22.t2.csv,error_trace
error_p22_t2,t2,scripted_error,2008-04-04T15:12:36.791527,Move within dining room,activity,M14,ON,adl_error/p22.t2.csv,error_trace
error_p22_t2,t2,scripted_error,2008-04-04T15:12:37.977273,Move from dining room to kitchen,activity,M16,ON,adl_error/p22.t2.csv,error_trace
error_p22_t2,t2,scripted_error,2008-04-04T15:12:39.550766,Move within kitchen,activity,M17,ON,adl_error/p22.t2.csv,error_trace
error_p22_t2,t2,scripted_error,2008-04-04T15:12:42.481320,Use kitchen sink water,activity,AD1-B,0.03961,adl_error/p22.t2.csv,error_trace
error_p22_t2,t2,scripted_error,2008-04-04T15:13:04.457562,Move within kitchen,activity,M17,ON,adl_error/p22.t2.csv,error_trace
error_p22_t3,t3,scripted_error,2008-04-04T15:13:49.328565,Enter kitchen,activity,M17,ON,adl_error/p22.t3.csv,error_trace
error_p22_t3,t3,scripted_error,2008-04-04T15:13:50.739175,Open kitchen cabinet,activity,D01,OPEN,adl_error/p22.t3.csv,error_trace
error_p22_t3,t3,scripted_error,2008-04-04T15:13:55.993789,Take brown sugar,activity,I03,ABSENT,adl_error/p22.t3.csv,error_trace
error_p22_t3,t3,scripted_error,2008-04-04T15:13:57.736341,Return brown sugar,activity,I03,PRESENT,adl_error/p22.t3.csv,error_trace
error_p22_t3,t3,scripted_error,2008-04-04T15:14:00.592645,Take raisins,activity,I02,ABSENT,adl_error/p22.t3.csv,error_trace
error_p22_t3,t3,scripted_error,2008-04-04T15:14:02.172520,Take measuring spoon,activity,I05,ABSENT,adl_error/p22.t3.csv,error_trace
error_p22_t3,t3,scripted_error,2008-04-04T15:14:06.555988,Move within kitchen,activity,M17,ON,adl_error/p22.t3.csv,error_trace
error_p22_t3,t3,scripted_error,2008-04-04T15:14:12.267080,Use kitchen sink water,activity,AD1-B,0.0479695,adl_error/p22.t3.csv,error_trace
error_p22_t3,t3,scripted_error,2008-04-04T15:14:17.886515,Move within kitchen,activity,M17,ON,adl_error/p22.t3.csv,error_trace
error_p22_t3,t3,scripted_error,2008-04-04T15:14:30.449793,Take oatmeal,activity,I01,ABSENT,adl_error/p22.t3.csv,error_trace
error_p22_t3,t3,scripted_error,2008-04-04T15:14:37.943868,Take brown sugar,activity,I03,ABSENT,adl_error/p22.t3.csv,error_trace
error_p22_t3,t3,scripted_error,2008-04-04T15:14:39.459796,Return brown sugar,activity,I03,PRESENT,adl_error/p22.t3.csv,error_trace
error_p22_t3,t3,scripted_error,2008-04-04T15:14:41.574770,Move within kitchen,activity,M17,ON,adl_error/p22.t3.csv,error_trace
error_p22_t3,t3,scripted_error,2008-04-04T15:14:45.790160,Take pot,activity,I07,ABSENT,adl_error/p22.t3.csv,error_trace
error_p22_t3,t3,scripted_error,2008-04-04T15:14:54.978100,Use burner,activity,AD1-A,2.82723,adl_error/p22.t3.csv,error_trace
error_p22_t3,t3,scripted_error,2008-04-04T15:15:04.340059,Move within kitchen,activity,M17,ON,adl_error/p22.t3.csv,error_trace
error_p22_t3,t3,scripted_error,2008-04-04T15:15:36.378200,Use burner,activity,AD1-A,3.28661,adl_error/p22.t3.csv,error_trace
error_p22_t3,t3,scripted_error,2008-04-04T15:15:43.450019,Move within kitchen,activity,M17,ON,adl_error/p22.t3.csv,error_trace
error_p22_t3,t3,scripted_error,2008-04-04T15:16:24.319300,Use burner,activity,AD1-A,2.98559,adl_error/p22.t3.csv,error_trace
error_p22_t3,t3,scripted_error,2008-04-04T15:16:30.949516,Move within kitchen,activity,M17,ON,adl_error/p22.t3.csv,error_trace
error_p22_t3,t3,scripted_error,2008-04-04T15:17:06.738200,Use burner,activity,AD1-A,3.04591,adl_error/p22.t3.csv,error_trace
error_p22_t3,t3,scripted_error,2008-04-04T15:17:11.667777,Move within kitchen,activity,M17,ON,adl_error/p22.t3.csv,error_trace
error_p22_t3,t3,scripted_error,2008-04-04T15:17:34.733387,Return oatmeal,activity,I01,PRESENT,adl_error/p22.t3.csv,error_trace
error_p22_t3,t3,scripted_error,2008-04-04T15:17:38.298724,Return raisins,activity,I02,PRESENT,adl_error/p22.t3.csv,error_trace
error_p22_t3,t3,scripted_error,2008-04-04T15:17:40.318721,Move within kitchen,activity,M17,ON,adl_error/p22.t3.csv,error_trace
error_p22_t3,t3,scripted_error,2008-04-04T15:17:41.647372,Close kitchen cabinet,activity,D01,CLOSE,adl_error/p22.t3.csv,error_trace
error_p22_t3,t3,scripted_error,2008-04-04T15:17:43.630808,Move within kitchen,activity,M18,ON,adl_error/p22.t3.csv,error_trace
error_p22_t3,t3,scripted_error,2008-04-04T15:17:45.193950,Use burner,activity,AD1-A,3.04466,adl_error/p22.t3.csv,error_trace
error_p22_t3,t3,scripted_error,2008-04-04T15:18:37.791255,Open kitchen cabinet,activity,D01,OPEN,adl_error/p22.t3.csv,error_trace
error_p22_t3,t3,scripted_error,2008-04-04T15:18:40.110724,Take bowl,activity,I04,ABSENT,adl_error/p22.t3.csv,error_trace
error_p22_t3,t3,scripted_error,2008-04-04T15:18:40.110724,Return oatmeal,activity,I01,PRESENT,adl_error/p22.t3.csv,error_trace
error_p22_t3,t3,scripted_error,2008-04-04T15:18:44.571858,Move within kitchen,activity,M17,ON,adl_error/p22.t3.csv,error_trace
error_p22_t3,t3,scripted_error,2008-04-04T15:19:03.796447,Close kitchen cabinet,activity,D01,CLOSE,adl_error/p22.t3.csv,error_trace
error_p22_t3,t3,scripted_error,2008-04-04T15:19:05.642579,Move within kitchen,activity,M17,ON,adl_error/p22.t3.csv,error_trace
error_p22_t4,t4,scripted_error,2008-04-04T15:19:30.587402,Open kitchen cabinet,activity,D01,OPEN,adl_error/p22.t4.csv,error_trace
error_p22_t4,t4,scripted_error,2008-04-04T15:19:30.961280,Move within kitchen,activity,M17,ON,adl_error/p22.t4.csv,error_trace
error_p22_t4,t4,scripted_error,2008-04-04T15:19:33.126840,Use burner,activity,AD1-A,2.88934,adl_error/p22.t4.csv,error_trace
error_p22_t4,t4,scripted_error,2008-04-04T15:19:33.706525,Take brown sugar,activity,I03,ABSENT,adl_error/p22.t4.csv,error_trace
error_p22_t4,t4,scripted_error,2008-04-04T15:19:35.450148,Close kitchen cabinet,activity,D01,CLOSE,adl_error/p22.t4.csv,error_trace
error_p22_t4,t4,scripted_error,2008-04-04T15:19:42.244800,Use kitchen sink water,activity,AD1-C,0.0707823,adl_error/p22.t4.csv,error_trace
error_p22_t4,t4,scripted_error,2008-04-04T15:19:50.407890,Move within kitchen,activity,M17,ON,adl_error/p22.t4.csv,error_trace
error_p22_t4,t4,scripted_error,2008-04-04T15:19:55.338322,Move from kitchen to dining room,activity,M15,ON,adl_error/p22.t4.csv,error_trace
error_p22_t4,t4,scripted_error,2008-04-04T15:19:56.272140,Move within dining room,activity,M14,ON,adl_error/p22.t4.csv,error_trace
error_p22_t5,t5,scripted_error,2008-04-04T15:20:41.826823,Enter dining room,activity,M14,ON,adl_error/p22.t5.csv,error_trace
error_p22_t5,t5,scripted_error,2008-04-04T15:20:42.639641,Move within dining room,activity,M13,ON,adl_error/p22.t5.csv,error_trace
error_p22_t5,t5,scripted_error,2008-04-04T15:20:46.166742,Move from dining room to kitchen,activity,M16,ON,adl_error/p22.t5.csv,error_trace
error_p22_t5,t5,scripted_error,2008-04-04T15:20:47.293531,Move within kitchen,activity,M17,ON,adl_error/p22.t5.csv,error_trace
error_p23_t1,t1,scripted_error,2008-04-08T13:33:01.425488,Enter dining room,activity,M07,ON,adl_error/p23.t1.csv,error_trace
error_p23_t1,t1,scripted_error,2008-04-08T13:33:01.937524,Move within dining room,activity,M08,ON,adl_error/p23.t1.csv,error_trace
error_p23_t1,t1,scripted_error,2008-04-08T13:33:08.315050,Take phone book,activity,I08,ABSENT,adl_error/p23.t1.csv,error_trace
error_p23_t1,t1,scripted_error,2008-04-08T13:33:35.343910,Move within dining room,activity,M13,ON,adl_error/p23.t1.csv,error_trace
error_p23_t1,t1,scripted_error,2008-04-08T13:33:48.000000,Start phone use,activity,asterisk,START,adl_error/p23.t1.csv,error_trace
error_p23_t1,t1,scripted_error,2008-04-08T13:33:49.600230,Move within dining room,activity,M13,ON,adl_error/p23.t1.csv,error_trace
error_p23_t1,t1,scripted_error,2008-04-08T13:34:57.000000,End phone use,activity,asterisk,END,adl_error/p23.t1.csv,error_trace
error_p23_t2,t2,scripted_error,2008-04-08T13:35:26.164564,Enter dining room,activity,M14,ON,adl_error/p23.t2.csv,error_trace
error_p23_t2,t2,scripted_error,2008-04-08T13:35:27.647246,Move within dining room,activity,M15,ON,adl_error/p23.t2.csv,error_trace
error_p23_t2,t2,scripted_error,2008-04-08T13:35:28.201141,Move from dining room to kitchen,activity,M16,ON,adl_error/p23.t2.csv,error_trace
error_p23_t2,t2,scripted_error,2008-04-08T13:35:29.665023,Move within kitchen,activity,M17,ON,adl_error/p23.t2.csv,error_trace
error_p23_t2,t2,scripted_error,2008-04-08T13:35:33.844400,Use kitchen sink water,activity,AD1-B,0.034063,adl_error/p23.t2.csv,error_trace
error_p23_t2,t2,scripted_error,2008-04-08T13:35:45.471591,Move within kitchen,activity,M17,ON,adl_error/p23.t2.csv,error_trace
error_p23_t3,t3,scripted_error,2008-04-08T13:36:26.805131,Enter kitchen,activity,M17,ON,adl_error/p23.t3.csv,error_trace
error_p23_t3,t3,scripted_error,2008-04-08T13:36:27.893236,Open kitchen cabinet,activity,D01,OPEN,adl_error/p23.t3.csv,error_trace
error_p23_t3,t3,scripted_error,2008-04-08T13:36:29.974215,Take raisins,activity,I02,ABSENT,adl_error/p23.t3.csv,error_trace
error_p23_t3,t3,scripted_error,2008-04-08T13:36:33.840800,Take measuring spoon,activity,I05,ABSENT,adl_error/p23.t3.csv,error_trace
error_p23_t3,t3,scripted_error,2008-04-08T13:36:35.464727,Take oatmeal,activity,I01,ABSENT,adl_error/p23.t3.csv,error_trace
error_p23_t3,t3,scripted_error,2008-04-08T13:36:43.698159,Return oatmeal,activity,I01,PRESENT,adl_error/p23.t3.csv,error_trace
error_p23_t3,t3,scripted_error,2008-04-08T13:36:46.729837,Take pot,activity,I07,ABSENT,adl_error/p23.t3.csv,error_trace
error_p23_t3,t3,scripted_error,2008-04-08T13:36:47.600935,Move within kitchen,activity,M17,ON,adl_error/p23.t3.csv,error_trace
error_p23_t3,t3,scripted_error,2008-04-08T13:36:51.182000,Use burner,activity,AD1-A,2.80778,adl_error/p23.t3.csv,error_trace
error_p23_t3,t3,scripted_error,2008-04-08T13:36:53.491038,Move within kitchen,activity,M17,ON,adl_error/p23.t3.csv,error_trace
error_p23_t3,t3,scripted_error,2008-04-08T13:37:21.257910,Use burner,activity,AD1-A,3.18435,adl_error/p23.t3.csv,error_trace
error_p23_t3,t3,scripted_error,2008-04-08T13:37:23.897971,Move within kitchen,activity,M17,ON,adl_error/p23.t3.csv,error_trace
error_p23_t3,t3,scripted_error,2008-04-08T13:37:27.109100,Use kitchen sink water,activity,AD1-B,0.0508602,adl_error/p23.t3.csv,error_trace
error_p23_t3,t3,scripted_error,2008-04-08T13:37:32.329536,Move within kitchen,activity,M17,ON,adl_error/p23.t3.csv,error_trace
error_p23_t3,t3,scripted_error,2008-04-08T13:37:46.512094,Return raisins,activity,I02,PRESENT,adl_error/p23.t3.csv,error_trace
error_p23_t3,t3,scripted_error,2008-04-08T13:37:57.156620,Use burner,activity,AD1-A,3.07348,adl_error/p23.t3.csv,error_trace
error_p23_t3,t3,scripted_error,2008-04-08T13:39:46.935810,Take brown sugar,activity,I03,ABSENT,adl_error/p23.t3.csv,error_trace
error_p23_t3,t3,scripted_error,2008-04-08T13:39:47.477578,Return brown sugar,activity,I03,PRESENT,adl_error/p23.t3.csv,error_trace
error_p23_t3,t3,scripted_error,2008-04-08T13:39:48.558734,Take bowl,activity,I04,ABSENT,adl_error/p23.t3.csv,error_trace
error_p23_t3,t3,scripted_error,2008-04-08T13:40:06.150100,Use burner,activity,AD1-A,3.02575,adl_error/p23.t3.csv,error_trace
error_p23_t3,t3,scripted_error,2008-04-08T13:40:17.974671,Move within kitchen,activity,M17,ON,adl_error/p23.t3.csv,error_trace
error_p23_t3,t3,scripted_error,2008-04-08T13:40:18.568549,Take brown sugar,activity,I03,ABSENT,adl_error/p23.t3.csv,error_trace
error_p23_t3,t3,scripted_error,2008-04-08T13:40:19.974142,Return brown sugar,activity,I03,PRESENT,adl_error/p23.t3.csv,error_trace
error_p23_t3,t3,scripted_error,2008-04-08T13:40:21.500753,Move within kitchen,activity,M17,ON,adl_error/p23.t3.csv,error_trace
error_p23_t3,t3,scripted_error,2008-04-08T13:40:48.176050,Use burner,activity,AD1-A,3.02145,adl_error/p23.t3.csv,error_trace
error_p23_t3,t3,scripted_error,2008-04-08T13:40:48.737413,Move within kitchen,activity,M17,ON,adl_error/p23.t3.csv,error_trace
error_p23_t3,t3,scripted_error,2008-04-08T13:40:49.104050,Take oatmeal,activity,I01,ABSENT,adl_error/p23.t3.csv,error_trace
error_p23_t3,t3,scripted_error,2008-04-08T13:40:51.247940,Move within kitchen,activity,M17,ON,adl_error/p23.t3.csv,error_trace
error_p23_t3,t3,scripted_error,2008-04-08T13:41:13.205171,Return oatmeal,activity,I01,PRESENT,adl_error/p23.t3.csv,error_trace
error_p23_t4,t4,scripted_error,2008-04-08T13:41:40.624172,Close kitchen cabinet,activity,D01,CLOSE,adl_error/p23.t4.csv,error_trace
error_p23_t4,t4,scripted_error,2008-04-08T13:41:41.663931,Move within kitchen,activity,M17,ON,adl_error/p23.t4.csv,error_trace
error_p23_t4,t4,scripted_error,2008-04-08T13:41:45.229780,Use burner,activity,AD1-A,3.01911,adl_error/p23.t4.csv,error_trace
error_p23_t4,t4,scripted_error,2008-04-08T13:42:03.817777,Open kitchen cabinet,activity,D01,OPEN,adl_error/p23.t4.csv,error_trace
error_p23_t4,t4,scripted_error,2008-04-08T13:42:04.706874,Move within kitchen,activity,M17,ON,adl_error/p23.t4.csv,error_trace
error_p23_t4,t4,scripted_error,2008-04-08T13:42:05.350000,Take brown sugar,activity,I03,ABSENT,adl_error/p23.t4.csv,error_trace
error_p23_t4,t4,scripted_error,2008-04-08T13:42:06.649047,Close kitchen cabinet,activity,D01,CLOSE,adl_error/p23.t4.csv,error_trace
error_p23_t4,t4,scripted_error,2008-04-08T13:42:12.135750,Use kitchen sink water,activity,AD1-C,0.0462898,adl_error/p23.t4.csv,error_trace
error_p23_t4,t4,scripted_error,2008-04-08T13:42:15.633700,Move within kitchen,activity,M17,ON,adl_error/p23.t4.csv,error_trace
error_p23_t4,t4,scripted_error,2008-04-08T13:42:19.670201,Move from kitchen to dining room,activity,M15,ON,adl_error/p23.t4.csv,error_trace
error_p23_t4,t4,scripted_error,2008-04-08T13:42:20.277068,Move within dining room,activity,M14,ON,adl_error/p23.t4.csv,error_trace
error_p23_t4,t4,scripted_error,2008-04-08T13:42:48.219810,Use burner,activity,AD1-A,2.83317,adl_error/p23.t4.csv,error_trace
error_p23_t4,t4,scripted_error,2008-04-08T13:42:49.643615,Move from kitchen to dining room,activity,M14,ON,adl_error/p23.t4.csv,error_trace
error_p23_t5,t5,scripted_error,2008-04-08T13:43:22.604608,Enter dining room,activity,M13,ON,adl_error/p23.t5.csv,error_trace
error_p23_t5,t5,scripted_error,2008-04-08T13:43:26.453077,Move within dining room,activity,M15,ON,adl_error/p23.t5.csv,error_trace
error_p23_t5,t5,scripted_error,2008-04-08T13:43:26.954025,Move from dining room to kitchen,activity,M16,ON,adl_error/p23.t5.csv,error_trace
error_p23_t5,t5,scripted_error,2008-04-08T13:43:28.459695,Move within kitchen,activity,M17,ON,adl_error/p23.t5.csv,error_trace
error_p24_t1,t1,scripted_error,2008-04-10T09:33:01.293865,Enter corridor,activity,M23,ON,adl_error/p24.t1.csv,error_trace
error_p24_t1,t1,scripted_error,2008-04-10T09:33:01.613745,Move from corridor to dining room,activity,M01,ON,adl_error/p24.t1.csv,error_trace
error_p24_t1,t1,scripted_error,2008-04-10T09:33:02.540428,Move within dining room,activity,M08,ON,adl_error/p24.t1.csv,error_trace
error_p24_t1,t1,scripted_error,2008-04-10T09:34:21.555078,Take phone book,activity,I08,ABSENT,adl_error/p24.t1.csv,error_trace
error_p24_t1,t1,scripted_error,2008-04-10T09:34:25.174980,Move within dining room,activity,M14,ON,adl_error/p24.t1.csv,error_trace
error_p24_t1,t1,scripted_error,2008-04-10T09:39:50.000000,Start phone use,activity,asterisk,START,adl_error/p24.t1.csv,error_trace
error_p24_t1,t1,scripted_error,2008-04-10T09:40:10.140757,Move within dining room,activity,M13,ON,adl_error/p24.t1.csv,error_trace
error_p24_t1,t1,scripted_error,2008-04-10T09:41:23.000000,End phone use,activity,asterisk,END,adl_error/p24.t1.csv,error_trace
error_p24_t1,t1,scripted_error,2008-04-10T09:41:23.221958,Move within dining room,activity,M13,ON,adl_error/p24.t1.csv,error_trace
error_p24_t1,t1,scripted_error,2008-04-10T09:41:28.684603,Return phone book,activity,I08,PRESENT,adl_error/p24.t1.csv,error_trace
error_p24_t1,t1,scripted_error,2008-04-10T09:41:31.284777,Move within dining room,activity,M13,ON,adl_error/p24.t1.csv,error_trace
error_p24_t2,t2,scripted_error,2008-04-10T09:42:10.431269,Enter dining room,activity,M14,ON,adl_error/p24.t2.csv,error_trace
error_p24_t2,t2,scripted_error,2008-04-10T09:42:11.962965,Move within dining room,activity,M13,ON,adl_error/p24.t2.csv,error_trace
error_p24_t2,t2,scripted_error,2008-04-10T09:42:12.922740,Move from dining room to kitchen,activity,M16,ON,adl_error/p24.t2.csv,error_trace
error_p24_t2,t2,scripted_error,2008-04-10T09:42:13.834642,Move within kitchen,activity,M17,ON,adl_error/p24.t2.csv,error_trace
error_p24_t2,t2,scripted_error,2008-04-10T09:42:18.239450,Use kitchen sink water,activity,AD1-B,0.0471882,adl_error/p24.t2.csv,error_trace
error_p24_t2,t2,scripted_error,2008-04-10T09:42:38.285510,Move within kitchen,activity,M17,ON,adl_error/p24.t2.csv,error_trace
error_p24_t2,t2,scripted_error,2008-04-10T09:42:47.517747,Take pot,activity,I07,ABSENT,adl_error/p24.t2.csv,error_trace
error_p24_t2,t2,scripted_error,2008-04-10T09:42:51.117170,Use kitchen sink water,activity,AD1-B,0.0430475,adl_error/p24.t2.csv,error_trace
error_p24_t2,t2,scripted_error,2008-04-10T09:42:57.625798,Move within kitchen,activity,M17,ON,adl_error/p24.t2.csv,error_trace
error_p24_t2,t2,scripted_error,2008-04-10T09:43:03.282180,Use burner,activity,AD1-A,2.80567,adl_error/p24.t2.csv,error_trace
error_p24_t2,t2,scripted_error,2008-04-10T09:43:08.500842,Move within kitchen,activity,M16,ON,adl_error/p24.t2.csv,error_trace
error_p24_t2,t2,scripted_error,2008-04-10T09:43:09.552615,Move from kitchen to dining room,activity,M15,ON,adl_error/p24.t2.csv,error_trace
error_p24_t2,t2,scripted_error,2008-04-10T09:43:10.276399,Move within dining room,activity,M14,ON,adl_error/p24.t2.csv,error_trace
error_p24_t2,t2,scripted_error,2008-04-10T09:43:19.916802,Move from kitchen to dining room,activity,M15,ON,adl_error/p24.t2.csv,error_trace
error_p24_t2,t2,scripted_error,2008-04-10T09:43:20.758380,Move within dining room,activity,M14,ON,adl_error/p24.t2.csv,error_trace
error_p24_t2,t2,scripted_error,2008-04-10T09:43:26.798997,Move from kitchen to dining room,activity,M15,ON,adl_error/p24.t2.csv,error_trace
error_p24_t2,t2,scripted_error,2008-04-10T09:43:27.759073,Move from dining room to kitchen,activity,M16,ON,adl_error/p24.t2.csv,error_trace
error_p24_t2,t2,scripted_error,2008-04-10T09:43:35.938316,Move from kitchen to dining room,activity,M15,ON,adl_error/p24.t2.csv,error_trace
error_p24_t2,t2,scripted_error,2008-04-10T09:43:44.379422,Move from dining room to kitchen,activity,M16,ON,adl_error/p24.t2.csv,error_trace
error_p24_t2,t2,scripted_error,2008-04-10T09:43:44.903475,Move from kitchen to dining room,activity,M15,ON,adl_error/p24.t2.csv,error_trace
error_p24_t2,t2,scripted_error,2008-04-10T09:43:47.405640,Move within dining room,activity,M14,ON,adl_error/p24.t2.csv,error_trace
error_p24_t3,t3,scripted_error,2008-04-10T09:44:22.567205,Enter dining room,activity,M15,ON,adl_error/p24.t3.csv,error_trace
error_p24_t3,t3,scripted_error,2008-04-10T09:44:22.752258,Move within dining room,activity,M14,ON,adl_error/p24.t3.csv,error_trace
error_p24_t3,t3,scripted_error,2008-04-10T09:44:23.159042,Move from dining room to kitchen,activity,M16,ON,adl_error/p24.t3.csv,error_trace
error_p24_t3,t3,scripted_error,2008-04-10T09:44:26.654035,Move within kitchen,activity,M17,ON,adl_error/p24.t3.csv,error_trace
error_p24_t3,t3,scripted_error,2008-04-10T09:44:39.770999,Open kitchen cabinet,activity,D01,OPEN,adl_error/p24.t3.csv,error_trace
error_p24_t3,t3,scripted_error,2008-04-10T09:44:40.245897,Move within kitchen,activity,M17,ON,adl_error/p24.t3.csv,error_trace
error_p24_t3,t3,scripted_error,2008-04-10T09:44:40.836690,Take raisins,activity,I02,ABSENT,adl_error/p24.t3.csv,error_trace
error_p24_t3,t3,scripted_error,2008-04-10T09:44:42.826257,Close kitchen cabinet,activity,D01,CLOSE,adl_error/p24.t3.csv,error_trace
error_p24_t3,t3,scripted_error,2008-04-10T09:44:57.478619,Open kitchen cabinet,activity,D01,OPEN,adl_error/p24.t3.csv,error_trace
error_p24_t3,t3,scripted_error,2008-04-10T09:45:05.150054,Take oatmeal,activity,I01,ABSENT,adl_error/p24.t3.csv,error_trace
error_p24_t3,t3,scripted_error,2008-04-10T09:45:06.513691,Return oatmeal,activity,I01,PRESENT,adl_error/p24.t3.csv,error_trace
error_p24_t3,t3,scripted_error,2008-04-10T09:45:15.514067,Take measuring spoon,activity,I05,ABSENT,adl_error/p24.t3.csv,error_trace
error_p24_t3,t3,scripted_error,2008-04-10T09:45:19.935754,Take oatmeal,activity,I01,ABSENT,adl_error/p24.t3.csv,error_trace
error_p24_t3,t3,scripted_error,2008-04-10T09:45:33.554173,Return oatmeal,activity,I01,PRESENT,adl_error/p24.t3.csv,error_trace
error_p24_t3,t3,scripted_error,2008-04-10T09:45:34.640858,Move within kitchen,activity,M17,ON,adl_error/p24.t3.csv,error_trace
error_p24_t3,t3,scripted_error,2008-04-10T09:45:36.975347,Close kitchen cabinet,activity,D01,CLOSE,adl_error/p24.t3.csv,error_trace
error_p24_t3,t3,scripted_error,2008-04-10T09:46:22.728141,Move within kitchen,activity,M17,ON,adl_error/p24.t3.csv,error_trace
error_p24_t3,t3,scripted_error,2008-04-10T09:46:24.676700,Use burner,activity,AD1-A,3.31036,adl_error/p24.t3.csv,error_trace
error_p24_t3,t3,scripted_error,2008-04-10T09:46:29.438221,Open kitchen cabinet,activity,D01,OPEN,adl_error/p24.t3.csv,error_trace
error_p24_t3,t3,scripted_error,2008-04-10T09:46:32.214555,Return measuring spoon,activity,I05,PRESENT,adl_error/p24.t3.csv,error_trace
error_p24_t3,t3,scripted_error,2008-04-10T09:46:44.386342,Return raisins,activity,I02,PRESENT,adl_error/p24.t3.csv,error_trace
error_p24_t3,t3,scripted_error,2008-04-10T09:46:46.386265,Close kitchen cabinet,activity,D01,CLOSE,adl_error/p24.t3.csv,error_trace
error_p24_t3,t3,scripted_error,2008-04-10T09:47:00.784500,Use burner,activity,AD1-A,2.94395,adl_error/p24.t3.csv,error_trace
error_p24_t3,t3,scripted_error,2008-04-10T09:47:14.255418,Open kitchen cabinet,activity,D01,OPEN,adl_error/p24.t3.csv,error_trace
error_p24_t3,t3,scripted_error,2008-04-10T09:47:17.145067,Take brown sugar,activity,I03,ABSENT,adl_error/p24.t3.csv,error_trace
error_p24_t3,t3,scripted_error,2008-04-10T09:47:18.717637,Return brown sugar,activity,I03,PRESENT,adl_error/p24.t3.csv,error_trace
error_p24_t3,t3,scripted_error,2008-04-10T09:47:20.724048,Close kitchen cabinet,activity,D01,CLOSE,adl_error/p24.t3.csv,error_trace
error_p24_t3,t3,scripted_error,2008-04-10T09:47:36.575000,Use burner,activity,AD1-A,3.04005,adl_error/p24.t3.csv,error_trace
error_p24_t3,t3,scripted_error,2008-04-10T09:47:44.356518,Move within kitchen,activity,M17,ON,adl_error/p24.t3.csv,error_trace
error_p24_t3,t3,scripted_error,2008-04-10T09:48:02.944899,Open kitchen cabinet,activity,D01,OPEN,adl_error/p24.t3.csv,error_trace
error_p24_t3,t3,scripted_error,2008-04-10T09:48:04.938327,Take brown sugar,activity,I03,ABSENT,adl_error/p24.t3.csv,error_trace
error_p24_t3,t3,scripted_error,2008-04-10T09:48:06.634264,Return brown sugar,activity,I03,PRESENT,adl_error/p24.t3.csv,error_trace
error_p24_t3,t3,scripted_error,2008-04-10T09:48:07.810109,Take oatmeal,activity,I01,ABSENT,adl_error/p24.t3.csv,error_trace
error_p24_t3,t3,scripted_error,2008-04-10T09:48:09.169810,Use burner,activity,AD1-A,3.00114,adl_error/p24.t3.csv,error_trace
error_p24_t3,t3,scripted_error,2008-04-10T09:48:09.471012,Close kitchen cabinet,activity,D01,CLOSE,adl_error/p24.t3.csv,error_trace
error_p24_t3,t3,scripted_error,2008-04-10T09:48:32.591225,Move within kitchen,activity,M17,ON,adl_error/p24.t3.csv,error_trace
error_p24_t3,t3,scripted_error,2008-04-10T09:48:41.360624,Open kitchen cabinet,activity,D01,OPEN,adl_error/p24.t3.csv,error_trace
error_p24_t3,t3,scripted_error,2008-04-10T09:48:42.516325,Return oatmeal,activity,I01,PRESENT,adl_error/p24.t3.csv,error_trace
error_p24_t3,t3,scripted_error,2008-04-10T09:48:43.557991,Close kitchen cabinet,activity,D01,CLOSE,adl_error/p24.t3.csv,error_trace
error_p24_t3,t3,scripted_error,2008-04-10T09:48:48.983200,Use burner,activity,AD1-A,3.01395,adl_error/p24.t3.csv,error_trace
error_p24_t3,t3,scripted_error,2008-04-10T09:49:02.925544,Move within kitchen,activity,M17,ON,adl_error/p24.t3.csv,error_trace
error_p24_t3,t3,scripted_error,2008-04-10T09:49:04.716320,Open kitchen cabinet,activity,D01,OPEN,adl_error/p24.t3.csv,error_trace
error_p24_t3,t3,scripted_error,2008-04-10T09:49:05.938810,Take oatmeal,activity,I01,ABSENT,adl_error/p24.t3.csv,error_trace
error_p24_t3,t3,scripted_error,2008-04-10T09:49:06.132907,Take bowl,activity,I04,ABSENT,adl_error/p24.t3.csv,error_trace
error_p24_t3,t3,scripted_error,2008-04-10T09:49:06.132907,Return oatmeal,activity,I01,PRESENT,adl_error/p24.t3.csv,error_trace
error_p24_t3,t3,scripted_error,2008-04-10T09:49:08.984721,Close kitchen cabinet,activity,D01,CLOSE,adl_error/p24.t3.csv,error_trace
error_p24_t3,t3,scripted_error,2008-04-10T09:49:18.460759,Move within kitchen,activity,M17,ON,adl_error/p24.t3.csv,error_trace
error_p24_t3,t3,scripted_error,2008-04-10T09:49:30.215910,Use burner,activity,AD1-A,3.03934,adl_error/p24.t3.csv,error_trace
error_p24_t4,t4,scripted_error,2008-04-10T09:50:21.814990,Use burner,activity,AD1-A,2.84497,adl_error/p24.t4.csv,error_trace
error_p24_t4,t4,scripted_error,2008-04-10T09:50:29.796753,Move within kitchen,activity,M17,ON,adl_error/p24.t4.csv,error_trace
error_p24_t4,t4,scripted_error,2008-04-10T09:50:40.825240,Open kitchen cabinet,activity,D01,OPEN,adl_error/p24.t4.csv,error_trace
error_p24_t4,t4,scripted_error,2008-04-10T09:50:43.512517,Take brown sugar,activity,I03,ABSENT,adl_error/p24.t4.csv,error_trace
error_p24_t4,t4,scripted_error,2008-04-10T09:50:45.909824,Close kitchen cabinet,activity,D01,CLOSE,adl_error/p24.t4.csv,error_trace
error_p24_t4,t4,scripted_error,2008-04-10T09:50:51.129600,Use kitchen sink water,activity,AD1-C,0.0398053,adl_error/p24.t4.csv,error_trace
error_p24_t4,t4,scripted_error,2008-04-10T09:50:53.641558,Move within kitchen,activity,M17,ON,adl_error/p24.t4.csv,error_trace
error_p24_t4,t4,scripted_error,2008-04-10T09:50:55.343135,Move from kitchen to dining room,activity,M15,ON,adl_error/p24.t4.csv,error_trace
error_p24_t4,t4,scripted_error,2008-04-10T09:50:55.561310,Move from dining room to kitchen,activity,M16,ON,adl_error/p24.t4.csv,error_trace
error_p24_t4,t4,scripted_error,2008-04-10T09:50:56.140842,Move from kitchen to dining room,activity,M14,ON,adl_error/p24.t4.csv,error_trace
error_p24_t4,t4,scripted_error,2008-04-10T09:50:58.254235,Move within kitchen,activity,M16,ON,adl_error/p24.t4.csv,error_trace
error_p24_t4,t4,scripted_error,2008-04-10T09:51:05.948273,Move from kitchen to dining room,activity,M15,ON,adl_error/p24.t4.csv,error_trace
error_p24_t4,t4,scripted_error,2008-04-10T09:51:06.636103,Move within dining room,activity,M14,ON,adl_error/p24.t4.csv,error_trace
error_p24_t5,t5,scripted_error,2008-04-10T09:54:48.536336,Enter dining room,activity,M14,ON,adl_error/p24.t5.csv,error_trace
error_p24_t5,t5,scripted_error,2008-04-10T09:54:51.660438,Move within dining room,activity,M14,ON,adl_error/p24.t5.csv,error_trace
error_p24_t5,t5,scripted_error,2008-04-10T09:54:54.688708,Move from dining room to kitchen,activity,M16,ON,adl_error/p24.t5.csv,error_trace
error_p24_t5,t5,scripted_error,2008-04-10T09:54:54.688708,Move from kitchen to dining room,activity,M15,ON,adl_error/p24.t5.csv,error_trace
error_p24_t5,t5,scripted_error,2008-04-10T09:54:56.141547,Move from dining room to kitchen,activity,M17,ON,adl_error/p24.t5.csv,error_trace
error_p24_t5,t5,scripted_error,2008-04-10T09:54:58.624165,Move from kitchen to dining room,activity,M14,ON,adl_error/p24.t5.csv,error_trace
error_p24_t5,t5,scripted_error,2008-04-10T09:54:58.643660,Move within dining room,activity,M15,ON,adl_error/p24.t5.csv,error_trace
error_p24_t5,t5,scripted_error,2008-04-10T09:55:01.332414,Move from dining room to kitchen,activity,M16,ON,adl_error/p24.t5.csv,error_trace
error_p24_t5,t5,scripted_error,2008-04-10T09:55:02.468095,Move within kitchen,activity,M17,ON,adl_error/p24.t5.csv,error_trace
error_p24_t5,t5,scripted_error,2008-04-10T09:55:39.721353,Move from kitchen to dining room,activity,M15,ON,adl_error/p24.t5.csv,error_trace
error_p24_t5,t5,scripted_error,2008-04-10T09:55:40.812959,Move within dining room,activity,M14,ON,adl_error/p24.t5.csv,error_trace
error_p26_t1,t1,scripted_error,2008-04-11T11:11:15.251940,Enter corridor,activity,M23,ON,adl_error/p26.t1.csv,error_trace
error_p26_t1,t1,scripted_error,2008-04-11T11:11:15.415034,Move from corridor to dining room,activity,M01,ON,adl_error/p26.t1.csv,error_trace
error_p26_t1,t1,scripted_error,2008-04-11T11:11:16.451073,Move within dining room,activity,M07,ON,adl_error/p26.t1.csv,error_trace
error_p26_t1,t1,scripted_error,2008-04-11T11:11:23.250861,Take phone book,activity,I08,ABSENT,adl_error/p26.t1.csv,error_trace
error_p26_t1,t1,scripted_error,2008-04-11T11:11:28.525363,Move within dining room,activity,M13,ON,adl_error/p26.t1.csv,error_trace
error_p26_t1,t1,scripted_error,2008-04-11T11:12:52.779989,Return phone book,activity,I08,PRESENT,adl_error/p26.t1.csv,error_trace
error_p26_t1,t1,scripted_error,2008-04-11T11:12:53.000000,Start phone use,activity,asterisk,START,adl_error/p26.t1.csv,error_trace
error_p26_t1,t1,scripted_error,2008-04-11T11:12:53.149887,Take phone book,activity,I08,ABSENT,adl_error/p26.t1.csv,error_trace
error_p26_t1,t1,scripted_error,2008-04-11T11:13:07.563317,Move within dining room,activity,M13,ON,adl_error/p26.t1.csv,error_trace
error_p26_t1,t1,scripted_error,2008-04-11T11:14:09.000000,End phone use,activity,asterisk,END,adl_error/p26.t1.csv,error_trace
error_p26_t1,t1,scripted_error,2008-04-11T11:14:10.547449,Move within dining room,activity,M13,ON,adl_error/p26.t1.csv,error_trace
error_p26_t2,t2,scripted_error,2008-04-11T11:14:37.977097,Enter dining room,activity,M13,ON,adl_error/p26.t2.csv,error_trace
error_p26_t2,t2,scripted_error,2008-04-11T11:14:41.341366,Move within dining room,activity,M14,ON,adl_error/p26.t2.csv,error_trace
error_p26_t2,t2,scripted_error,2008-04-11T11:14:42.791214,Move from dining room to kitchen,activity,M16,ON,adl_error/p26.t2.csv,error_trace
error_p26_t2,t2,scripted_error,2008-04-11T11:14:43.715118,Move within kitchen,activity,M17,ON,adl_error/p26.t2.csv,error_trace
error_p26_t2,t2,scripted_error,2008-04-11T11:14:49.159200,Use kitchen sink water,activity,AD1-B,0.0333989,adl_error/p26.t2.csv,error_trace
error_p26_t2,t2,scripted_error,2008-04-11T11:15:11.147657,Open kitchen cabinet,activity,D01,OPEN,adl_error/p26.t2.csv,error_trace
error_p26_t2,t2,scripted_error,2008-04-11T11:15:11.450660,Move within kitchen,activity,M17,ON,adl_error/p26.t2.csv,error_trace
error_p26_t2,t2,scripted_error,2008-04-11T11:15:13.555000,Close kitchen cabinet,activity,D01,CLOSE,adl_error/p26.t2.csv,error_trace
error_p26_t2,t2,scripted_error,2008-04-11T11:15:23.745400,Move within kitchen,activity,M18,ON,adl_error/p26.t2.csv,error_trace
error_p26_t3,t3,scripted_error,2008-04-11T11:15:50.995448,Enter kitchen,activity,M17,ON,adl_error/p26.t3.csv,error_trace
error_p26_t3,t3,scripted_error,2008-04-11T11:15:52.508133,Open kitchen cabinet,activity,D01,OPEN,adl_error/p26.t3.csv,error_trace
error_p26_t3,t3,scripted_error,2008-04-11T11:15:54.547551,Take raisins,activity,I02,ABSENT,adl_error/p26.t3.csv,error_trace
error_p26_t3,t3,scripted_error,2008-04-11T11:15:54.860473,Take oatmeal,activity,I01,ABSENT,adl_error/p26.t3.csv,error_trace
error_p26_t3,t3,scripted_error,2008-04-11T11:15:56.754926,Take brown sugar,activity,I03,ABSENT,adl_error/p26.t3.csv,error_trace
error_p26_t3,t3,scripted_error,2008-04-11T11:15:58.498467,Return brown sugar,activity,I03,PRESENT,adl_error/p26.t3.csv,error_trace
error_p26_t3,t3,scripted_error,2008-04-11T11:15:59.890029,Take measuring spoon,activity,I05,ABSENT,adl_error/p26.t3.csv,error_trace
error_p26_t3,t3,scripted_error,2008-04-11T11:16:00.976729,Take bowl,activity,I04,ABSENT,adl_error/p26.t3.csv,error_trace
error_p26_t3,t3,scripted_error,2008-04-11T11:16:03.888897,Close kitchen cabinet,activity,D01,CLOSE,adl_error/p26.t3.csv,error_trace
error_p26_t3,t3,scripted_error,2008-04-11T11:16:04.541762,Move within kitchen,activity,M17,ON,adl_error/p26.t3.csv,error_trace
error_p26_t3,t3,scripted_error,2008-04-11T11:16:05.273496,Take pot,activity,I07,ABSENT,adl_error/p26.t3.csv,error_trace
error_p26_t3,t3,scripted_error,2008-04-11T11:16:09.950191,Move within kitchen,activity,M17,ON,adl_error/p26.t3.csv,error_trace
error_p26_t3,t3,scripted_error,2008-04-11T11:16:10.831940,Use burner,activity,AD1-A,2.81161,adl_error/p26.t3.csv,error_trace
error_p26_t3,t3,scripted_error,2008-04-11T11:16:13.253160,Use kitchen sink water,activity,AD1-B,0.0329302,adl_error/p26.t3.csv,error_trace
error_p26_t3,t3,scripted_error,2008-04-11T11:16:17.957181,Move within kitchen,activity,M17,ON,adl_error/p26.t3.csv,error_trace
error_p26_t3,t3,scripted_error,2008-04-11T11:16:25.582112,Move from kitchen to dining room,activity,M10,ON,adl_error/p26.t3.csv,error_trace
error_p26_t3,t3,scripted_error,2008-04-11T11:16:27.969588,Move from dining room to kitchen,activity,M17,ON,adl_error/p26.t3.csv,error_trace
error_p26_t3,t3,scripted_error,2008-04-11T11:16:49.200200,Use burner,activity,AD1-A,3.30107,adl_error/p26.t3.csv,error_trace
error_p26_t3,t3,scripted_error,2008-04-11T11:16:53.675680,Move within kitchen,activity,M17,ON,adl_error/p26.t3.csv,error_trace
error_p26_t3,t3,scripted_error,2008-04-11T11:17:55.228010,Use burner,activity,AD1-A,3.32544,adl_error/p26.t3.csv,error_trace
error_p26_t3,t3,scripted_error,2008-04-11T11:18:06.800740,Move within kitchen,activity,M17,ON,adl_error/p26.t3.csv,error_trace
error_p26_t3,t3,scripted_error,2008-04-11T11:18:37.180300,Use burner,activity,AD1-A,2.96989,adl_error/p26.t3.csv,error_trace
error_p26_t4,t4,scripted_error,2008-04-11T11:21:08.251198,Open kitchen cabinet,activity,D01,OPEN,adl_error/p26.t4.csv,error_trace
error_p26_t4,t4,scripted_error,2008-04-11T11:21:08.596066,Move within kitchen,activity,M17,ON,adl_error/p26.t4.csv,error_trace
error_p26_t4,t4,scripted_error,2008-04-11T11:21:09.680783,Take brown sugar,activity,I03,ABSENT,adl_error/p26.t4.csv,error_trace
error_p26_t4,t4,scripted_error,2008-04-11T11:21:11.109356,Close kitchen cabinet,activity,D01,CLOSE,adl_error/p26.t4.csv,error_trace
error_p26_t4,t4,scripted_error,2008-04-11T11:21:16.265370,Use burner,activity,AD1-A,2.84176,adl_error/p26.t4.csv,error_trace
error_p26_t4,t4,scripted_error,2008-04-11T11:21:16.265370,Use kitchen sink water,activity,AD1-B,0.0440632,adl_error/p26.t4.csv,error_trace
error_p26_t4,t4,scripted_error,2008-04-11T11:21:19.573771,Move within kitchen,activity,M17,ON,adl_error/p26.t4.csv,error_trace
error_p26_t4,t4,scripted_error,2008-04-11T11:21:24.726988,Move from kitchen to dining room,activity,M15,ON,adl_error/p26.t4.csv,error_trace
error_p26_t4,t4,scripted_error,2008-04-11T11:21:25.452017,Move within dining room,activity,M14,ON,adl_error/p26.t4.csv,error_trace
error_p26_t5,t5,scripted_error,2008-04-11T11:22:44.182222,Enter dining room,activity,M14,ON,adl_error/p26.t5.csv,error_trace
error_p26_t5,t5,scripted_error,2008-04-11T11:22:44.600115,Move within dining room,activity,M13,ON,adl_error/p26.t5.csv,error_trace
error_p26_t5,t5,scripted_error,2008-04-11T11:22:52.518882,Move from dining room to kitchen,activity,M16,ON,adl_error/p26.t5.csv,error_trace
error_p26_t5,t5,scripted_error,2008-04-11T11:22:53.526556,Move within kitchen,activity,M17,ON,adl_error/p26.t5.csv,error_trace
error_p26_t5,t5,scripted_error,2008-04-11T11:23:13.141400,Use kitchen sink water,activity,AD1-B,0.0400006,adl_error/p26.t5.csv,error_trace
error_p26_t5,t5,scripted_error,2008-04-11T11:23:27.602124,Move within kitchen,activity,M17,ON,adl_error/p26.t5.csv,error_trace
error_p27_t1,t1,scripted_error,2008-04-15T09:40:24.333931,Enter corridor,activity,M23,ON,adl_error/p27.t1.csv,error_trace
error_p27_t1,t1,scripted_error,2008-04-15T09:40:24.903767,Move from corridor to dining room,activity,M07,ON,adl_error/p27.t1.csv,error_trace
error_p27_t1,t1,scripted_error,2008-04-15T09:40:24.939980,Move within dining room,activity,M01,ON,adl_error/p27.t1.csv,error_trace
error_p27_t1,t1,scripted_error,2008-04-15T09:40:31.511929,Take phone book,activity,I08,ABSENT,adl_error/p27.t1.csv,error_trace
error_p27_t1,t1,scripted_error,2008-04-15T09:40:50.218938,Move within dining room,activity,M13,ON,adl_error/p27.t1.csv,error_trace
error_p27_t1,t1,scripted_error,2008-04-15T09:42:06.000000,Start phone use,activity,asterisk,START,adl_error/p27.t1.csv,error_trace
error_p27_t1,t1,scripted_error,2008-04-15T09:42:23.570610,Move within dining room,activity,M13,ON,adl_error/p27.t1.csv,error_trace
error_p27_t1,t1,scripted_error,2008-04-15T09:42:56.000000,End phone use,activity,asterisk,END,adl_error/p27.t1.csv,error_trace
error_p27_t2,t2,scripted_error,2008-04-15T09:43:29.924123,Enter dining room,activity,M13,ON,adl_error/p27.t2.csv,error_trace
error_p27_t2,t2,scripted_error,2008-04-15T09:43:32.496516,Move within dining room,activity,M14,ON,adl_error/p27.t2.csv,error_trace
error_p27_t2,t2,scripted_error,2008-04-15T09:43:34.739985,Move from dining room to kitchen,activity,M16,ON,adl_error/p27.t2.csv,error_trace
error_p27_t2,t2,scripted_error,2008-04-15T09:43:35.919580,Move within kitchen,activity,M17,ON,adl_error/p27.t2.csv,error_trace
error_p27_t2,t2,scripted_error,2008-04-15T09:43:40.632000,Use kitchen sink water,activity,AD1-B,0.0344927,adl_error/p27.t2.csv,error_trace
error_p27_t2,t2,scripted_error,2008-04-15T09:44:02.488610,Move within kitchen,activity,M17,ON,adl_error/p27.t2.csv,error_trace
error_p27_t2,t2,scripted_error,2008-04-15T09:44:13.894900,Use kitchen sink water,activity,AD1-B,0.283676,adl_error/p27.t2.csv,error_trace
error_p27_t3,t3,scripted_error,2008-04-15T09:45:34.579426,Take pot,activity,I07,ABSENT,adl_error/p27.t3.csv,error_trace
error_p27_t3,t3,scripted_error,2008-04-15T09:45:36.938461,Open kitchen cabinet,activity,D01,OPEN,adl_error/p27.t3.csv,error_trace
error_p27_t3,t3,scripted_error,2008-04-15T09:45:41.329000,Move within kitchen,activity,M17,ON,adl_error/p27.t3.csv,error_trace
error_p27_t3,t3,scripted_error,2008-04-15T09:45:46.215680,Use kitchen sink water,activity,AD1-B,0.037149,adl_error/p27.t3.csv,error_trace
error_p27_t3,t3,scripted_error,2008-04-15T09:45:51.174227,Move within kitchen,activity,M17,ON,adl_error/p27.t3.csv,error_trace
error_p27_t3,t3,scripted_error,2008-04-15T09:46:01.507800,Use burner,activity,AD1-A,2.81387,adl_error/p27.t3.csv,error_trace
error_p27_t3,t3,scripted_error,2008-04-15T09:46:02.460704,Take raisins,activity,I02,ABSENT,adl_error/p27.t3.csv,error_trace
error_p27_t3,t3,scripted_error,2008-04-15T09:46:17.136513,Move within kitchen,activity,M17,ON,adl_error/p27.t3.csv,error_trace
error_p27_t3,t3,scripted_error,2008-04-15T09:46:29.302426,Take measuring spoon,activity,I05,ABSENT,adl_error/p27.t3.csv,error_trace
error_p27_t3,t3,scripted_error,2008-04-15T09:46:32.324574,Move within kitchen,activity,M17,ON,adl_error/p27.t3.csv,error_trace
error_p27_t3,t3,scripted_error,2008-04-15T09:46:34.510790,Take oatmeal,activity,I01,ABSENT,adl_error/p27.t3.csv,error_trace
error_p27_t3,t3,scripted_error,2008-04-15T09:46:35.554701,Return oatmeal,activity,I01,PRESENT,adl_error/p27.t3.csv,error_trace
error_p27_t3,t3,scripted_error,2008-04-15T09:46:36.931432,Take brown sugar,activity,I03,ABSENT,adl_error/p27.t3.csv,error_trace
error_p27_t3,t3,scripted_error,2008-04-15T09:46:40.194250,Use burner,activity,AD1-A,3.29982,adl_error/p27.t3.csv,error_trace
error_p27_t3,t3,scripted_error,2008-04-15T09:46:46.987203,Move within kitchen,activity,M17,ON,adl_error/p27.t3.csv,error_trace
error_p27_t3,t3,scripted_error,2008-04-15T09:46:47.669053,Close kitchen cabinet,activity,D01,CLOSE,adl_error/p27.t3.csv,error_trace
error_p27_t3,t3,scripted_error,2008-04-15T09:46:53.205965,Move within kitchen,activity,M17,ON,adl_error/p27.t3.csv,error_trace
error_p27_t3,t3,scripted_error,2008-04-15T09:48:34.199610,Use burner,activity,AD1-A,3.32661,adl_error/p27.t3.csv,error_trace
error_p27_t3,t3,scripted_error,2008-04-15T09:49:58.623206,Move within kitchen,activity,M17,ON,adl_error/p27.t3.csv,error_trace
error_p27_t3,t3,scripted_error,2008-04-15T09:50:07.315900,Use burner,activity,AD1-A,2.86856,adl_error/p27.t3.csv,error_trace
error_p27_t3,t3,scripted_error,2008-04-15T09:50:20.936484,Move within kitchen,activity,M17,ON,adl_error/p27.t3.csv,error_trace
error_p27_t3,t3,scripted_error,2008-04-15T09:50:25.465334,Open kitchen cabinet,activity,D01,OPEN,adl_error/p27.t3.csv,error_trace
error_p27_t3,t3,scripted_error,2008-04-15T09:50:26.114384,Take oatmeal,activity,I01,ABSENT,adl_error/p27.t3.csv,error_trace
error_p27_t3,t3,scripted_error,2008-04-15T09:50:27.953550,Close kitchen cabinet,activity,D01,CLOSE,adl_error/p27.t3.csv,error_trace
error_p27_t3,t3,scripted_error,2008-04-15T09:50:49.979400,Use burner,activity,AD1-A,2.82184,adl_error/p27.t3.csv,error_trace
error_p27_t3,t3,scripted_error,2008-04-15T09:50:50.983185,Move within kitchen,activity,M17,ON,adl_error/p27.t3.csv,error_trace
error_p27_t3,t3,scripted_error,2008-04-15T09:51:25.131030,Use burner,activity,AD1-A,3.06872,adl_error/p27.t3.csv,error_trace
error_p27_t3,t3,scripted_error,2008-04-15T09:51:40.483573,Move within kitchen,activity,M17,ON,adl_error/p27.t3.csv,error_trace
error_p27_t3,t3,scripted_error,2008-04-15T09:51:42.393211,Open kitchen cabinet,activity,D01,OPEN,adl_error/p27.t3.csv,error_trace
error_p27_t3,t3,scripted_error,2008-04-15T09:51:42.393211,Move within kitchen,activity,M16,ON,adl_error/p27.t3.csv,error_trace
error_p27_t3,t3,scripted_error,2008-04-15T09:51:43.620845,Take bowl,activity,I04,ABSENT,adl_error/p27.t3.csv,error_trace
error_p27_t3,t3,scripted_error,2008-04-15T09:51:45.866130,Close kitchen cabinet,activity,D01,CLOSE,adl_error/p27.t3.csv,error_trace
error_p27_t3,t3,scripted_error,2008-04-15T09:51:55.234670,Use burner,activity,AD1-A,3.03981,adl_error/p27.t3.csv,error_trace
error_p27_t3,t3,scripted_error,2008-04-15T09:51:59.500185,Move within kitchen,activity,M17,ON,adl_error/p27.t3.csv,error_trace
error_p27_t4,t4,scripted_error,2008-04-15T09:52:51.995680,Enter kitchen,activity,M17,ON,adl_error/p27.t4.csv,error_trace
error_p27_t4,t4,scripted_error,2008-04-15T09:52:58.490000,Use kitchen sink water,activity,AD1-B,0.0342583,adl_error/p27.t4.csv,error_trace
error_p27_t4,t4,scripted_error,2008-04-15T09:53:01.717850,Move within kitchen,activity,M17,ON,adl_error/p27.t4.csv,error_trace
error_p27_t4,t4,scripted_error,2008-04-15T09:53:08.481897,Move from kitchen to dining room,activity,M15,ON,adl_error/p27.t4.csv,error_trace
error_p27_t4,t4,scripted_error,2008-04-15T09:53:09.347652,Move within dining room,activity,M14,ON,adl_error/p27.t4.csv,error_trace
error_p27_t4,t4,scripted_error,2008-04-15T09:53:09.642651,Move from dining room to kitchen,activity,M17,ON,adl_error/p27.t4.csv,error_trace
error_p27_t4,t4,scripted_error,2008-04-15T09:53:10.830253,Move from kitchen to dining room,activity,M13,ON,adl_error/p27.t4.csv,error_trace
error_p27_t4,t4,scripted_error,2008-04-15T09:53:16.539866,Move within dining room,activity,M14,ON,adl_error/p27.t4.csv,error_trace
error_p27_t5,t5,scripted_error,2008-04-15T09:57:57.138780,Enter dining room,activity,M13,ON,adl_error/p27.t5.csv,error_trace
error_p27_t5,t5,scripted_error,2008-04-15T09:58:04.332210,Move within dining room,activity,M14,ON,adl_error/p27.t5.csv,error_trace
error_p27_t5,t5,scripted_error,2008-04-15T09:58:05.592944,Move from dining room to kitchen,activity,M16,ON,adl_error/p27.t5.csv,error_trace
error_p27_t5,t5,scripted_error,2008-04-15T09:58:06.768616,Move within kitchen,activity,M17,ON,adl_error/p27.t5.csv,error_trace
error_p29_t1,t1,scripted_error,2008-04-15T12:16:33.385273,Enter dining room,activity,M01,ON,adl_error/p29.t1.csv,error_trace
error_p29_t1,t1,scripted_error,2008-04-15T12:16:33.654200,Move from dining room to corridor,activity,M23,ON,adl_error/p29.t1.csv,error_trace
error_p29_t1,t1,scripted_error,2008-04-15T12:16:34.506017,Move from corridor to dining room,activity,M07,ON,adl_error/p29.t1.csv,error_trace
error_p29_t1,t1,scripted_error,2008-04-15T12:16:34.506017,Move within dining room,activity,M08,ON,adl_error/p29.t1.csv,error_trace
error_p29_t1,t1,scripted_error,2008-04-15T12:16:43.473069,Take phone book,activity,I08,ABSENT,adl_error/p29.t1.csv,error_trace
error_p29_t1,t1,scripted_error,2008-04-15T12:16:47.651977,Move within dining room,activity,M13,ON,adl_error/p29.t1.csv,error_trace
error_p29_t1,t1,scripted_error,2008-04-15T12:18:10.000000,Start phone use,activity,asterisk,START,adl_error/p29.t1.csv,error_trace
error_p29_t1,t1,scripted_error,2008-04-15T12:18:13.525578,Move within dining room,activity,M13,ON,adl_error/p29.t1.csv,error_trace
error_p29_t1,t1,scripted_error,2008-04-15T12:18:59.000000,End phone use,activity,asterisk,END,adl_error/p29.t1.csv,error_trace
error_p29_t1,t1,scripted_error,2008-04-15T12:19:05.573607,Move within dining room,activity,M13,ON,adl_error/p29.t1.csv,error_trace
error_p29_t2,t2,scripted_error,2008-04-15T12:19:31.974604,Enter dining room,activity,M14,ON,adl_error/p29.t2.csv,error_trace
error_p29_t2,t2,scripted_error,2008-04-15T12:19:33.366270,Move within dining room,activity,M15,ON,adl_error/p29.t2.csv,error_trace
error_p29_t2,t2,scripted_error,2008-04-15T12:19:33.670221,Move from dining room to kitchen,activity,M16,ON,adl_error/p29.t2.csv,error_trace
error_p29_t2,t2,scripted_error,2008-04-15T12:19:34.660893,Move within kitchen,activity,M17,ON,adl_error/p29.t2.csv,error_trace
error_p29_t2,t2,scripted_error,2008-04-15T12:19:40.189690,Use kitchen sink water,activity,AD1-B,0.0478523,adl_error/p29.t2.csv,error_trace
error_p29_t2,t2,scripted_error,2008-04-15T12:19:44.682795,Move within kitchen,activity,M17,ON,adl_error/p29.t2.csv,error_trace
error_p29_t3,t3,scripted_error,2008-04-15T12:20:59.450962,Enter kitchen,activity,M17,ON,adl_error/p29.t3.csv,error_trace
error_p29_t3,t3,scripted_error,2008-04-15T12:21:00.628864,Open kitchen cabinet,activity,D01,OPEN,adl_error/p29.t3.csv,error_trace
error_p29_t3,t3,scripted_error,2008-04-15T12:21:02.965251,Take oatmeal,activity,I01,ABSENT,adl_error/p29.t3.csv,error_trace
error_p29_t3,t3,scripted_error,2008-04-15T12:21:04.619759,Take raisins,activity,I02,ABSENT,adl_error/p29.t3.csv,error_trace
error_p29_t3,t3,scripted_error,2008-04-15T12:21:05.460538,Move within kitchen,activity,M17,ON,adl_error/p29.t3.csv,error_trace
error_p29_t3,t3,scripted_error,2008-04-15T12:21:07.611230,Take brown sugar,activity,I03,ABSENT,adl_error/p29.t3.csv,error_trace
error_p29_t3,t3,scripted_error,2008-04-15T12:21:12.588633,Take bowl,activity,I04,ABSENT,adl_error/p29.t3.csv,error_trace
error_p29_t3,t3,scripted_error,2008-04-15T12:21:15.369419,Take medicine container,activity,I06,ABSENT,adl_error/p29.t3.csv,error_trace
error_p29_t3,t3,scripted_error,2008-04-15T12:21:17.732793,Move within kitchen,activity,M17,ON,adl_error/p29.t3.csv,error_trace
error_p29_t3,t3,scripted_error,2008-04-15T12:21:20.443009,Take measuring spoon,activity,I05,ABSENT,adl_error/p29.t3.csv,error_trace
error_p29_t3,t3,scripted_error,2008-04-15T12:21:24.810776,Move within kitchen,activity,M17,ON,adl_error/p29.t3.csv,error_trace
error_p29_t3,t3,scripted_error,2008-04-15T12:21:25.521608,Return measuring spoon,activity,I05,PRESENT,adl_error/p29.t3.csv,error_trace
error_p29_t3,t3,scripted_error,2008-04-15T12:21:31.552867,Move within kitchen,activity,M17,ON,adl_error/p29.t3.csv,error_trace
error_p29_t3,t3,scripted_error,2008-04-15T12:21:32.244661,Take measuring spoon,activity,I05,ABSENT,adl_error/p29.t3.csv,error_trace
error_p29_t3,t3,scripted_error,2008-04-15T12:21:37.561259,Close kitchen cabinet,activity,D01,CLOSE,adl_error/p29.t3.csv,error_trace
error_p29_t3,t3,scripted_error,2008-04-15T12:21:39.708726,Take pot,activity,I07,ABSENT,adl_error/p29.t3.csv,error_trace
error_p29_t3,t3,scripted_error,2008-04-15T12:21:40.873300,Move within kitchen,activity,M17,ON,adl_error/p29.t3.csv,error_trace
error_p29_t3,t3,scripted_error,2008-04-15T12:21:46.280500,Use kitchen sink water,activity,AD1-B,0.034024,adl_error/p29.t3.csv,error_trace
error_p29_t3,t3,scripted_error,2008-04-15T12:21:50.198029,Move within kitchen,activity,M17,ON,adl_error/p29.t3.csv,error_trace
error_p29_t3,t3,scripted_error,2008-04-15T12:21:58.182050,Use burner,activity,AD1-A,2.80879,adl_error/p29.t3.csv,error_trace
error_p29_t3,t3,scripted_error,2008-04-15T12:21:59.919944,Move within kitchen,activity,M17,ON,adl_error/p29.t3.csv,error_trace
error_p29_t3,t3,scripted_error,2008-04-15T12:22:00.546779,Open kitchen cabinet,activity,D01,OPEN,adl_error/p29.t3.csv,error_trace
error_p29_t3,t3,scripted_error,2008-04-15T12:22:02.535223,Return measuring spoon,activity,I05,PRESENT,adl_error/p29.t3.csv,error_trace
error_p29_t3,t3,scripted_error,2008-04-15T12:22:03.854853,Close kitchen cabinet,activity,D01,CLOSE,adl_error/p29.t3.csv,error_trace
error_p29_t3,t3,scripted_error,2008-04-15T12:22:09.330080,Move within kitchen,activity,M17,ON,adl_error/p29.t3.csv,error_trace
error_p29_t3,t3,scripted_error,2008-04-15T12:22:28.858400,Use burner,activity,AD1-A,3.18591,adl_error/p29.t3.csv,error_trace
error_p29_t3,t3,scripted_error,2008-04-15T12:22:30.372948,Move within kitchen,activity,M17,ON,adl_error/p29.t3.csv,error_trace
error_p29_t3,t3,scripted_error,2008-04-15T12:22:30.793844,Open kitchen cabinet,activity,D01,OPEN,adl_error/p29.t3.csv,error_trace
error_p29_t3,t3,scripted_error,2008-04-15T12:22:31.801555,Take measuring spoon,activity,I05,ABSENT,adl_error/p29.t3.csv,error_trace
error_p29_t3,t3,scripted_error,2008-04-15T12:22:32.741300,Close kitchen cabinet,activity,D01,CLOSE,adl_error/p29.t3.csv,error_trace
error_p29_t3,t3,scripted_error,2008-04-15T12:22:53.606789,Move within kitchen,activity,M17,ON,adl_error/p29.t3.csv,error_trace
error_p29_t3,t3,scripted_error,2008-04-15T12:23:01.212990,Use burner,activity,AD1-A,3.06458,adl_error/p29.t3.csv,error_trace
error_p29_t3,t3,scripted_error,2008-04-15T12:23:07.397640,Move within kitchen,activity,M17,ON,adl_error/p29.t3.csv,error_trace
error_p29_t3,t3,scripted_error,2008-04-15T12:23:31.445300,Use burner,activity,AD1-A,3.00348,adl_error/p29.t3.csv,error_trace
error_p29_t3,t3,scripted_error,2008-04-15T12:23:45.444487,Move within kitchen,activity,M17,ON,adl_error/p29.t3.csv,error_trace
error_p29_t3,t3,scripted_error,2008-04-15T12:24:04.155240,Use burner,activity,AD1-A,3.00817,adl_error/p29.t3.csv,error_trace
error_p29_t3,t3,scripted_error,2008-04-15T12:24:04.545438,Move within kitchen,activity,M17,ON,adl_error/p29.t3.csv,error_trace
error_p29_t3,t3,scripted_error,2008-04-15T12:25:28.323400,Use burner,activity,AD1-A,3.00372,adl_error/p29.t3.csv,error_trace
error_p29_t3,t3,scripted_error,2008-04-15T12:25:32.434826,Move within kitchen,activity,M17,ON,adl_error/p29.t3.csv,error_trace
error_p29_t3,t3,scripted_error,2008-04-15T12:26:10.314100,Use burner,activity,AD1-A,3.0077,adl_error/p29.t3.csv,error_trace
error_p29_t3,t3,scripted_error,2008-04-15T12:26:25.539818,Move within kitchen,activity,M17,ON,adl_error/p29.t3.csv,error_trace
error_p29_t3,t3,scripted_error,2008-04-15T12:26:31.221520,Use kitchen sink water,activity,AD1-B,0.0342974,adl_error/p29.t3.csv,error_trace
error_p29_t3,t3,scripted_error,2008-04-15T12:26:43.480605,Move within kitchen,activity,M17,ON,adl_error/p29.t3.csv,error_trace
error_p29_t3,t3,scripted_error,2008-04-15T12:26:52.545068,Use burner,activity,AD1-A,3.00653,adl_error/p29.t3.csv,error_trace
error_p29_t3,t3,scripted_error,2008-04-15T12:26:57.889059,Move within kitchen,activity,M17,ON,adl_error/p29.t3.csv,error_trace
error_p29_t3,t3,scripted_error,2008-04-15T12:27:22.857000,Use burner,activity,AD1-A,2.98942,adl_error/p29.t3.csv,error_trace
error_p29_t3,t3,scripted_error,2008-04-15T12:27:30.719264,Move within kitchen,activity,M17,ON,adl_error/p29.t3.csv,error_trace
error_p29_t3,t3,scripted_error,2008-04-15T12:27:58.424400,Use burner,activity,AD1-A,3.02247,adl_error/p29.t3.csv,error_trace
error_p29_t3,t3,scripted_error,2008-04-15T12:28:02.918316,Move within kitchen,activity,M17,ON,adl_error/p29.t3.csv,error_trace
error_p29_t3,t3,scripted_error,2008-04-15T12:28:31.207720,Use burner,activity,AD1-A,3.01262,adl_error/p29.t3.csv,error_trace
error_p29_t3,t3,scripted_error,2008-04-15T12:28:33.244160,Move within kitchen,activity,M17,ON,adl_error/p29.t3.csv,error_trace
error_p29_t3,t3,scripted_error,2008-04-15T12:28:37.100750,Use kitchen sink water,activity,AD1-B,0.0341021,adl_error/p29.t3.csv,error_trace
error_p29_t3,t3,scripted_error,2008-04-15T12:28:42.576880,Move within kitchen,activity,M17,ON,adl_error/p29.t3.csv,error_trace
error_p29_t3,t3,scripted_error,2008-04-15T12:28:49.845295,Open kitchen cabinet,activity,D01,OPEN,adl_error/p29.t3.csv,error_trace
error_p29_t3,t3,scripted_error,2008-04-15T12:28:50.184279,Move within kitchen,activity,M17,ON,adl_error/p29.t3.csv,error_trace
error_p29_t3,t3,scripted_error,2008-04-15T12:28:52.640543,Return raisins,activity,I02,PRESENT,adl_error/p29.t3.csv,error_trace
error_p29_t3,t3,scripted_error,2008-04-15T12:28:58.757576,Move within kitchen,activity,M17,ON,adl_error/p29.t3.csv,error_trace
error_p29_t3,t3,scripted_error,2008-04-15T12:29:01.219130,Use burner,activity,AD1-A,3.01934,adl_error/p29.t3.csv,error_trace
error_p29_t3,t3,scripted_error,2008-04-15T12:29:01.470851,Return oatmeal,activity,I01,PRESENT,adl_error/p29.t3.csv,error_trace
error_p29_t3,t3,scripted_error,2008-04-15T12:29:04.285730,Move within kitchen,activity,M18,ON,adl_error/p29.t3.csv,error_trace
error_p29_t3,t3,scripted_error,2008-04-15T12:29:06.500762,Close kitchen cabinet,activity,D01,CLOSE,adl_error/p29.t3.csv,error_trace
error_p29_t3,t3,scripted_error,2008-04-15T12:29:21.740120,Move within kitchen,activity,M17,ON,adl_error/p29.t3.csv,error_trace
error_p29_t4,t4,scripted_error,2008-04-15T12:30:03.121847,Enter kitchen,activity,M17,ON,adl_error/p29.t4.csv,error_trace
error_p29_t4,t4,scripted_error,2008-04-15T12:30:04.173700,Use burner,activity,AD1-A,2.84348,adl_error/p29.t4.csv,error_trace
error_p29_t4,t4,scripted_error,2008-04-15T12:30:07.104000,Use kitchen sink water,activity,AD1-C,0.0362896,adl_error/p29.t4.csv,error_trace
error_p29_t4,t4,scripted_error,2008-04-15T12:30:18.923327,Move within kitchen,activity,M17,ON,adl_error/p29.t4.csv,error_trace
error_p29_t4,t4,scripted_error,2008-04-15T12:30:24.761758,Open kitchen cabinet,activity,D01,OPEN,adl_error/p29.t4.csv,error_trace
error_p29_t4,t4,scripted_error,2008-04-15T12:30:27.421004,Return measuring spoon,activity,I05,PRESENT,adl_error/p29.t4.csv,error_trace
error_p29_t4,t4,scripted_error,2008-04-15T12:30:28.726644,Close kitchen cabinet,activity,D01,CLOSE,adl_error/p29.t4.csv,error_trace
error_p29_t4,t4,scripted_error,2008-04-15T12:30:33.473316,Move from kitchen to dining room,activity,M15,ON,adl_error/p29.t4.csv,error_trace
error_p29_t4,t4,scripted_error,2008-04-15T12:30:33.934110,Move from dining room to kitchen,activity,M16,ON,adl_error/p29.t4.csv,error_trace
error_p29_t4,t4,scripted_error,2008-04-15T12:30:34.516056,Move from kitchen to dining room,activity,M14,ON,adl_error/p29.t4.csv,error_trace
error_p29_t4,t4,scripted_error,2008-04-15T12:30:35.668704,Move within dining room,activity,M13,ON,adl_error/p29.t4.csv,error_trace
error_p29_t4,t4,scripted_error,2008-04-15T12:30:49.726800,Use burner,activity,AD1-A,2.82145,adl_error/p29.t4.csv,error_trace
error_p29_t4,t4,scripted_error,2008-04-15T12:30:56.222578,Move from kitchen to dining room,activity,M13,ON,adl_error/p29.t4.csv,error_trace
error_p29_t4,t4,scripted_error,2008-04-15T12:31:02.800097,Move within dining room,activity,M13,ON,adl_error/p29.t4.csv,error_trace
error_p29_t5,t5,scripted_error,2008-04-15T12:31:18.717529,Enter dining room,activity,M13,ON,adl_error/p29.t5.csv,error_trace
error_p29_t5,t5,scripted_error,2008-04-15T12:31:23.970949,Move within dining room,activity,M14,ON,adl_error/p29.t5.csv,error_trace
error_p29_t5,t5,scripted_error,2008-04-15T12:31:25.575051,Move from dining room to kitchen,activity,M16,ON,adl_error/p29.t5.csv,error_trace
error_p29_t5,t5,scripted_error,2008-04-15T12:31:26.465915,Move within kitchen,activity,M17,ON,adl_error/p29.t5.csv,error_trace
error_p30_t1,t1,scripted_error,2008-04-15T13:29:41.365840,Enter corridor,activity,M23,ON,adl_error/p30.t1.csv,error_trace
error_p30_t1,t1,scripted_error,2008-04-15T13:29:41.610422,Move from corridor to dining room,activity,M01,ON,adl_error/p30.t1.csv,error_trace
error_p30_t1,t1,scripted_error,2008-04-15T13:29:42.366226,Move within dining room,activity,M07,ON,adl_error/p30.t1.csv,error_trace
error_p30_t1,t1,scripted_error,2008-04-15T13:29:49.875189,Take phone book,activity,I08,ABSENT,adl_error/p30.t1.csv,error_trace
error_p30_t1,t1,scripted_error,2008-04-15T13:29:52.536066,Move within dining room,activity,M13,ON,adl_error/p30.t1.csv,error_trace
error_p30_t1,t1,scripted_error,2008-04-15T13:30:53.000000,Start phone use,activity,asterisk,START,adl_error/p30.t1.csv,error_trace
error_p30_t1,t1,scripted_error,2008-04-15T13:31:04.660081,Move within dining room,activity,M13,ON,adl_error/p30.t1.csv,error_trace
error_p30_t1,t1,scripted_error,2008-04-15T13:31:42.000000,End phone use,activity,asterisk,END,adl_error/p30.t1.csv,error_trace
error_p30_t2,t2,scripted_error,2008-04-15T13:32:11.934640,Enter dining room,activity,M13,ON,adl_error/p30.t2.csv,error_trace
error_p30_t2,t2,scripted_error,2008-04-15T13:32:14.736544,Move within dining room,activity,M14,ON,adl_error/p30.t2.csv,error_trace
error_p30_t2,t2,scripted_error,2008-04-15T13:32:16.645064,Move from dining room to kitchen,activity,M16,ON,adl_error/p30.t2.csv,error_trace
error_p30_t2,t2,scripted_error,2008-04-15T13:32:17.343831,Move within kitchen,activity,M17,ON,adl_error/p30.t2.csv,error_trace
error_p30_t2,t2,scripted_error,2008-04-15T13:32:19.283520,Use kitchen sink water,activity,AD1-B,0.0483992,adl_error/p30.t2.csv,error_trace
error_p30_t2,t2,scripted_error,2008-04-15T13:32:34.852519,Move within kitchen,activity,M17,ON,adl_error/p30.t2.csv,error_trace
error_p30_t3,t3,scripted_error,2008-04-15T13:33:15.817906,Open kitchen cabinet,activity,D01,OPEN,adl_error/p30.t3.csv,error_trace
error_p30_t3,t3,scripted_error,2008-04-15T13:33:17.710077,Take oatmeal,activity,I01,ABSENT,adl_error/p30.t3.csv,error_trace
error_p30_t3,t3,scripted_error,2008-04-15T13:33:19.559286,Take raisins,activity,I02,ABSENT,adl_error/p30.t3.csv,error_trace
error_p30_t3,t3,scripted_error,2008-04-15T13:33:23.693068,Take brown sugar,activity,I03,ABSENT,adl_error/p30.t3.csv,error_trace
error_p30_t3,t3,scripted_error,2008-04-15T13:33:25.724494,Return brown sugar,activity,I03,PRESENT,adl_error/p30.t3.csv,error_trace
error_p30_t3,t3,scripted_error,2008-04-15T13:33:27.353044,Move within kitchen,activity,M17,ON,adl_error/p30.t3.csv,error_trace
error_p30_t3,t3,scripted_error,2008-04-15T13:33:29.807620,Close kitchen cabinet,activity,D01,CLOSE,adl_error/p30.t3.csv,error_trace
error_p30_t3,t3,scripted_error,2008-04-15T13:33:30.936970,Move within kitchen,activity,M17,ON,adl_error/p30.t3.csv,error_trace
error_p30_t3,t3,scripted_error,2008-04-15T13:33:40.202600,Use kitchen sink water,activity,AD1-B,0.0381646,adl_error/p30.t3.csv,error_trace
error_p30_t3,t3,scripted_error,2008-04-15T13:33:42.946306,Return pot,activity,I07,PRESENT,adl_error/p30.t3.csv,error_trace
error_p30_t3,t3,scripted_error,2008-04-15T13:33:43.655401,Take pot,activity,I07,ABSENT,adl_error/p30.t3.csv,error_trace
error_p30_t3,t3,scripted_error,2008-04-15T13:33:48.645600,Move within kitchen,activity,M17,ON,adl_error/p30.t3.csv,error_trace
error_p30_t3,t3,scripted_error,2008-04-15T13:33:54.660901,Open kitchen cabinet,activity,D01,OPEN,adl_error/p30.t3.csv,error_trace
error_p30_t3,t3,scripted_error,2008-04-15T13:33:55.127720,Use burner,activity,AD1-A,2.80004,adl_error/p30.t3.csv,error_trace
error_p30_t3,t3,scripted_error,2008-04-15T13:33:56.548343,Close kitchen cabinet,activity,D01,CLOSE,adl_error/p30.t3.csv,error_trace
error_p30_t3,t3,scripted_error,2008-04-15T13:33:57.324132,Move within kitchen,activity,M17,ON,adl_error/p30.t3.csv,error_trace
error_p30_t3,t3,scripted_error,2008-04-15T13:34:31.480500,Use burner,activity,AD1-A,3.3006,adl_error/p30.t3.csv,error_trace
error_p30_t3,t3,scripted_error,2008-04-15T13:35:19.722838,Move within kitchen,activity,M17,ON,adl_error/p30.t3.csv,error_trace
error_p30_t3,t3,scripted_error,2008-04-15T13:36:49.333710,Use burner,activity,AD1-A,3.32279,adl_error/p30.t3.csv,error_trace
error_p30_t3,t3,scripted_error,2008-04-15T13:36:51.430735,Move within kitchen,activity,M17,ON,adl_error/p30.t3.csv,error_trace
error_p30_t3,t3,scripted_error,2008-04-15T13:37:31.128300,Use burner,activity,AD1-A,2.95715,adl_error/p30.t3.csv,error_trace
error_p30_t3,t3,scripted_error,2008-04-15T13:38:21.435735,Move within kitchen,activity,M17,ON,adl_error/p30.t3.csv,error_trace
error_p30_t3,t3,scripted_error,2008-04-15T13:38:40.165750,Use burner,activity,AD1-A,3.04005,adl_error/p30.t3.csv,error_trace
error_p30_t3,t3,scripted_error,2008-04-15T13:38:55.560014,Move within kitchen,activity,M17,ON,adl_error/p30.t3.csv,error_trace
error_p30_t3,t3,scripted_error,2008-04-15T13:39:07.192160,Open kitchen cabinet,activity,D01,OPEN,adl_error/p30.t3.csv,error_trace
error_p30_t3,t3,scripted_error,2008-04-15T13:39:08.578953,Take bowl,activity,I04,ABSENT,adl_error/p30.t3.csv,error_trace
error_p30_t3,t3,scripted_error,2008-04-15T13:39:10.511745,Move within kitchen,activity,M17,ON,adl_error/p30.t3.csv,error_trace
error_p30_t3,t3,scripted_error,2008-04-15T13:39:11.658634,Close kitchen cabinet,activity,D01,CLOSE,adl_error/p30.t3.csv,error_trace
error_p30_t3,t3,scripted_error,2008-04-15T13:39:13.430500,Use burner,activity,AD1-A,3.05895,adl_error/p30.t3.csv,error_trace
error_p30_t3,t3,scripted_error,2008-04-15T13:39:16.453445,Move within kitchen,activity,M17,ON,adl_error/p30.t3.csv,error_trace
error_p30_t4,t4,scripted_error,2008-04-15T13:39:51.904463,Open kitchen cabinet,activity,D01,OPEN,adl_error/p30.t4.csv,error_trace
error_p30_t4,t4,scripted_error,2008-04-15T13:39:52.384750,Use burner,activity,AD1-A,2.8577,adl_error/p30.t4.csv,error_trace
error_p30_t4,t4,scripted_error,2008-04-15T13:39:52.597275,Move within kitchen,activity,M17,ON,adl_error/p30.t4.csv,error_trace
error_p30_t4,t4,scripted_error,2008-04-15T13:39:53.389095,Take brown sugar,activity,I03,ABSENT,adl_error/p30.t4.csv,error_trace
error_p30_t4,t4,scripted_error,2008-04-15T13:39:54.549783,Close kitchen cabinet,activity,D01,CLOSE,adl_error/p30.t4.csv,error_trace
error_p30_t4,t4,scripted_error,2008-04-15T13:39:58.277940,Use kitchen sink water,activity,AD1-C,0.0376178,adl_error/p30.t4.csv,error_trace
error_p30_t4,t4,scripted_error,2008-04-15T13:40:02.505757,Move within kitchen,activity,M17,ON,adl_error/p30.t4.csv,error_trace
error_p30_t4,t4,scripted_error,2008-04-15T13:40:05.106739,Move from kitchen to dining room,activity,M15,ON,adl_error/p30.t4.csv,error_trace
error_p30_t4,t4,scripted_error,2008-04-15T13:40:05.801793,Move within dining room,activity,M14,ON,adl_error/p30.t4.csv,error_trace
error_p30_t4,t4,scripted_error,2008-04-15T13:40:09.592146,Move within kitchen,activity,M17,ON,adl_error/p30.t4.csv,error_trace
error_p30_t4,t4,scripted_error,2008-04-15T13:40:16.649537,Move from kitchen to dining room,activity,M15,ON,adl_error/p30.t4.csv,error_trace
error_p30_t4,t4,scripted_error,2008-04-15T13:40:17.613502,Move within dining room,activity,M14,ON,adl_error/p30.t4.csv,error_trace
error_p30_t5,t5,scripted_error,2008-04-15T13:40:59.329148,Enter dining room,activity,M14,ON,adl_error/p30.t5.csv,error_trace
error_p30_t5,t5,scripted_error,2008-04-15T13:40:59.487119,Move within dining room,activity,M13,ON,adl_error/p30.t5.csv,error_trace
error_p30_t5,t5,scripted_error,2008-04-15T13:41:08.508641,Move from dining room to kitchen,activity,M16,ON,adl_error/p30.t5.csv,error_trace
error_p30_t5,t5,scripted_error,2008-04-15T13:41:10.542231,Move within kitchen,activity,M17,ON,adl_error/p30.t5.csv,error_trace
error_p31_t1,t1,scripted_error,2008-04-15T16:06:04.803936,Enter dining room,activity,M01,ON,adl_error/p31.t1.csv,error_trace
error_p31_t1,t1,scripted_error,2008-04-15T16:06:05.937541,Move within dining room,activity,M07,ON,adl_error/p31.t1.csv,error_trace
error_p31_t1,t1,scripted_error,2008-04-15T16:06:10.583141,Take phone book,activity,I08,ABSENT,adl_error/p31.t1.csv,error_trace
error_p31_t1,t1,scripted_error,2008-04-15T16:06:33.242039,Move within dining room,activity,M13,ON,adl_error/p31.t1.csv,error_trace
error_p31_t1,t1,scripted_error,2008-04-15T16:07:15.000000,Start phone use,activity,asterisk,START,adl_error/p31.t1.csv,error_trace
error_p31_t1,t1,scripted_error,2008-04-15T16:07:38.102480,Move within dining room,activity,M13,ON,adl_error/p31.t1.csv,error_trace
error_p31_t1,t1,scripted_error,2008-04-15T16:08:06.000000,End phone use,activity,asterisk,END,adl_error/p31.t1.csv,error_trace
error_p31_t2,t2,scripted_error,2008-04-15T16:08:36.731478,Enter dining room,activity,M14,ON,adl_error/p31.t2.csv,error_trace
error_p31_t2,t2,scripted_error,2008-04-15T16:08:37.523343,Move within dining room,activity,M15,ON,adl_error/p31.t2.csv,error_trace
error_p31_t2,t2,scripted_error,2008-04-15T16:08:37.862265,Move from dining room to kitchen,activity,M16,ON,adl_error/p31.t2.csv,error_trace
error_p31_t2,t2,scripted_error,2008-04-15T16:08:39.218410,Move within kitchen,activity,M17,ON,adl_error/p31.t2.csv,error_trace
error_p31_t2,t2,scripted_error,2008-04-15T16:08:43.227780,Use kitchen sink water,activity,AD1-B,0.0356255,adl_error/p31.t2.csv,error_trace
error_p31_t2,t2,scripted_error,2008-04-15T16:09:03.545020,Move within kitchen,activity,M17,ON,adl_error/p31.t2.csv,error_trace
error_p31_t3,t3,scripted_error,2008-04-15T16:09:40.611776,Enter kitchen,activity,M17,ON,adl_error/p31.t3.csv,error_trace
error_p31_t3,t3,scripted_error,2008-04-15T16:09:40.803701,Open kitchen cabinet,activity,D01,OPEN,adl_error/p31.t3.csv,error_trace
error_p31_t3,t3,scripted_error,2008-04-15T16:09:42.598850,Take brown sugar,activity,I03,ABSENT,adl_error/p31.t3.csv,error_trace
error_p31_t3,t3,scripted_error,2008-04-15T16:09:46.630337,Take raisins,activity,I02,ABSENT,adl_error/p31.t3.csv,error_trace
error_p31_t3,t3,scripted_error,2008-04-15T16:09:48.494794,Take oatmeal,activity,I01,ABSENT,adl_error/p31.t3.csv,error_trace
error_p31_t3,t3,scripted_error,2008-04-15T16:09:49.891339,Take bowl,activity,I04,ABSENT,adl_error/p31.t3.csv,error_trace
error_p31_t3,t3,scripted_error,2008-04-15T16:09:52.464034,Take measuring spoon,activity,I05,ABSENT,adl_error/p31.t3.csv,error_trace
error_p31_t3,t3,scripted_error,2008-04-15T16:09:54.342754,Move within kitchen,activity,M17,ON,adl_error/p31.t3.csv,error_trace
error_p31_t3,t3,scripted_error,2008-04-15T16:09:55.958369,Close kitchen cabinet,activity,D01,CLOSE,adl_error/p31.t3.csv,error_trace
error_p31_t3,t3,scripted_error,2008-04-15T16:10:01.309300,Use kitchen sink water,activity,AD1-B,0.0441804,adl_error/p31.t3.csv,error_trace
error_p31_t3,t3,scripted_error,2008-04-15T16:10:12.677085,Move within kitchen,activity,M17,ON,adl_error/p31.t3.csv,error_trace
error_p31_t3,t3,scripted_error,2008-04-15T16:10:17.180723,Take pot,activity,I07,ABSENT,adl_error/p31.t3.csv,error_trace
error_p31_t3,t3,scripted_error,2008-04-15T16:10:22.325400,Use burner,activity,AD1-A,2.81207,adl_error/p31.t3.csv,error_trace
error_p31_t3,t3,scripted_error,2008-04-15T16:10:24.864419,Move within kitchen,activity,M17,ON,adl_error/p31.t3.csv,error_trace
error_p31_t3,t3,scripted_error,2008-04-15T16:10:55.344690,Use burner,activity,AD1-A,3.12817,adl_error/p31.t3.csv,error_trace
error_p31_t3,t3,scripted_error,2008-04-15T16:11:05.131279,Move within kitchen,activity,M17,ON,adl_error/p31.t3.csv,error_trace
error_p31_t3,t3,scripted_error,2008-04-15T16:11:31.222690,Use burner,activity,AD1-A,3.04903,adl_error/p31.t3.csv,error_trace
error_p31_t3,t3,scripted_error,2008-04-15T16:11:33.186645,Move within kitchen,activity,M17,ON,adl_error/p31.t3.csv,error_trace
error_p31_t3,t3,scripted_error,2008-04-15T16:12:04.335810,Use burner,activity,AD1-A,3.02426,adl_error/p31.t3.csv,error_trace
error_p31_t3,t3,scripted_error,2008-04-15T16:12:57.126601,Move within kitchen,activity,M17,ON,adl_error/p31.t3.csv,error_trace
error_p31_t3,t3,scripted_error,2008-04-15T16:13:04.974900,Use burner,activity,AD1-A,3.00841,adl_error/p31.t3.csv,error_trace
error_p31_t3,t3,scripted_error,2008-04-15T16:14:33.170572,Move within kitchen,activity,M17,ON,adl_error/p31.t3.csv,error_trace
error_p31_t3,t3,scripted_error,2008-04-15T16:14:46.210670,Use burner,activity,AD1-A,3.02825,adl_error/p31.t3.csv,error_trace
error_p31_t3,t3,scripted_error,2008-04-15T16:18:08.142574,Move within kitchen,activity,M17,ON,adl_error/p31.t3.csv,error_trace
error_p31_t3,t3,scripted_error,2008-04-15T16:18:16.712670,Use burner,activity,AD1-A,3.00434,adl_error/p31.t3.csv,error_trace
error_p31_t3,t3,scripted_error,2008-04-15T16:18:24.385754,Move within kitchen,activity,M17,ON,adl_error/p31.t3.csv,error_trace
error_p31_t4,t4,scripted_error,2008-04-15T16:19:15.600077,Enter kitchen,activity,M17,ON,adl_error/p31.t4.csv,error_trace
error_p31_t4,t4,scripted_error,2008-04-15T16:19:19.110170,Use kitchen sink water,activity,AD1-C,0.041485,adl_error/p31.t4.csv,error_trace
error_p31_t4,t4,scripted_error,2008-04-15T16:19:27.476380,Move within kitchen,activity,M17,ON,adl_error/p31.t4.csv,error_trace
error_p31_t4,t4,scripted_error,2008-04-15T16:19:34.115820,Use burner,activity,AD1-A,2.83418,adl_error/p31.t4.csv,error_trace
error_p31_t4,t4,scripted_error,2008-04-15T16:19:34.547473,Move within kitchen,activity,M16,ON,adl_error/p31.t4.csv,error_trace
error_p31_t4,t4,scripted_error,2008-04-15T16:19:34.881340,Move from kitchen to dining room,activity,M15,ON,adl_error/p31.t4.csv,error_trace
error_p31_t4,t4,scripted_error,2008-04-15T16:19:35.370202,Move within dining room,activity,M14,ON,adl_error/p31.t4.csv,error_trace
error_p31_t5,t5,scripted_error,2008-04-15T16:20:13.659214,Enter dining room,activity,M13,ON,adl_error/p31.t5.csv,error_trace
error_p31_t5,t5,scripted_error,2008-04-15T16:20:21.241037,Move within dining room,activity,M14,ON,adl_error/p31.t5.csv,error_trace
error_p31_t5,t5,scripted_error,2008-04-15T16:20:22.664708,Move from dining room to kitchen,activity,M16,ON,adl_error/p31.t5.csv,error_trace
error_p31_t5,t5,scripted_error,2008-04-15T16:20:22.682300,Use kitchen sink water,activity,AD1-C,0.0512117,adl_error/p31.t5.csv,error_trace
error_p31_t5,t5,scripted_error,2008-04-15T16:20:23.770302,Move within kitchen,activity,M17,ON,adl_error/p31.t5.csv,error_trace
error_p52_t1,t1,scripted_error,2008-06-04T09:03:27.535946,Enter corridor,activity,M23,ON,adl_error/p52.t1.csv,error_trace
error_p52_t1,t1,scripted_error,2008-06-04T09:03:27.535946,Move from corridor to dining room,activity,M01,ON,adl_error/p52.t1.csv,error_trace
error_p52_t1,t1,scripted_error,2008-06-04T09:03:28.617601,Move within dining room,activity,M07,ON,adl_error/p52.t1.csv,error_trace
error_p52_t1,t1,scripted_error,2008-06-04T09:03:34.977824,Take phone book,activity,I08,ABSENT,adl_error/p52.t1.csv,error_trace
error_p52_t1,t1,scripted_error,2008-06-04T09:03:47.753866,Move within dining room,activity,M13,ON,adl_error/p52.t1.csv,error_trace
error_p52_t2,t2,scripted_error,2008-06-04T09:10:44.535440,Enter dining room,activity,M13,ON,adl_error/p52.t2.csv,error_trace
error_p52_t2,t2,scripted_error,2008-06-04T09:10:49.460366,Move within dining room,activity,M14,ON,adl_error/p52.t2.csv,error_trace
error_p52_t2,t2,scripted_error,2008-06-04T09:10:50.487106,Move from dining room to kitchen,activity,M16,ON,adl_error/p52.t2.csv,error_trace
error_p52_t2,t2,scripted_error,2008-06-04T09:10:50.572750,Move from kitchen to dining room,activity,M15,ON,adl_error/p52.t2.csv,error_trace
error_p52_t2,t2,scripted_error,2008-06-04T09:10:51.788763,Move from dining room to kitchen,activity,M17,ON,adl_error/p52.t2.csv,error_trace
error_p52_t2,t2,scripted_error,2008-06-04T09:10:55.138750,Use kitchen sink water,activity,AD1-B,0.034688,adl_error/p52.t2.csv,error_trace
error_p52_t2,t2,scripted_error,2008-06-04T09:11:06.640708,Move within kitchen,activity,M17,ON,adl_error/p52.t2.csv,error_trace
error_p52_t3,t3,scripted_error,2008-06-04T09:12:05.561382,Enter kitchen,activity,M17,ON,adl_error/p52.t3.csv,error_trace
error_p52_t3,t3,scripted_error,2008-06-04T09:12:05.711431,Open kitchen cabinet,activity,D01,OPEN,adl_error/p52.t3.csv,error_trace
error_p52_t3,t3,scripted_error,2008-06-04T09:12:09.537308,Move within kitchen,activity,M17,ON,adl_error/p52.t3.csv,error_trace
error_p52_t3,t3,scripted_error,2008-06-04T09:12:10.930927,Take oatmeal,activity,I01,ABSENT,adl_error/p52.t3.csv,error_trace
error_p52_t3,t3,scripted_error,2008-06-04T09:12:11.666793,Take raisins,activity,I02,ABSENT,adl_error/p52.t3.csv,error_trace
error_p52_t3,t3,scripted_error,2008-06-04T09:12:13.674205,Take bowl,activity,I04,ABSENT,adl_error/p52.t3.csv,error_trace
error_p52_t3,t3,scripted_error,2008-06-04T09:12:14.291049,Take measuring spoon,activity,I05,ABSENT,adl_error/p52.t3.csv,error_trace
error_p52_t3,t3,scripted_error,2008-06-04T09:12:17.893050,Take brown sugar,activity,I03,ABSENT,adl_error/p52.t3.csv,error_trace
error_p52_t3,t3,scripted_error,2008-06-04T09:12:21.747247,Move within kitchen,activity,M17,ON,adl_error/p52.t3.csv,error_trace
error_p52_t3,t3,scripted_error,2008-06-04T09:12:21.906281,Close kitchen cabinet,activity,D01,CLOSE,adl_error/p52.t3.csv,error_trace
error_p52_t3,t3,scripted_error,2008-06-04T09:12:34.534402,Move within kitchen,activity,M17,ON,adl_error/p52.t3.csv,error_trace
error_p52_t3,t3,scripted_error,2008-06-04T09:12:40.119250,Take pot,activity,I07,ABSENT,adl_error/p52.t3.csv,error_trace
error_p52_t3,t3,scripted_error,2008-06-04T09:12:42.422576,Move within kitchen,activity,M17,ON,adl_error/p52.t3.csv,error_trace
error_p52_t3,t3,scripted_error,2008-06-04T09:13:22.103580,Use kitchen sink water,activity,AD1-B,0.0358209,adl_error/p52.t3.csv,error_trace
error_p52_t3,t3,scripted_error,2008-06-04T09:13:23.294033,Move within kitchen,activity,M17,ON,adl_error/p52.t3.csv,error_trace
error_p52_t3,t3,scripted_error,2008-06-04T09:13:31.212030,Use burner,activity,AD1-A,2.81418,adl_error/p52.t3.csv,error_trace
error_p52_t3,t3,scripted_error,2008-06-04T09:13:31.579117,Move within kitchen,activity,M17,ON,adl_error/p52.t3.csv,error_trace
error_p52_t3,t3,scripted_error,2008-06-04T09:14:07.129440,Use burner,activity,AD1-A,3.29169,adl_error/p52.t3.csv,error_trace
error_p52_t3,t3,scripted_error,2008-06-04T09:18:09.518417,Move within kitchen,activity,M17,ON,adl_error/p52.t3.csv,error_trace
error_p52_t3,t3,scripted_error,2008-06-04T09:18:37.571300,Use burner,activity,AD1-A,3.03122,adl_error/p52.t3.csv,error_trace
error_p52_t4,t4,scripted_error,2008-06-04T09:19:23.152890,Enter kitchen,activity,M17,ON,adl_error/p52.t4.csv,error_trace
error_p52_t4,t4,scripted_error,2008-06-04T09:19:28.103790,Use kitchen sink water,activity,AD1-B,0.035274,adl_error/p52.t4.csv,error_trace
error_p52_t4,t4,scripted_error,2008-06-04T09:19:32.842345,Move within kitchen,activity,M17,ON,adl_error/p52.t4.csv,error_trace
error_p52_t4,t4,scripted_error,2008-06-04T09:19:36.456806,Move from kitchen to dining room,activity,M15,ON,adl_error/p52.t4.csv,error_trace
error_p52_t4,t4,scripted_error,2008-06-04T09:19:37.459712,Move within dining room,activity,M14,ON,adl_error/p52.t4.csv,error_trace
error_p52_t4,t4,scripted_error,2008-06-04T09:19:40.418900,Use burner,activity,AD1-A,2.83332,adl_error/p52.t4.csv,error_trace
error_p52_t4,t4,scripted_error,2008-06-04T09:23:13.836062,Move from kitchen to dining room,activity,M14,ON,adl_error/p52.t4.csv,error_trace
error_p52_t4,t4,scripted_error,2008-06-04T09:23:25.501737,Move within dining room,activity,M14,ON,adl_error/p52.t4.csv,error_trace
error_p52_t5,t5,scripted_error,2008-06-04T09:25:02.928795,Enter dining room,activity,M14,ON,adl_error/p52.t5.csv,error_trace
error_p52_t5,t5,scripted_error,2008-06-04T09:25:02.987280,Move within dining room,activity,M13,ON,adl_error/p52.t5.csv,error_trace
error_p52_t5,t5,scripted_error,2008-06-04T09:25:11.295681,Move from dining room to kitchen,activity,M16,ON,adl_error/p52.t5.csv,error_trace
error_p52_t5,t5,scripted_error,2008-06-04T09:25:12.337425,Move within kitchen,activity,M17,ON,adl_error/p52.t5.csv,error_trace
error_p53_t1,t1,scripted_error,2008-06-04T10:17:13.587553,Enter dining room,activity,M01,ON,adl_error/p53.t1.csv,error_trace
error_p53_t1,t1,scripted_error,2008-06-04T10:17:15.159694,Move within dining room,activity,M07,ON,adl_error/p53.t1.csv,error_trace
error_p53_t1,t1,scripted_error,2008-06-04T10:17:21.450357,Take phone book,activity,I08,ABSENT,adl_error/p53.t1.csv,error_trace
error_p53_t1,t1,scripted_error,2008-06-04T10:17:36.212683,Move within dining room,activity,M13,ON,adl_error/p53.t1.csv,error_trace
error_p53_t2,t2,scripted_error,2008-06-04T10:21:30.350690,Enter dining room,activity,M13,ON,adl_error/p53.t2.csv,error_trace
error_p53_t2,t2,scripted_error,2008-06-04T10:21:43.530302,Return phone book,activity,I08,PRESENT,adl_error/p53.t2.csv,error_trace
error_p53_t2,t2,scripted_error,2008-06-04T10:21:44.391331,Move within dining room,activity,M14,ON,adl_error/p53.t2.csv,error_trace
error_p53_t2,t2,scripted_error,2008-06-04T10:21:46.222588,Move from dining room to kitchen,activity,M16,ON,adl_error/p53.t2.csv,error_trace
error_p53_t2,t2,scripted_error,2008-06-04T10:21:47.322633,Move within kitchen,activity,M17,ON,adl_error/p53.t2.csv,error_trace
error_p53_t2,t2,scripted_error,2008-06-04T10:21:58.574500,Use kitchen sink water,activity,AD1-B,0.0344927,adl_error/p53.t2.csv,error_trace
error_p53_t2,t2,scripted_error,2008-06-04T10:22:26.185948,Move within kitchen,activity,M17,ON,adl_error/p53.t2.csv,error_trace
error_p53_t2,t2,scripted_error,2008-06-04T10:22:37.520800,Use kitchen sink water,activity,AD1-B,0.377506,adl_error/p53.t2.csv,error_trace
error_p53_t2,t2,scripted_error,2008-06-04T10:22:39.388688,Move within kitchen,activity,M18,ON,adl_error/p53.t2.csv,error_trace
error_p53_t3,t3,scripted_error,2008-06-04T10:23:31.499037,Open kitchen cabinet,activity,D01,OPEN,adl_error/p53.t3.csv,error_trace
error_p53_t3,t3,scripted_error,2008-06-04T10:23:32.516732,Move within kitchen,activity,M17,ON,adl_error/p53.t3.csv,error_trace
error_p53_t3,t3,scripted_error,2008-06-04T10:23:32.760656,Take oatmeal,activity,I01,ABSENT,adl_error/p53.t3.csv,error_trace
error_p53_t3,t3,scripted_error,2008-06-04T10:23:33.827398,Take raisins,activity,I02,ABSENT,adl_error/p53.t3.csv,error_trace
error_p53_t3,t3,scripted_error,2008-06-04T10:23:37.509444,Take measuring spoon,activity,I05,ABSENT,adl_error/p53.t3.csv,error_trace
error_p53_t3,t3,scripted_error,2008-06-04T10:23:40.542618,Move within kitchen,activity,M17,ON,adl_error/p53.t3.csv,error_trace
error_p53_t3,t3,scripted_error,2008-06-04T10:23:43.408200,Use burner,activity,AD1-A,2.80684,adl_error/p53.t3.csv,error_trace
error_p53_t3,t3,scripted_error,2008-06-04T10:23:43.538943,Take pot,activity,I07,ABSENT,adl_error/p53.t3.csv,error_trace
error_p53_t3,t3,scripted_error,2008-06-04T10:23:46.614223,Close kitchen cabinet,activity,D01,CLOSE,adl_error/p53.t3.csv,error_trace
error_p53_t3,t3,scripted_error,2008-06-04T10:23:47.329070,Move within kitchen,activity,M17,ON,adl_error/p53.t3.csv,error_trace
error_p53_t3,t3,scripted_error,2008-06-04T10:23:52.977700,Use kitchen sink water,activity,AD1-B,0.0375787,adl_error/p53.t3.csv,error_trace
error_p53_t3,t3,scripted_error,2008-06-04T10:23:58.973896,Move within kitchen,activity,M17,ON,adl_error/p53.t3.csv,error_trace
error_p53_t3,t3,scripted_error,2008-06-04T10:24:22.109300,Use burner,activity,AD1-A,3.26966,adl_error/p53.t3.csv,error_trace
error_p53_t3,t3,scripted_error,2008-06-04T10:24:26.369499,Move within kitchen,activity,M17,ON,adl_error/p53.t3.csv,error_trace
error_p53_t3,t3,scripted_error,2008-06-04T10:25:08.875291,Open kitchen cabinet,activity,D01,OPEN,adl_error/p53.t3.csv,error_trace
error_p53_t3,t3,scripted_error,2008-06-04T10:25:12.948401,Return oatmeal,activity,I01,PRESENT,adl_error/p53.t3.csv,error_trace
error_p53_t3,t3,scripted_error,2008-06-04T10:25:15.398410,Take brown sugar,activity,I03,ABSENT,adl_error/p53.t3.csv,error_trace
error_p53_t3,t3,scripted_error,2008-06-04T10:25:17.587162,Return brown sugar,activity,I03,PRESENT,adl_error/p53.t3.csv,error_trace
error_p53_t3,t3,scripted_error,2008-06-04T10:25:19.566923,Close kitchen cabinet,activity,D01,CLOSE,adl_error/p53.t3.csv,error_trace
error_p53_t3,t3,scripted_error,2008-06-04T10:25:20.276890,Move within kitchen,activity,M17,ON,adl_error/p53.t3.csv,error_trace
error_p53_t3,t3,scripted_error,2008-06-04T10:25:24.718069,Open kitchen cabinet,activity,D01,OPEN,adl_error/p53.t3.csv,error_trace
error_p53_t3,t3,scripted_error,2008-06-04T10:25:26.381684,Move within kitchen,activity,M17,ON,adl_error/p53.t3.csv,error_trace
error_p53_t3,t3,scripted_error,2008-06-04T10:25:28.804276,Close kitchen cabinet,activity,D01,CLOSE,adl_error/p53.t3.csv,error_trace
error_p53_t3,t3,scripted_error,2008-06-04T10:25:28.804276,Move within kitchen,activity,M17,ON,adl_error/p53.t3.csv,error_trace
error_p53_t3,t3,scripted_error,2008-06-04T10:26:19.199050,Use burner,activity,AD1-A,3.327,adl_error/p53.t3.csv,error_trace
error_p53_t3,t3,scripted_error,2008-06-04T10:26:20.130955,Move within kitchen,activity,M17,ON,adl_error/p53.t3.csv,error_trace
error_p53_t3,t3,scripted_error,2008-06-04T10:26:52.129280,Use burner,activity,AD1-A,3.00356,adl_error/p53.t3.csv,error_trace
error_p53_t3,t3,scripted_error,2008-06-04T10:28:35.704556,Move within kitchen,activity,M17,ON,adl_error/p53.t3.csv,error_trace
error_p53_t3,t3,scripted_error,2008-06-04T10:28:59.635620,Open kitchen cabinet,activity,D01,OPEN,adl_error/p53.t3.csv,error_trace
error_p53_t3,t3,scripted_error,2008-06-04T10:29:02.404996,Return raisins,activity,I02,PRESENT,adl_error/p53.t3.csv,error_trace
error_p53_t3,t3,scripted_error,2008-06-04T10:29:03.764650,Move within kitchen,activity,M17,ON,adl_error/p53.t3.csv,error_trace
error_p53_t3,t3,scripted_error,2008-06-04T10:29:04.491482,Close kitchen cabinet,activity,D01,CLOSE,adl_error/p53.t3.csv,error_trace
error_p53_t3,t3,scripted_error,2008-06-04T10:29:10.289330,Use burner,activity,AD1-A,2.92809,adl_error/p53.t3.csv,error_trace
error_p53_t3,t3,scripted_error,2008-06-04T10:29:44.236832,Open kitchen cabinet,activity,D01,OPEN,adl_error/p53.t3.csv,error_trace
error_p53_t3,t3,scripted_error,2008-06-04T10:29:50.469320,Take oatmeal,activity,I01,ABSENT,adl_error/p53.t3.csv,error_trace
error_p53_t3,t3,scripted_error,2008-06-04T10:29:51.736230,Take bowl,activity,I04,ABSENT,adl_error/p53.t3.csv,error_trace
error_p53_t3,t3,scripted_error,2008-06-04T10:29:53.878095,Return oatmeal,activity,I01,PRESENT,adl_error/p53.t3.csv,error_trace
error_p53_t3,t3,scripted_error,2008-06-04T10:29:56.364455,Close kitchen cabinet,activity,D01,CLOSE,adl_error/p53.t3.csv,error_trace
error_p53_t3,t3,scripted_error,2008-06-04T10:29:59.972523,Move within kitchen,activity,M17,ON,adl_error/p53.t3.csv,error_trace
error_p53_t3,t3,scripted_error,2008-06-04T10:30:25.538700,Use burner,activity,AD1-A,2.922,adl_error/p53.t3.csv,error_trace
error_p53_t3,t3,scripted_error,2008-06-04T10:30:28.552510,Move within kitchen,activity,M17,ON,adl_error/p53.t3.csv,error_trace
error_p53_t4,t4,scripted_error,2008-06-04T10:31:23.780228,Open kitchen cabinet,activity,D01,OPEN,adl_error/p53.t4.csv,error_trace
error_p53_t4,t4,scripted_error,2008-06-04T10:31:25.188000,Move within kitchen,activity,M17,ON,adl_error/p53.t4.csv,error_trace
error_p53_t4,t4,scripted_error,2008-06-04T10:31:25.599798,Take brown sugar,activity,I03,ABSENT,adl_error/p53.t4.csv,error_trace
error_p53_t4,t4,scripted_error,2008-06-04T10:31:26.636458,Close kitchen cabinet,activity,D01,CLOSE,adl_error/p53.t4.csv,error_trace
error_p53_t4,t4,scripted_error,2008-06-04T10:31:31.425600,Use kitchen sink water,activity,AD1-C,0.0331646,adl_error/p53.t4.csv,error_trace
error_p53_t4,t4,scripted_error,2008-06-04T10:31:41.139782,Move within kitchen,activity,M17,ON,adl_error/p53.t4.csv,error_trace
error_p53_t4,t4,scripted_error,2008-06-04T10:31:46.947347,Move from kitchen to dining room,activity,M15,ON,adl_error/p53.t4.csv,error_trace
error_p53_t4,t4,scripted_error,2008-06-04T10:31:47.308322,Move within dining room,activity,M14,ON,adl_error/p53.t4.csv,error_trace
error_p53_t5,t5,scripted_error,2008-06-04T10:38:22.866969,Enter dining room,activity,M14,ON,adl_error/p53.t5.csv,error_trace
error_p53_t5,t5,scripted_error,2008-06-04T10:38:25.530289,Move within dining room,activity,M13,ON,adl_error/p53.t5.csv,error_trace
error_p53_t5,t5,scripted_error,2008-06-04T10:38:34.573134,Move from dining room to kitchen,activity,M16,ON,adl_error/p53.t5.csv,error_trace
error_p53_t5,t5,scripted_error,2008-06-04T10:38:34.573134,Move from kitchen to dining room,activity,M15,ON,adl_error/p53.t5.csv,error_trace
error_p53_t5,t5,scripted_error,2008-06-04T10:38:35.871744,Move from dining room to kitchen,activity,M17,ON,adl_error/p53.t5.csv,error_trace
error_p53_t5,t5,scripted_error,2008-06-04T10:38:49.760776,Move within kitchen,activity,M17,ON,adl_error/p53.t5.csv,error_trace
error_p54_t1,t1,scripted_error,2008-06-04T12:47:03.603938,Enter dining room,activity,M01,ON,adl_error/p54.t1.csv,error_trace
error_p54_t1,t1,scripted_error,2008-06-04T12:47:04.765552,Move within dining room,activity,M07,ON,adl_error/p54.t1.csv,error_trace
error_p54_t1,t1,scripted_error,2008-06-04T12:47:10.862416,Take phone book,activity,I08,ABSENT,adl_error/p54.t1.csv,error_trace
error_p54_t1,t1,scripted_error,2008-06-04T12:47:11.525468,Return phone book,activity,I08,PRESENT,adl_error/p54.t1.csv,error_trace
error_p54_t1,t1,scripted_error,2008-06-04T12:47:14.705365,Move within dining room,activity,M13,ON,adl_error/p54.t1.csv,error_trace
error_p54_t1,t1,scripted_error,2008-06-04T12:47:26.734023,Take phone book,activity,I08,ABSENT,adl_error/p54.t1.csv,error_trace
error_p54_t1,t1,scripted_error,2008-06-04T12:47:41.746002,Move within dining room,activity,M13,ON,adl_error/p54.t1.csv,error_trace
error_p54_t2,t2,scripted_error,2008-06-04T12:49:05.807146,Enter dining room,activity,M13,ON,adl_error/p54.t2.csv,error_trace
error_p54_t2,t2,scripted_error,2008-06-04T12:49:09.587265,Move within dining room,activity,M14,ON,adl_error/p54.t2.csv,error_trace
error_p54_t2,t2,scripted_error,2008-06-04T12:49:11.530799,Move from dining room to kitchen,activity,M16,ON,adl_error/p54.t2.csv,error_trace
error_p54_t2,t2,scripted_error,2008-06-04T12:49:12.668464,Move within kitchen,activity,M17,ON,adl_error/p54.t2.csv,error_trace
error_p54_t2,t2,scripted_error,2008-06-04T12:49:19.103860,Use kitchen sink water,activity,AD1-B,0.0367974,adl_error/p54.t2.csv,error_trace
error_p54_t2,t2,scripted_error,2008-06-04T12:49:44.572715,Move within kitchen,activity,M17,ON,adl_error/p54.t2.csv,error_trace
error_p54_t2,t2,scripted_error,2008-06-04T12:49:58.282000,Use kitchen sink water,activity,AD1-B,0.373873,adl_error/p54.t2.csv,error_trace
error_p54_t2,t2,scripted_error,2008-06-04T12:50:00.578500,Move within kitchen,activity,M17,ON,adl_error/p54.t2.csv,error_trace
error_p54_t3,t3,scripted_error,2008-06-04T12:50:31.991725,Enter kitchen,activity,M17,ON,adl_error/p54.t3.csv,error_trace
error_p54_t3,t3,scripted_error,2008-06-04T12:50:32.156812,Open kitchen cabinet,activity,D01,OPEN,adl_error/p54.t3.csv,error_trace
error_p54_t3,t3,scripted_error,2008-06-04T12:50:41.140284,Take raisins,activity,I02,ABSENT,adl_error/p54.t3.csv,error_trace
error_p54_t3,t3,scripted_error,2008-06-04T12:50:43.622571,Move within kitchen,activity,M17,ON,adl_error/p54.t3.csv,error_trace
error_p54_t3,t3,scripted_error,2008-06-04T12:50:44.580299,Take measuring spoon,activity,I05,ABSENT,adl_error/p54.t3.csv,error_trace
error_p54_t3,t3,scripted_error,2008-06-04T12:50:51.330365,Move within kitchen,activity,M17,ON,adl_error/p54.t3.csv,error_trace
error_p54_t3,t3,scripted_error,2008-06-04T12:51:11.598988,Return raisins,activity,I02,PRESENT,adl_error/p54.t3.csv,error_trace
error_p54_t3,t3,scripted_error,2008-06-04T12:51:16.542223,Take pot,activity,I07,ABSENT,adl_error/p54.t3.csv,error_trace
error_p54_t3,t3,scripted_error,2008-06-04T12:51:16.846300,Move within kitchen,activity,M17,ON,adl_error/p54.t3.csv,error_trace
error_p54_t3,t3,scripted_error,2008-06-04T12:51:19.588494,Close kitchen cabinet,activity,D01,CLOSE,adl_error/p54.t3.csv,error_trace
error_p54_t3,t3,scripted_error,2008-06-04T12:51:22.106160,Use kitchen sink water,activity,AD1-B,0.0369146,adl_error/p54.t3.csv,error_trace
error_p54_t3,t3,scripted_error,2008-06-04T12:51:30.224810,Move within kitchen,activity,M17,ON,adl_error/p54.t3.csv,error_trace
error_p54_t3,t3,scripted_error,2008-06-04T12:51:40.402300,Use burner,activity,AD1-A,2.81426,adl_error/p54.t3.csv,error_trace
error_p54_t3,t3,scripted_error,2008-06-04T12:51:42.261207,Move within kitchen,activity,M17,ON,adl_error/p54.t3.csv,error_trace
error_p54_t3,t3,scripted_error,2008-06-04T12:51:42.402302,Open kitchen cabinet,activity,D01,OPEN,adl_error/p54.t3.csv,error_trace
error_p54_t3,t3,scripted_error,2008-06-04T12:51:59.419640,Move within kitchen,activity,M17,ON,adl_error/p54.t3.csv,error_trace
error_p54_t3,t3,scripted_error,2008-06-04T12:52:13.299970,Use burner,activity,AD1-A,3.17075,adl_error/p54.t3.csv,error_trace
error_p54_t3,t3,scripted_error,2008-06-04T12:52:17.439210,Take oatmeal,activity,I01,ABSENT,adl_error/p54.t3.csv,error_trace
error_p54_t3,t3,scripted_error,2008-06-04T12:52:23.630328,Move within kitchen,activity,M17,ON,adl_error/p54.t3.csv,error_trace
error_p54_t3,t3,scripted_error,2008-06-04T12:52:43.614600,Use burner,activity,AD1-A,3.06302,adl_error/p54.t3.csv,error_trace
error_p54_t3,t3,scripted_error,2008-06-04T12:53:04.328930,Take brown sugar,activity,I03,ABSENT,adl_error/p54.t3.csv,error_trace
error_p54_t3,t3,scripted_error,2008-06-04T12:53:06.885104,Return brown sugar,activity,I03,PRESENT,adl_error/p54.t3.csv,error_trace
error_p54_t3,t3,scripted_error,2008-06-04T12:53:10.498113,Move within kitchen,activity,M17,ON,adl_error/p54.t3.csv,error_trace
error_p54_t3,t3,scripted_error,2008-06-04T12:53:22.713800,Use burner,activity,AD1-A,3.02716,adl_error/p54.t3.csv,error_trace
error_p54_t3,t3,scripted_error,2008-06-04T12:53:35.336987,Move within kitchen,activity,M17,ON,adl_error/p54.t3.csv,error_trace
error_p54_t3,t3,scripted_error,2008-06-04T12:53:40.338020,Use kitchen sink water,activity,AD1-C,0.0385162,adl_error/p54.t3.csv,error_trace
error_p54_t3,t3,scripted_error,2008-06-04T12:53:51.946316,Move within kitchen,activity,M17,ON,adl_error/p54.t3.csv,error_trace
error_p54_t3,t3,scripted_error,2008-06-04T12:54:04.163000,Use burner,activity,AD1-A,3.01216,adl_error/p54.t3.csv,error_trace
error_p54_t3,t3,scripted_error,2008-06-04T12:54:09.271203,Move within kitchen,activity,M17,ON,adl_error/p54.t3.csv,error_trace
error_p54_t3,t3,scripted_error,2008-06-04T12:54:13.190780,Use kitchen sink water,activity,AD1-B,0.0455476,adl_error/p54.t3.csv,error_trace
error_p54_t3,t3,scripted_error,2008-06-04T12:54:19.500334,Move within kitchen,activity,M17,ON,adl_error/p54.t3.csv,error_trace
error_p54_t3,t3,scripted_error,2008-06-04T12:54:27.262960,Take bowl,activity,I04,ABSENT,adl_error/p54.t3.csv,error_trace
error_p54_t3,t3,scripted_error,2008-06-04T12:54:30.873330,Move within kitchen,activity,M17,ON,adl_error/p54.t3.csv,error_trace
error_p54_t3,t3,scripted_error,2008-06-04T12:54:31.536187,Return bowl,activity,I04,PRESENT,adl_error/p54.t3.csv,error_trace
error_p54_t3,t3,scripted_error,2008-06-04T12:54:33.376627,Close kitchen cabinet,activity,D01,CLOSE,adl_error/p54.t3.csv,error_trace
error_p54_t3,t3,scripted_error,2008-06-04T12:54:37.561400,Use burner,activity,AD1-A,3.02747,adl_error/p54.t3.csv,error_trace
error_p54_t3,t3,scripted_error,2008-06-04T12:54:43.223950,Use kitchen sink water,activity,AD1-B,0.467781,adl_error/p54.t3.csv,error_trace
error_p54_t3,t3,scripted_error,2008-06-04T12:55:07.650440,Move within kitchen,activity,M17,ON,adl_error/p54.t3.csv,error_trace
error_p54_t3,t3,scripted_error,2008-06-04T12:55:13.286910,Use burner,activity,AD1-A,2.99122,adl_error/p54.t3.csv,error_trace
error_p54_t3,t3,scripted_error,2008-06-04T12:55:13.967444,Move within kitchen,activity,M18,ON,adl_error/p54.t3.csv,error_trace
error_p54_t3,t3,scripted_error,2008-06-04T12:55:34.228720,Use kitchen sink water,activity,AD1-B,0.0449226,adl_error/p54.t3.csv,error_trace
error_p54_t3,t3,scripted_error,2008-06-04T12:55:36.909257,Move within kitchen,activity,M17,ON,adl_error/p54.t3.csv,error_trace
error_p54_t4,t4,scripted_error,2008-06-04T12:56:03.740279,Enter kitchen,activity,M17,ON,adl_error/p54.t4.csv,error_trace
error_p54_t4,t4,scripted_error,2008-06-04T12:56:04.459127,Open kitchen cabinet,activity,D01,OPEN,adl_error/p54.t4.csv,error_trace
error_p54_t4,t4,scripted_error,2008-06-04T12:56:06.388598,Take brown sugar,activity,I03,ABSENT,adl_error/p54.t4.csv,error_trace
error_p54_t4,t4,scripted_error,2008-06-04T12:56:15.679380,Close kitchen cabinet,activity,D01,CLOSE,adl_error/p54.t4.csv,error_trace
error_p54_t4,t4,scripted_error,2008-06-04T12:56:16.471088,Move within kitchen,activity,M17,ON,adl_error/p54.t4.csv,error_trace
error_p54_t4,t4,scripted_error,2008-06-04T12:56:22.258770,Use kitchen sink water,activity,AD1-B,0.0323442,adl_error/p54.t4.csv,error_trace
error_p54_t4,t4,scripted_error,2008-06-04T12:56:28.521087,Move within kitchen,activity,M17,ON,adl_error/p54.t4.csv,error_trace
error_p54_t4,t4,scripted_error,2008-06-04T12:56:42.444228,Move from kitchen to dining room,activity,M15,ON,adl_error/p54.t4.csv,error_trace
error_p54_t4,t4,scripted_error,2008-06-04T12:56:43.755875,Move within dining room,activity,M14,ON,adl_error/p54.t4.csv,error_trace
error_p54_t5,t5,scripted_error,2008-06-04T12:57:34.513973,Enter dining room,activity,M13,ON,adl_error/p54.t5.csv,error_trace
error_p54_t5,t5,scripted_error,2008-06-04T12:57:35.618647,Move within dining room,activity,M14,ON,adl_error/p54.t5.csv,error_trace
error_p54_t5,t5,scripted_error,2008-06-04T12:57:47.881232,Move from dining room to kitchen,activity,M16,ON,adl_error/p54.t5.csv,error_trace
error_p54_t5,t5,scripted_error,2008-06-04T12:57:50.154670,Move within kitchen,activity,M17,ON,adl_error/p54.t5.csv,error_trace
error_p54_t5,t5,scripted_error,2008-06-04T12:57:58.711500,Move from kitchen to dining room,activity,M15,ON,adl_error/p54.t5.csv,error_trace
error_p54_t5,t5,scripted_error,2008-06-04T12:58:00.998835,Move within dining room,activity,M14,ON,adl_error/p54.t5.csv,error_trace
error_p54_t5,t5,scripted_error,2008-06-04T12:58:04.930417,Move from dining room to kitchen,activity,M16,ON,adl_error/p54.t5.csv,error_trace
error_p54_t5,t5,scripted_error,2008-06-04T12:58:06.725970,Move within kitchen,activity,M17,ON,adl_error/p54.t5.csv,error_trace
error_p55_t1,t1,scripted_error,2008-06-04T14:00:33.690317,Enter corridor,activity,M23,ON,adl_error/p55.t1.csv,error_trace
error_p55_t1,t1,scripted_error,2008-06-04T14:00:34.637011,Move from corridor to dining room,activity,M01,ON,adl_error/p55.t1.csv,error_trace
error_p55_t1,t1,scripted_error,2008-06-04T14:00:35.128854,Move within dining room,activity,M07,ON,adl_error/p55.t1.csv,error_trace
error_p55_t1,t1,scripted_error,2008-06-04T14:00:41.926779,Take phone book,activity,I08,ABSENT,adl_error/p55.t1.csv,error_trace
error_p55_t1,t1,scripted_error,2008-06-04T14:00:47.792919,Move within dining room,activity,M13,ON,adl_error/p55.t1.csv,error_trace
error_p55_t2,t2,scripted_error,2008-06-04T14:02:06.845859,Enter dining room,activity,M13,ON,adl_error/p55.t2.csv,error_trace
error_p55_t2,t2,scripted_error,2008-06-04T14:02:07.660536,Move within dining room,activity,M14,ON,adl_error/p55.t2.csv,error_trace
error_p55_t2,t2,scripted_error,2008-06-04T14:02:10.149380,Move from dining room to kitchen,activity,M16,ON,adl_error/p55.t2.csv,error_trace
error_p55_t2,t2,scripted_error,2008-06-04T14:02:11.255505,Move within kitchen,activity,M17,ON,adl_error/p55.t2.csv,error_trace
error_p55_t2,t2,scripted_error,2008-06-04T14:02:16.212600,Use kitchen sink water,activity,AD1-B,0.0341411,adl_error/p55.t2.csv,error_trace
error_p55_t2,t2,scripted_error,2008-06-04T14:02:25.540534,Move within kitchen,activity,M17,ON,adl_error/p55.t2.csv,error_trace
error_p55_t2,t2,scripted_error,2008-06-04T14:02:31.942873,Open kitchen cabinet,activity,D01,OPEN,adl_error/p55.t2.csv,error_trace
error_p55_t2,t2,scripted_error,2008-06-04T14:02:34.560096,Close kitchen cabinet,activity,D01,CLOSE,adl_error/p55.t2.csv,error_trace
error_p55_t2,t2,scripted_error,2008-06-04T14:02:39.652116,Move within kitchen,activity,M17,ON,adl_error/p55.t2.csv,error_trace
error_p55_t3,t3,scripted_error,2008-06-04T14:03:13.556019,Enter kitchen,activity,M17,ON,adl_error/p55.t3.csv,error_trace
error_p55_t3,t3,scripted_error,2008-06-04T14:03:14.126906,Take pot,activity,I07,ABSENT,adl_error/p55.t3.csv,error_trace
error_p55_t3,t3,scripted_error,2008-06-04T14:03:18.616860,Open kitchen cabinet,activity,D01,OPEN,adl_error/p55.t3.csv,error_trace
error_p55_t3,t3,scripted_error,2008-06-04T14:03:20.414001,Take raisins,activity,I02,ABSENT,adl_error/p55.t3.csv,error_trace
error_p55_t3,t3,scripted_error,2008-06-04T14:03:21.330752,Take measuring spoon,activity,I05,ABSENT,adl_error/p55.t3.csv,error_trace
error_p55_t3,t3,scripted_error,2008-06-04T14:03:22.519450,Move within kitchen,activity,M17,ON,adl_error/p55.t3.csv,error_trace
error_p55_t3,t3,scripted_error,2008-06-04T14:03:28.228460,Use kitchen sink water,activity,AD1-C,0.033438,adl_error/p55.t3.csv,error_trace
error_p55_t3,t3,scripted_error,2008-06-04T14:03:31.557933,Move within kitchen,activity,M17,ON,adl_error/p55.t3.csv,error_trace
error_p55_t3,t3,scripted_error,2008-06-04T14:03:40.187030,Use burner,activity,AD1-A,2.79942,adl_error/p55.t3.csv,error_trace
error_p55_t3,t3,scripted_error,2008-06-04T14:03:58.980035,Move within kitchen,activity,M17,ON,adl_error/p55.t3.csv,error_trace
error_p55_t3,t3,scripted_error,2008-06-04T14:04:10.298310,Use burner,activity,AD1-A,3.27122,adl_error/p55.t3.csv,error_trace
error_p55_t3,t3,scripted_error,2008-06-04T14:04:13.461124,Return raisins,activity,I02,PRESENT,adl_error/p55.t3.csv,error_trace
error_p55_t3,t3,scripted_error,2008-06-04T14:04:25.516961,Take oatmeal,activity,I01,ABSENT,adl_error/p55.t3.csv,error_trace
error_p55_t3,t3,scripted_error,2008-06-04T14:04:33.993490,Take brown sugar,activity,I03,ABSENT,adl_error/p55.t3.csv,error_trace
error_p55_t3,t3,scripted_error,2008-06-04T14:04:34.751362,Move within kitchen,activity,M17,ON,adl_error/p55.t3.csv,error_trace
error_p55_t3,t3,scripted_error,2008-06-04T14:06:19.954700,Use burner,activity,AD1-A,3.32357,adl_error/p55.t3.csv,error_trace
error_p55_t3,t3,scripted_error,2008-06-04T14:06:21.617933,Move within kitchen,activity,M17,ON,adl_error/p55.t3.csv,error_trace
error_p55_t3,t3,scripted_error,2008-06-04T14:06:55.279910,Use burner,activity,AD1-A,2.95411,adl_error/p55.t3.csv,error_trace
error_p55_t3,t3,scripted_error,2008-06-04T14:07:05.746232,Move within kitchen,activity,M17,ON,adl_error/p55.t3.csv,error_trace
error_p55_t3,t3,scripted_error,2008-06-04T14:07:25.479700,Use burner,activity,AD1-A,3.02387,adl_error/p55.t3.csv,error_trace
error_p55_t3,t3,scripted_error,2008-06-04T14:07:59.537029,Move within kitchen,activity,M17,ON,adl_error/p55.t3.csv,error_trace
error_p55_t3,t3,scripted_error,2008-06-04T14:08:05.521482,Close kitchen cabinet,activity,D01,CLOSE,adl_error/p55.t3.csv,error_trace
error_p55_t3,t3,scripted_error,2008-06-04T14:08:06.724138,Open kitchen cabinet,activity,D01,OPEN,adl_error/p55.t3.csv,error_trace
error_p55_t3,t3,scripted_error,2008-06-04T14:08:07.537956,Move within kitchen,activity,M17,ON,adl_error/p55.t3.csv,error_trace
error_p55_t3,t3,scripted_error,2008-06-04T14:08:09.792386,Close kitchen cabinet,activity,D01,CLOSE,adl_error/p55.t3.csv,error_trace
error_p55_t3,t3,scripted_error,2008-06-04T14:08:10.576182,Open kitchen cabinet,activity,D01,OPEN,adl_error/p55.t3.csv,error_trace
error_p55_t3,t3,scripted_error,2008-06-04T14:08:11.548873,Take bowl,activity,I04,ABSENT,adl_error/p55.t3.csv,error_trace
error_p55_t3,t3,scripted_error,2008-06-04T14:08:13.638260,Close kitchen cabinet,activity,D01,CLOSE,adl_error/p55.t3.csv,error_trace
error_p55_t3,t3,scripted_error,2008-06-04T14:08:14.479012,Move within kitchen,activity,M17,ON,adl_error/p55.t3.csv,error_trace
error_p55_t4,t4,scripted_error,2008-06-04T14:08:53.971041,Enter kitchen,activity,M17,ON,adl_error/p55.t4.csv,error_trace
error_p55_t4,t4,scripted_error,2008-06-04T14:08:55.236610,Use burner,activity,AD1-A,2.85598,adl_error/p55.t4.csv,error_trace
error_p55_t4,t4,scripted_error,2008-06-04T14:08:58.579100,Use kitchen sink water,activity,AD1-C,0.0366412,adl_error/p55.t4.csv,error_trace
error_p55_t4,t4,scripted_error,2008-06-04T14:09:06.384425,Move from kitchen to dining room,activity,M15,ON,adl_error/p55.t4.csv,error_trace
error_p55_t4,t4,scripted_error,2008-06-04T14:09:06.674760,Move from dining room to kitchen,activity,M16,ON,adl_error/p55.t4.csv,error_trace
error_p55_t4,t4,scripted_error,2008-06-04T14:09:07.504144,Move from kitchen to dining room,activity,M14,ON,adl_error/p55.t4.csv,error_trace
error_p55_t4,t4,scripted_error,2008-06-04T14:09:38.717197,Move within dining room,activity,M13,ON,adl_error/p55.t4.csv,error_trace
error_p55_t5,t5,scripted_error,2008-06-04T14:11:35.550001,Enter dining room,activity,M13,ON,adl_error/p55.t5.csv,error_trace
error_p55_t5,t5,scripted_error,2008-06-04T14:11:38.335175,Move within dining room,activity,M14,ON,adl_error/p55.t5.csv,error_trace
error_p55_t5,t5,scripted_error,2008-06-04T14:11:40.357130,Move from dining room to kitchen,activity,M16,ON,adl_error/p55.t5.csv,error_trace
error_p55_t5,t5,scripted_error,2008-06-04T14:11:41.532345,Move within kitchen,activity,M17,ON,adl_error/p55.t5.csv,error_trace
error_p55_t5,t5,scripted_error,2008-06-04T14:12:18.609850,Open kitchen cabinet,activity,D01,OPEN,adl_error/p55.t5.csv,error_trace
error_p55_t5,t5,scripted_error,2008-06-04T14:12:20.892212,Return oatmeal,activity,I01,PRESENT,adl_error/p55.t5.csv,error_trace
error_p55_t5,t5,scripted_error,2008-06-04T14:12:23.515990,Move within kitchen,activity,M17,ON,adl_error/p55.t5.csv,error_trace
error_p55_t5,t5,scripted_error,2008-06-04T14:12:26.711538,Close kitchen cabinet,activity,D01,CLOSE,adl_error/p55.t5.csv,error_trace
error_p55_t5,t5,scripted_error,2008-06-04T14:12:28.832911,Move within kitchen,activity,M17,ON,adl_error/p55.t5.csv,error_trace
error_p56_t1,t1,scripted_error,2008-06-09T10:14:44.408070,Enter corridor,activity,M23,ON,adl_error/p56.t1.csv,error_trace
error_p56_t1,t1,scripted_error,2008-06-09T10:14:45.399873,Move from corridor to dining room,activity,M07,ON,adl_error/p56.t1.csv,error_trace
error_p56_t1,t1,scripted_error,2008-06-09T10:14:45.615834,Move within dining room,activity,M08,ON,adl_error/p56.t1.csv,error_trace
error_p56_t1,t1,scripted_error,2008-06-09T10:14:53.958132,Take phone book,activity,I08,ABSENT,adl_error/p56.t1.csv,error_trace
error_p56_t1,t1,scripted_error,2008-06-09T10:15:03.807135,Move within dining room,activity,M13,ON,adl_error/p56.t1.csv,error_trace
error_p56_t1,t1,scripted_error,2008-06-09T10:17:21.000000,Start phone use,activity,asterisk,START,adl_error/p56.t1.csv,error_trace
error_p56_t1,t1,scripted_error,2008-06-09T10:17:31.771615,Move within dining room,activity,M13,ON,adl_error/p56.t1.csv,error_trace
error_p56_t1,t1,scripted_error,2008-06-09T10:17:52.000000,End phone use,activity,asterisk,END,adl_error/p56.t1.csv,error_trace
error_p56_t1,t1,scripted_error,2008-06-09T10:17:53.410006,Move within dining room,activity,M13,ON,adl_error/p56.t1.csv,error_trace
error_p56_t1,t1,scripted_error,2008-06-09T10:18:17.000000,Start phone use,activity,asterisk,START,adl_error/p56.t1.csv,error_trace
error_p56_t1,t1,scripted_error,2008-06-09T10:18:42.245984,Move within dining room,activity,M13,ON,adl_error/p56.t1.csv,error_trace
error_p56_t1,t1,scripted_error,2008-06-09T10:19:39.000000,End phone use,activity,asterisk,END,adl_error/p56.t1.csv,error_trace
error_p56_t1,t1,scripted_error,2008-06-09T10:19:39.815727,Move within dining room,activity,M14,ON,adl_error/p56.t1.csv,error_trace
error_p56_t2,t2,scripted_error,2008-06-09T10:20:24.485321,Enter kitchen,activity,M16,ON,adl_error/p56.t2.csv,error_trace
error_p56_t2,t2,scripted_error,2008-06-09T10:20:24.854070,Move from kitchen to dining room,activity,M15,ON,adl_error/p56.t2.csv,error_trace
error_p56_t2,t2,scripted_error,2008-06-09T10:20:25.605048,Move from dining room to kitchen,activity,M17,ON,adl_error/p56.t2.csv,error_trace
error_p56_t2,t2,scripted_error,2008-06-09T10:20:28.181320,Use kitchen sink water,activity,AD1-B,0.0335161,adl_error/p56.t2.csv,error_trace
error_p56_t2,t2,scripted_error,2008-06-09T10:20:48.745027,Move within kitchen,activity,M17,ON,adl_error/p56.t2.csv,error_trace
error_p56_t2,t2,scripted_error,2008-06-09T10:21:01.102430,Use kitchen sink water,activity,AD1-B,0.269223,adl_error/p56.t2.csv,error_trace
error_p56_t2,t2,scripted_error,2008-06-09T10:21:01.102430,Move within kitchen,activity,M18,ON,adl_error/p56.t2.csv,error_trace
error_p56_t2,t2,scripted_error,2008-06-09T10:21:04.513225,Open kitchen cabinet,activity,D01,OPEN,adl_error/p56.t2.csv,error_trace
error_p56_t2,t2,scripted_error,2008-06-09T10:21:06.204737,Close kitchen cabinet,activity,D01,CLOSE,adl_error/p56.t2.csv,error_trace
error_p56_t2,t2,scripted_error,2008-06-09T10:21:11.139352,Move within kitchen,activity,M17,ON,adl_error/p56.t2.csv,error_trace
error_p56_t3,t3,scripted_error,2008-06-09T10:21:45.759804,Open kitchen cabinet,activity,D01,OPEN,adl_error/p56.t3.csv,error_trace
error_p56_t3,t3,scripted_error,2008-06-09T10:21:49.848185,Take raisins,activity,I02,ABSENT,adl_error/p56.t3.csv,error_trace
error_p56_t3,t3,scripted_error,2008-06-09T10:21:52.469750,Return raisins,activity,I02,PRESENT,adl_error/p56.t3.csv,error_trace
error_p56_t3,t3,scripted_error,2008-06-09T10:21:52.642678,Take oatmeal,activity,I01,ABSENT,adl_error/p56.t3.csv,error_trace
error_p56_t3,t3,scripted_error,2008-06-09T10:22:00.286810,Take bowl,activity,I04,ABSENT,adl_error/p56.t3.csv,error_trace
error_p56_t3,t3,scripted_error,2008-06-09T10:22:04.480897,Take raisins,activity,I02,ABSENT,adl_error/p56.t3.csv,error_trace
error_p56_t3,t3,scripted_error,2008-06-09T10:22:23.791600,Take brown sugar,activity,I03,ABSENT,adl_error/p56.t3.csv,error_trace
error_p56_t3,t3,scripted_error,2008-06-09T10:22:47.815619,Take measuring spoon,activity,I05,ABSENT,adl_error/p56.t3.csv,error_trace
error_p56_t3,t3,scripted_error,2008-06-09T10:23:03.236900,Take pot,activity,I07,ABSENT,adl_error/p56.t3.csv,error_trace
error_p56_t3,t3,scripted_error,2008-06-09T10:23:06.311222,Return measuring spoon,activity,I05,PRESENT,adl_error/p56.t3.csv,error_trace
error_p56_t3,t3,scripted_error,2008-06-09T10:23:11.367629,Take measuring spoon,activity,I05,ABSENT,adl_error/p56.t3.csv,error_trace
error_p56_t3,t3,scripted_error,2008-06-09T10:23:13.672373,Return oatmeal,activity,I01,PRESENT,adl_error/p56.t3.csv,error_trace
error_p56_t3,t3,scripted_error,2008-06-09T10:23:14.271301,Take oatmeal,activity,I01,ABSENT,adl_error/p56.t3.csv,error_trace
error_p56_t3,t3,scripted_error,2008-06-09T10:23:14.832104,Return oatmeal,activity,I01,PRESENT,adl_error/p56.t3.csv,error_trace
error_p56_t3,t3,scripted_error,2008-06-09T10:23:17.406377,Move within kitchen,activity,M17,ON,adl_error/p56.t3.csv,error_trace
error_p56_t3,t3,scripted_error,2008-06-09T10:23:25.281940,Use kitchen sink water,activity,AD1-B,0.0364068,adl_error/p56.t3.csv,error_trace
error_p56_t3,t3,scripted_error,2008-06-09T10:23:34.417060,Move within kitchen,activity,M17,ON,adl_error/p56.t3.csv,error_trace
error_p56_t3,t3,scripted_error,2008-06-09T10:24:32.319958,Take oatmeal,activity,I01,ABSENT,adl_error/p56.t3.csv,error_trace
error_p56_t3,t3,scripted_error,2008-06-09T10:24:40.945571,Move within kitchen,activity,M17,ON,adl_error/p56.t3.csv,error_trace
error_p56_t3,t3,scripted_error,2008-06-09T10:24:56.887010,Return oatmeal,activity,I01,PRESENT,adl_error/p56.t3.csv,error_trace
error_p56_t3,t3,scripted_error,2008-06-09T10:25:02.453642,Move within kitchen,activity,M17,ON,adl_error/p56.t3.csv,error_trace
error_p56_t3,t3,scripted_error,2008-06-09T10:25:07.533570,Use burner,activity,AD1-A,2.81442,adl_error/p56.t3.csv,error_trace
error_p56_t3,t3,scripted_error,2008-06-09T10:25:07.800195,Move within kitchen,activity,M17,ON,adl_error/p56.t3.csv,error_trace
error_p56_t3,t3,scripted_error,2008-06-09T10:25:43.381400,Use burner,activity,AD1-A,3.13286,adl_error/p56.t3.csv,error_trace
error_p56_t3,t3,scripted_error,2008-06-09T10:27:21.406865,Move within kitchen,activity,M17,ON,adl_error/p56.t3.csv,error_trace
error_p56_t3,t3,scripted_error,2008-06-09T10:27:22.256900,Use burner,activity,AD1-A,3.0127,adl_error/p56.t3.csv,error_trace
error_p56_t3,t3,scripted_error,2008-06-09T10:27:22.543641,Move within kitchen,activity,M18,ON,adl_error/p56.t3.csv,error_trace
error_p56_t3,t3,scripted_error,2008-06-09T10:28:04.275120,Use burner,activity,AD1-A,3.00833,adl_error/p56.t3.csv,error_trace
error_p56_t3,t3,scripted_error,2008-06-09T10:28:12.335740,Move within kitchen,activity,M17,ON,adl_error/p56.t3.csv,error_trace
error_p56_t3,t3,scripted_error,2008-06-09T10:28:37.297930,Use burner,activity,AD1-A,2.98255,adl_error/p56.t3.csv,error_trace
error_p56_t3,t3,scripted_error,2008-06-09T10:29:37.549101,Move within kitchen,activity,M17,ON,adl_error/p56.t3.csv,error_trace
error_p56_t3,t3,scripted_error,2008-06-09T10:29:43.355900,Use burner,activity,AD1-A,2.98528,adl_error/p56.t3.csv,error_trace
error_p56_t3,t3,scripted_error,2008-06-09T10:29:53.391558,Move within kitchen,activity,M17,ON,adl_error/p56.t3.csv,error_trace
error_p56_t3,t3,scripted_error,2008-06-09T10:30:37.211990,Use burner,activity,AD1-A,3.00958,adl_error/p56.t3.csv,error_trace
error_p56_t3,t3,scripted_error,2008-06-09T10:30:39.828151,Move within kitchen,activity,M17,ON,adl_error/p56.t3.csv,error_trace
error_p56_t3,t3,scripted_error,2008-06-09T10:30:56.149315,Return bowl,activity,I04,PRESENT,adl_error/p56.t3.csv,error_trace
error_p56_t3,t3,scripted_error,2008-06-09T10:31:00.316166,Return measuring spoon,activity,I05,PRESENT,adl_error/p56.t3.csv,error_trace
error_p56_t3,t3,scripted_error,2008-06-09T10:31:04.456397,Return brown sugar,activity,I03,PRESENT,adl_error/p56.t3.csv,error_trace
error_p56_t3,t3,scripted_error,2008-06-09T10:31:06.770441,Move within kitchen,activity,M17,ON,adl_error/p56.t3.csv,error_trace
error_p56_t3,t3,scripted_error,2008-06-09T10:31:07.726479,Close kitchen cabinet,activity,D01,CLOSE,adl_error/p56.t3.csv,error_trace
error_p56_t3,t3,scripted_error,2008-06-09T10:31:10.440027,Move within kitchen,activity,M17,ON,adl_error/p56.t3.csv,error_trace
error_p56_t3,t3,scripted_error,2008-06-09T10:31:16.204250,Use burner,activity,AD1-A,3.00778,adl_error/p56.t3.csv,error_trace
error_p56_t3,t3,scripted_error,2008-06-09T10:31:21.848809,Move within kitchen,activity,M17,ON,adl_error/p56.t3.csv,error_trace
error_p56_t3,t3,scripted_error,2008-06-09T10:31:49.474900,Use burner,activity,AD1-A,3.02997,adl_error/p56.t3.csv,error_trace
error_p56_t3,t3,scripted_error,2008-06-09T10:31:57.864890,Move within kitchen,activity,M17,ON,adl_error/p56.t3.csv,error_trace
error_p56_t3,t3,scripted_error,2008-06-09T10:32:25.257890,Use burner,activity,AD1-A,3.01403,adl_error/p56.t3.csv,error_trace
error_p56_t3,t3,scripted_error,2008-06-09T10:32:34.520184,Move within kitchen,activity,M17,ON,adl_error/p56.t3.csv,error_trace
error_p56_t3,t3,scripted_error,2008-06-09T10:32:58.152300,Use burner,activity,AD1-A,2.99833,adl_error/p56.t3.csv,error_trace
error_p56_t3,t3,scripted_error,2008-06-09T10:33:40.765216,Move within kitchen,activity,M17,ON,adl_error/p56.t3.csv,error_trace
error_p56_t3,t3,scripted_error,2008-06-09T10:34:10.131200,Use burner,activity,AD1-A,2.99817,adl_error/p56.t3.csv,error_trace
error_p56_t3,t3,scripted_error,2008-06-09T10:34:20.523033,Move within kitchen,activity,M17,ON,adl_error/p56.t3.csv,error_trace
error_p56_t3,t3,scripted_error,2008-06-09T10:34:40.727700,Use burner,activity,AD1-A,2.99911,adl_error/p56.t3.csv,error_trace
error_p56_t3,t3,scripted_error,2008-06-09T10:35:08.359698,Move within kitchen,activity,M16,ON,adl_error/p56.t3.csv,error_trace
error_p56_t3,t3,scripted_error,2008-06-09T10:35:34.164400,Use burner,activity,AD1-A,3.01536,adl_error/p56.t3.csv,error_trace
error_p56_t3,t3,scripted_error,2008-06-09T10:35:49.506496,Move within kitchen,activity,M16,ON,adl_error/p56.t3.csv,error_trace
error_p56_t3,t3,scripted_error,2008-06-09T10:35:54.607193,Move from kitchen to dining room,activity,M14,ON,adl_error/p56.t3.csv,error_trace
error_p56_t3,t3,scripted_error,2008-06-09T10:35:54.607193,Move within dining room,activity,M15,ON,adl_error/p56.t3.csv,error_trace
error_p56_t3,t3,scripted_error,2008-06-09T10:35:58.555082,Move within kitchen,activity,M16,ON,adl_error/p56.t3.csv,error_trace
error_p56_t3,t3,scripted_error,2008-06-09T10:35:58.555082,Move from kitchen to dining room,activity,M15,ON,adl_error/p56.t3.csv,error_trace
error_p56_t3,t3,scripted_error,2008-06-09T10:36:01.554240,Move from dining room to kitchen,activity,M17,ON,adl_error/p56.t3.csv,error_trace
error_p56_t3,t3,scripted_error,2008-06-09T10:36:04.165690,Use burner,activity,AD1-A,3.02786,adl_error/p56.t3.csv,error_trace
error_p56_t3,t3,scripted_error,2008-06-09T10:36:19.561220,Move within kitchen,activity,M17,ON,adl_error/p56.t3.csv,error_trace
error_p56_t4,t4,scripted_error,2008-06-09T10:36:49.737242,Enter kitchen,activity,M17,ON,adl_error/p56.t4.csv,error_trace
error_p56_t4,t4,scripted_error,2008-06-09T10:36:50.398155,Open kitchen cabinet,activity,D01,OPEN,adl_error/p56.t4.csv,error_trace
error_p56_t4,t4,scripted_error,2008-06-09T10:36:51.725749,Take oatmeal,activity,I01,ABSENT,adl_error/p56.t4.csv,error_trace
error_p56_t4,t4,scripted_error,2008-06-09T10:36:52.577560,Move within kitchen,activity,M17,ON,adl_error/p56.t4.csv,error_trace
error_p56_t4,t4,scripted_error,2008-06-09T10:36:53.341297,Close kitchen cabinet,activity,D01,CLOSE,adl_error/p56.t4.csv,error_trace
error_p56_t4,t4,scripted_error,2008-06-09T10:36:58.190020,Use burner,activity,AD1-A,2.85106,adl_error/p56.t4.csv,error_trace
error_p56_t4,t4,scripted_error,2008-06-09T10:36:58.190020,Use kitchen sink water,activity,AD1-B,0.0360162,adl_error/p56.t4.csv,error_trace
error_p56_t4,t4,scripted_error,2008-06-09T10:37:02.746730,Move within kitchen,activity,M17,ON,adl_error/p56.t4.csv,error_trace
error_p56_t4,t4,scripted_error,2008-06-09T10:37:16.540230,Move from kitchen to dining room,activity,M15,ON,adl_error/p56.t4.csv,error_trace
error_p56_t4,t4,scripted_error,2008-06-09T10:37:17.303994,Move within dining room,activity,M14,ON,adl_error/p56.t4.csv,error_trace
error_p56_t4,t4,scripted_error,2008-06-09T10:37:27.579868,Move from dining room to kitchen,activity,M16,ON,adl_error/p56.t4.csv,error_trace
error_p56_t4,t4,scripted_error,2008-06-09T10:37:28.708956,Move within kitchen,activity,M17,ON,adl_error/p56.t4.csv,error_trace
error_p56_t4,t4,scripted_error,2008-06-09T10:37:31.705322,Move from kitchen to dining room,activity,M15,ON,adl_error/p56.t4.csv,error_trace
error_p56_t4,t4,scripted_error,2008-06-09T10:37:32.293294,Move within dining room,activity,M14,ON,adl_error/p56.t4.csv,error_trace
error_p56_t5,t5,scripted_error,2008-06-09T10:38:14.108404,Enter dining room,activity,M14,ON,adl_error/p56.t5.csv,error_trace
error_p56_t5,t5,scripted_error,2008-06-09T10:38:14.288363,Move within dining room,activity,M13,ON,adl_error/p56.t5.csv,error_trace
error_p56_t5,t5,scripted_error,2008-06-09T10:38:15.273097,Move from dining room to kitchen,activity,M16,ON,adl_error/p56.t5.csv,error_trace
error_p56_t5,t5,scripted_error,2008-06-09T10:38:16.546785,Move within kitchen,activity,M17,ON,adl_error/p56.t5.csv,error_trace
error_p56_t5,t5,scripted_error,2008-06-09T10:38:20.410746,Move from kitchen to dining room,activity,M15,ON,adl_error/p56.t5.csv,error_trace
error_p56_t5,t5,scripted_error,2008-06-09T10:38:20.922597,Move within dining room,activity,M14,ON,adl_error/p56.t5.csv,error_trace
error_p56_t5,t5,scripted_error,2008-06-09T10:38:26.698120,Move from dining room to kitchen,activity,M16,ON,adl_error/p56.t5.csv,error_trace
error_p56_t5,t5,scripted_error,2008-06-09T10:38:29.143430,Move within kitchen,activity,M17,ON,adl_error/p56.t5.csv,error_trace
error_p56_t5,t5,scripted_error,2008-06-09T10:38:43.223660,Use burner,activity,AD1-A,2.79887,adl_error/p56.t5.csv,error_trace
error_p56_t5,t5,scripted_error,2008-06-09T10:39:07.454114,Move within kitchen,activity,M17,ON,adl_error/p56.t5.csv,error_trace
error_p57_t1,t1,scripted_error,2008-06-09T11:14:15.506790,Enter corridor,activity,M23,ON,adl_error/p57.t1.csv,error_trace
error_p57_t1,t1,scripted_error,2008-06-09T11:14:15.507487,Move from corridor to dining room,activity,M01,ON,adl_error/p57.t1.csv,error_trace
error_p57_t1,t1,scripted_error,2008-06-09T11:14:16.659132,Move within dining room,activity,M07,ON,adl_error/p57.t1.csv,error_trace
error_p57_t1,t1,scripted_error,2008-06-09T11:14:29.719548,Take phone book,activity,I08,ABSENT,adl_error/p57.t1.csv,error_trace
error_p57_t1,t1,scripted_error,2008-06-09T11:14:32.149861,Move within dining room,activity,M13,ON,adl_error/p57.t1.csv,error_trace
error_p57_t1,t1,scripted_error,2008-06-09T11:16:17.000000,Start phone use,activity,asterisk,START,adl_error/p57.t1.csv,error_trace
error_p57_t1,t1,scripted_error,2008-06-09T11:16:27.795399,Move within dining room,activity,M13,ON,adl_error/p57.t1.csv,error_trace
error_p57_t1,t1,scripted_error,2008-06-09T11:18:18.000000,End phone use,activity,asterisk,END,adl_error/p57.t1.csv,error_trace
error_p57_t1,t1,scripted_error,2008-06-09T11:18:18.730062,Move within dining room,activity,M14,ON,adl_error/p57.t1.csv,error_trace
error_p57_t2,t2,scripted_error,2008-06-09T11:18:41.343660,Enter dining room,activity,M13,ON,adl_error/p57.t2.csv,error_trace
error_p57_t2,t2,scripted_error,2008-06-09T11:18:42.462841,Move within dining room,activity,M14,ON,adl_error/p57.t2.csv,error_trace
error_p57_t2,t2,scripted_error,2008-06-09T11:18:46.707540,Move from dining room to kitchen,activity,M16,ON,adl_error/p57.t2.csv,error_trace
error_p57_t2,t2,scripted_error,2008-06-09T11:18:47.826684,Move within kitchen,activity,M17,ON,adl_error/p57.t2.csv,error_trace
error_p57_t2,t2,scripted_error,2008-06-09T11:18:52.203120,Use kitchen sink water,activity,AD1-B,0.0395319,adl_error/p57.t2.csv,error_trace
error_p57_t2,t2,scripted_error,2008-06-09T11:18:57.221460,Move within kitchen,activity,M17,ON,adl_error/p57.t2.csv,error_trace
error_p57_t3,t3,scripted_error,2008-06-09T11:19:33.640021,Open kitchen cabinet,activity,D01,OPEN,adl_error/p57.t3.csv,error_trace
error_p57_t3,t3,scripted_error,2008-06-09T11:19:35.901334,Take raisins,activity,I02,ABSENT,adl_error/p57.t3.csv,error_trace
error_p57_t3,t3,scripted_error,2008-06-09T11:19:36.917498,Take pot,activity,I07,ABSENT,adl_error/p57.t3.csv,error_trace
error_p57_t3,t3,scripted_error,2008-06-09T11:19:44.772792,Take measuring spoon,activity,I05,ABSENT,adl_error/p57.t3.csv,error_trace
error_p57_t3,t3,scripted_error,2008-06-09T11:19:49.124120,Use kitchen sink water,activity,AD1-B,0.0341021,adl_error/p57.t3.csv,error_trace
error_p57_t3,t3,scripted_error,2008-06-09T11:19:57.257697,Return measuring spoon,activity,I05,PRESENT,adl_error/p57.t3.csv,error_trace
error_p57_t3,t3,scripted_error,2008-06-09T11:20:04.795000,Use burner,activity,AD1-A,2.80004,adl_error/p57.t3.csv,error_trace
error_p57_t3,t3,scripted_error,2008-06-09T11:20:05.362009,Move within kitchen,activity,M17,ON,adl_error/p57.t3.csv,error_trace
error_p57_t3,t3,scripted_error,2008-06-09T11:20:06.555174,Close kitchen cabinet,activity,D01,CLOSE,adl_error/p57.t3.csv,error_trace
error_p57_t3,t3,scripted_error,2008-06-09T11:20:09.702698,Move within kitchen,activity,M17,ON,adl_error/p57.t3.csv,error_trace
error_p57_t3,t3,scripted_error,2008-06-09T11:20:14.711499,Open kitchen cabinet,activity,D01,OPEN,adl_error/p57.t3.csv,error_trace
error_p57_t3,t3,scripted_error,2008-06-09T11:20:19.536271,Take measuring spoon,activity,I05,ABSENT,adl_error/p57.t3.csv,error_trace
error_p57_t3,t3,scripted_error,2008-06-09T11:20:20.253386,Move within kitchen,activity,M17,ON,adl_error/p57.t3.csv,error_trace
error_p57_t3,t3,scripted_error,2008-06-09T11:20:37.190650,Use burner,activity,AD1-A,3.16224,adl_error/p57.t3.csv,error_trace
error_p57_t3,t3,scripted_error,2008-06-09T11:20:43.699600,Use kitchen sink water,activity,AD1-B,0.0374224,adl_error/p57.t3.csv,error_trace
error_p57_t3,t3,scripted_error,2008-06-09T11:20:54.536843,Move within kitchen,activity,M17,ON,adl_error/p57.t3.csv,error_trace
error_p57_t3,t3,scripted_error,2008-06-09T11:20:58.449486,Return measuring spoon,activity,I05,PRESENT,adl_error/p57.t3.csv,error_trace
error_p57_t3,t3,scripted_error,2008-06-09T11:21:01.717963,Close kitchen cabinet,activity,D01,CLOSE,adl_error/p57.t3.csv,error_trace
error_p57_t3,t3,scripted_error,2008-06-09T11:21:10.122660,Use burner,activity,AD1-A,3.00958,adl_error/p57.t3.csv,error_trace
error_p57_t3,t3,scripted_error,2008-06-09T11:21:29.482381,Move within kitchen,activity,M17,ON,adl_error/p57.t3.csv,error_trace
error_p57_t3,t3,scripted_error,2008-06-09T11:21:40.306400,Use burner,activity,AD1-A,3.01856,adl_error/p57.t3.csv,error_trace
error_p57_t3,t3,scripted_error,2008-06-09T11:22:47.445799,Open kitchen cabinet,activity,D01,OPEN,adl_error/p57.t3.csv,error_trace
error_p57_t3,t3,scripted_error,2008-06-09T11:22:53.742801,Take oatmeal,activity,I01,ABSENT,adl_error/p57.t3.csv,error_trace
error_p57_t3,t3,scripted_error,2008-06-09T11:22:55.639083,Return oatmeal,activity,I01,PRESENT,adl_error/p57.t3.csv,error_trace
error_p57_t3,t3,scripted_error,2008-06-09T11:22:57.311357,Take bowl,activity,I04,ABSENT,adl_error/p57.t3.csv,error_trace
error_p57_t3,t3,scripted_error,2008-06-09T11:23:08.343143,Take brown sugar,activity,I03,ABSENT,adl_error/p57.t3.csv,error_trace
error_p57_t3,t3,scripted_error,2008-06-09T11:23:12.219715,Return brown sugar,activity,I03,PRESENT,adl_error/p57.t3.csv,error_trace
error_p57_t3,t3,scripted_error,2008-06-09T11:23:15.179180,Close kitchen cabinet,activity,D01,CLOSE,adl_error/p57.t3.csv,error_trace
error_p57_t3,t3,scripted_error,2008-06-09T11:23:17.456711,Move within kitchen,activity,M17,ON,adl_error/p57.t3.csv,error_trace
error_p57_t3,t3,scripted_error,2008-06-09T11:23:19.127750,Use burner,activity,AD1-A,2.97161,adl_error/p57.t3.csv,error_trace
error_p57_t3,t3,scripted_error,2008-06-09T11:23:25.671800,Use kitchen sink water,activity,AD1-B,0.037774,adl_error/p57.t3.csv,error_trace
error_p57_t3,t3,scripted_error,2008-06-09T11:23:48.594260,Move within kitchen,activity,M17,ON,adl_error/p57.t3.csv,error_trace
error_p57_t3,t3,scripted_error,2008-06-09T11:23:49.305970,Use burner,activity,AD1-A,3.02364,adl_error/p57.t3.csv,error_trace
error_p57_t3,t3,scripted_error,2008-06-09T11:23:49.558641,Open kitchen cabinet,activity,D01,OPEN,adl_error/p57.t3.csv,error_trace
error_p57_t3,t3,scripted_error,2008-06-09T11:23:55.755666,Move within kitchen,activity,M17,ON,adl_error/p57.t3.csv,error_trace
error_p57_t3,t3,scripted_error,2008-06-09T11:24:02.512789,Close kitchen cabinet,activity,D01,CLOSE,adl_error/p57.t3.csv,error_trace
error_p57_t4,t4,scripted_error,2008-06-09T11:24:31.605388,Take brown sugar,activity,I03,ABSENT,adl_error/p57.t4.csv,error_trace
error_p57_t4,t4,scripted_error,2008-06-09T11:24:34.948846,Move within kitchen,activity,M17,ON,adl_error/p57.t4.csv,error_trace
error_p57_t4,t4,scripted_error,2008-06-09T11:24:36.812174,Close kitchen cabinet,activity,D01,CLOSE,adl_error/p57.t4.csv,error_trace
error_p57_t4,t4,scripted_error,2008-06-09T11:24:40.116580,Use kitchen sink water,activity,AD1-B,0.0375787,adl_error/p57.t4.csv,error_trace
error_p57_t4,t4,scripted_error,2008-06-09T11:24:43.121350,Use burner,activity,AD1-A,2.83997,adl_error/p57.t4.csv,error_trace
error_p57_t4,t4,scripted_error,2008-06-09T11:24:43.524242,Move within kitchen,activity,M16,ON,adl_error/p57.t4.csv,error_trace
error_p57_t4,t4,scripted_error,2008-06-09T11:24:43.814293,Move from kitchen to dining room,activity,M15,ON,adl_error/p57.t4.csv,error_trace
error_p57_t4,t4,scripted_error,2008-06-09T11:24:44.455395,Move within dining room,activity,M14,ON,adl_error/p57.t4.csv,error_trace
error_p57_t5,t5,scripted_error,2008-06-09T11:25:51.827965,Enter dining room,activity,M13,ON,adl_error/p57.t5.csv,error_trace
error_p57_t5,t5,scripted_error,2008-06-09T11:25:51.987003,Move within dining room,activity,M14,ON,adl_error/p57.t5.csv,error_trace
error_p57_t5,t5,scripted_error,2008-06-09T11:26:01.909577,Move from dining room to kitchen,activity,M16,ON,adl_error/p57.t5.csv,error_trace
error_p57_t5,t5,scripted_error,2008-06-09T11:26:02.781798,Move within kitchen,activity,M17,ON,adl_error/p57.t5.csv,error_trace
error_p58_t1,t1,scripted_error,2008-06-09T14:07:36.275567,Enter corridor,activity,M23,ON,adl_error/p58.t1.csv,error_trace
error_p58_t1,t1,scripted_error,2008-06-09T14:07:36.751437,Move from corridor to dining room,activity,M01,ON,adl_error/p58.t1.csv,error_trace
error_p58_t1,t1,scripted_error,2008-06-09T14:07:37.592239,Move within dining room,activity,M07,ON,adl_error/p58.t1.csv,error_trace
error_p58_t1,t1,scripted_error,2008-06-09T14:07:44.883162,Take phone book,activity,I08,ABSENT,adl_error/p58.t1.csv,error_trace
error_p58_t1,t1,scripted_error,2008-06-09T14:07:51.805070,Move within dining room,activity,M13,ON,adl_error/p58.t1.csv,error_trace
error_p58_t1,t1,scripted_error,2008-06-09T14:08:55.000000,Start phone use,activity,asterisk,START,adl_error/p58.t1.csv,error_trace
error_p58_t1,t1,scripted_error,2008-06-09T14:09:04.642646,Move within dining room,activity,M13,ON,adl_error/p58.t1.csv,error_trace
error_p58_t1,t1,scripted_error,2008-06-09T14:10:02.000000,End phone use,activity,asterisk,END,adl_error/p58.t1.csv,error_trace
error_p58_t1,t1,scripted_error,2008-06-09T14:10:09.877066,Move within dining room,activity,M13,ON,adl_error/p58.t1.csv,error_trace
error_p58_t2,t2,scripted_error,2008-06-09T14:10:34.763139,Enter dining room,activity,M13,ON,adl_error/p58.t2.csv,error_trace
error_p58_t2,t2,scripted_error,2008-06-09T14:10:44.840100,Move within dining room,activity,M14,ON,adl_error/p58.t2.csv,error_trace
error_p58_t2,t2,scripted_error,2008-06-09T14:10:46.834603,Move from dining room to kitchen,activity,M16,ON,adl_error/p58.t2.csv,error_trace
error_p58_t2,t2,scripted_error,2008-06-09T14:10:47.917307,Move within kitchen,activity,M17,ON,adl_error/p58.t2.csv,error_trace
error_p58_t2,t2,scripted_error,2008-06-09T14:10:52.256570,Use kitchen sink water,activity,AD1-B,0.0354302,adl_error/p58.t2.csv,error_trace
error_p58_t2,t2,scripted_error,2008-06-09T14:11:16.111100,Move within kitchen,activity,M17,ON,adl_error/p58.t2.csv,error_trace
error_p58_t3,t3,scripted_error,2008-06-09T14:11:28.601700,Use kitchen sink water,activity,AD1-B,0.50282,adl_error/p58.t3.csv,error_trace
error_p58_t3,t3,scripted_error,2008-06-09T14:11:52.845532,Move within kitchen,activity,M17,ON,adl_error/p58.t3.csv,error_trace
error_p58_t3,t3,scripted_error,2008-06-09T14:11:53.897283,Open kitchen cabinet,activity,D01,OPEN,adl_error/p58.t3.csv,error_trace
error_p58_t3,t3,scripted_error,2008-06-09T14:11:55.556837,Take oatmeal,activity,I01,ABSENT,adl_error/p58.t3.csv,error_trace
error_p58_t3,t3,scripted_error,2008-06-09T14:11:57.466302,Take raisins,activity,I02,ABSENT,adl_error/p58.t3.csv,error_trace
error_p58_t3,t3,scripted_error,2008-06-09T14:12:00.108120,Take brown sugar,activity,I03,ABSENT,adl_error/p58.t3.csv,error_trace
error_p58_t3,t3,scripted_error,2008-06-09T14:12:03.831426,Take measuring spoon,activity,I05,ABSENT,adl_error/p58.t3.csv,error_trace
error_p58_t3,t3,scripted_error,2008-06-09T14:12:06.163600,Take bowl,activity,I04,ABSENT,adl_error/p58.t3.csv,error_trace
error_p58_t3,t3,scripted_error,2008-06-09T14:12:07.490134,Move within kitchen,activity,M17,ON,adl_error/p58.t3.csv,error_trace
error_p58_t3,t3,scripted_error,2008-06-09T14:12:14.524143,Close kitchen cabinet,activity,D01,CLOSE,adl_error/p58.t3.csv,error_trace
error_p58_t3,t3,scripted_error,2008-06-09T14:12:22.200080,Use kitchen sink water,activity,AD1-B,0.0489461,adl_error/p58.t3.csv,error_trace
error_p58_t3,t3,scripted_error,2008-06-09T14:12:25.505123,Move within kitchen,activity,M17,ON,adl_error/p58.t3.csv,error_trace
error_p58_t3,t3,scripted_error,2008-06-09T14:12:26.262861,Take pot,activity,I07,ABSENT,adl_error/p58.t3.csv,error_trace
error_p58_t3,t3,scripted_error,2008-06-09T14:12:34.319910,Use burner,activity,AD1-A,2.81176,adl_error/p58.t3.csv,error_trace
error_p58_t3,t3,scripted_error,2008-06-09T14:12:36.896202,Move within kitchen,activity,M17,ON,adl_error/p58.t3.csv,error_trace
error_p58_t3,t3,scripted_error,2008-06-09T14:13:07.650100,Use burner,activity,AD1-A,2.96989,adl_error/p58.t3.csv,error_trace
error_p58_t3,t3,scripted_error,2008-06-09T14:13:31.677225,Open kitchen cabinet,activity,D01,OPEN,adl_error/p58.t3.csv,error_trace
error_p58_t3,t3,scripted_error,2008-06-09T14:13:34.511398,Return bowl,activity,I04,PRESENT,adl_error/p58.t3.csv,error_trace
error_p58_t3,t3,scripted_error,2008-06-09T14:13:34.697360,Take bowl,activity,I04,ABSENT,adl_error/p58.t3.csv,error_trace
error_p58_t3,t3,scripted_error,2008-06-09T14:13:37.678000,Use burner,activity,AD1-A,2.92137,adl_error/p58.t3.csv,error_trace
error_p58_t3,t3,scripted_error,2008-06-09T14:13:39.619104,Move within kitchen,activity,M17,ON,adl_error/p58.t3.csv,error_trace
error_p58_t3,t3,scripted_error,2008-06-09T14:13:40.538902,Close kitchen cabinet,activity,D01,CLOSE,adl_error/p58.t3.csv,error_trace
error_p58_t3,t3,scripted_error,2008-06-09T14:13:42.979286,Move within kitchen,activity,M17,ON,adl_error/p58.t3.csv,error_trace
error_p58_t3,t3,scripted_error,2008-06-09T14:14:25.676200,Use burner,activity,AD1-A,2.8934,adl_error/p58.t3.csv,error_trace
error_p58_t3,t3,scripted_error,2008-06-09T14:14:31.514972,Move within kitchen,activity,M17,ON,adl_error/p58.t3.csv,error_trace
error_p58_t3,t3,scripted_error,2008-06-09T14:14:58.108600,Use burner,activity,AD1-A,3.04755,adl_error/p58.t3.csv,error_trace
error_p58_t3,t3,scripted_error,2008-06-09T14:15:02.789799,Move within kitchen,activity,M17,ON,adl_error/p58.t3.csv,error_trace
error_p58_t3,t3,scripted_error,2008-06-09T14:15:31.227560,Use burner,activity,AD1-A,2.99887,adl_error/p58.t3.csv,error_trace
error_p58_t3,t3,scripted_error,2008-06-09T14:16:18.249771,Move within kitchen,activity,M17,ON,adl_error/p58.t3.csv,error_trace
error_p58_t3,t3,scripted_error,2008-06-09T14:16:49.197320,Use burner,activity,AD1-A,2.98528,adl_error/p58.t3.csv,error_trace
error_p58_t3,t3,scripted_error,2008-06-09T14:17:38.986000,Move within kitchen,activity,M17,ON,adl_error/p58.t3.csv,error_trace
error_p58_t3,t3,scripted_error,2008-06-09T14:17:58.410700,Use burner,activity,AD1-A,2.97489,adl_error/p58.t3.csv,error_trace
error_p58_t4,t4,scripted_error,2008-06-09T14:21:14.138155,Enter kitchen,activity,M17,ON,adl_error/p58.t4.csv,error_trace
error_p58_t4,t4,scripted_error,2008-06-09T14:21:19.767660,Use kitchen sink water,activity,AD1-C,0.0390631,adl_error/p58.t4.csv,error_trace
error_p58_t4,t4,scripted_error,2008-06-09T14:21:19.767660,Use burner,activity,AD1-A,2.84254,adl_error/p58.t4.csv,error_trace
error_p58_t4,t4,scripted_error,2008-06-09T14:21:27.287386,Move within kitchen,activity,M17,ON,adl_error/p58.t4.csv,error_trace
error_p58_t4,t4,scripted_error,2008-06-09T14:21:39.695347,Move from kitchen to dining room,activity,M15,ON,adl_error/p58.t4.csv,error_trace
error_p58_t4,t4,scripted_error,2008-06-09T14:21:40.741038,Move within dining room,activity,M14,ON,adl_error/p58.t4.csv,error_trace
error_p58_t5,t5,scripted_error,2008-06-09T14:22:21.822736,Enter dining room,activity,M13,ON,adl_error/p58.t5.csv,error_trace
error_p58_t5,t5,scripted_error,2008-06-09T14:22:27.131247,Move within dining room,activity,M13,ON,adl_error/p58.t5.csv,error_trace
error_p58_t5,t5,scripted_error,2008-06-09T14:22:34.867116,Move from dining room to kitchen,activity,M16,ON,adl_error/p58.t5.csv,error_trace
error_p58_t5,t5,scripted_error,2008-06-09T14:22:35.996770,Move within kitchen,activity,M17,ON,adl_error/p58.t5.csv,error_trace
error_p58_t5,t5,scripted_error,2008-06-09T14:22:55.208920,Use burner,activity,AD1-A,2.82121,adl_error/p58.t5.csv,error_trace
error_p58_t5,t5,scripted_error,2008-06-09T14:22:59.258110,Move within kitchen,activity,M18,ON,adl_error/p58.t5.csv,error_trace
error_p59_t1,t1,scripted_error,2008-06-09T14:33:22.533578,Enter corridor,activity,M23,ON,adl_error/p59.t1.csv,error_trace
error_p59_t1,t1,scripted_error,2008-06-09T14:33:22.533578,Move from corridor to dining room,activity,M01,ON,adl_error/p59.t1.csv,error_trace
error_p59_t1,t1,scripted_error,2008-06-09T14:33:23.329525,Move within dining room,activity,M08,ON,adl_error/p59.t1.csv,error_trace
error_p59_t1,t1,scripted_error,2008-06-09T14:33:28.485229,Take phone book,activity,I08,ABSENT,adl_error/p59.t1.csv,error_trace
error_p59_t1,t1,scripted_error,2008-06-09T14:33:34.919126,Move within dining room,activity,M13,ON,adl_error/p59.t1.csv,error_trace
error_p59_t1,t1,scripted_error,2008-06-09T14:34:05.000000,Start phone use,activity,asterisk,START,adl_error/p59.t1.csv,error_trace
error_p59_t1,t1,scripted_error,2008-06-09T14:34:33.132603,Move within dining room,activity,M13,ON,adl_error/p59.t1.csv,error_trace
error_p59_t1,t1,scripted_error,2008-06-09T14:35:04.000000,End phone use,activity,asterisk,END,adl_error/p59.t1.csv,error_trace
error_p59_t2,t2,scripted_error,2008-06-09T14:35:28.556187,Enter dining room,activity,M14,ON,adl_error/p59.t2.csv,error_trace
error_p59_t2,t2,scripted_error,2008-06-09T14:35:31.549074,Move from dining room to kitchen,activity,M16,ON,adl_error/p59.t2.csv,error_trace
error_p59_t2,t2,scripted_error,2008-06-09T14:35:31.549074,Move from kitchen to dining room,activity,M15,ON,adl_error/p59.t2.csv,error_trace
error_p59_t2,t2,scripted_error,2008-06-09T14:35:31.877992,Move within dining room,activity,M13,ON,adl_error/p59.t2.csv,error_trace
error_p59_t2,t2,scripted_error,2008-06-09T14:35:32.584733,Move from dining room to kitchen,activity,M17,ON,adl_error/p59.t2.csv,error_trace
error_p59_t2,t2,scripted_error,2008-06-09T14:35:40.113320,Use kitchen sink water,activity,AD1-B,0.0454694,adl_error/p59.t2.csv,error_trace
error_p59_t2,t2,scripted_error,2008-06-09T14:36:00.762325,Move within kitchen,activity,M17,ON,adl_error/p59.t2.csv,error_trace
error_p59_t3,t3,scripted_error,2008-06-09T14:36:36.327685,Open kitchen cabinet,activity,D01,OPEN,adl_error/p59.t3.csv,error_trace
error_p59_t3,t3,scripted_error,2008-06-09T14:36:38.229810,Take oatmeal,activity,I01,ABSENT,adl_error/p59.t3.csv,error_trace
error_p59_t3,t3,scripted_error,2008-06-09T14:36:42.916703,Take bowl,activity,I04,ABSENT,adl_error/p59.t3.csv,error_trace
error_p59_t3,t3,scripted_error,2008-06-09T14:36:44.953380,Take measuring spoon,activity,I05,ABSENT,adl_error/p59.t3.csv,error_trace
error_p59_t3,t3,scripted_error,2008-06-09T14:36:46.830057,Take brown sugar,activity,I03,ABSENT,adl_error/p59.t3.csv,error_trace
error_p59_t3,t3,scripted_error,2008-06-09T14:36:50.633300,Move within kitchen,activity,M17,ON,adl_error/p59.t3.csv,error_trace
error_p59_t3,t3,scripted_error,2008-06-09T14:36:51.283130,Close kitchen cabinet,activity,D01,CLOSE,adl_error/p59.t3.csv,error_trace
error_p59_t3,t3,scripted_error,2008-06-09T14:36:52.596753,Take pot,activity,I07,ABSENT,adl_error/p59.t3.csv,error_trace
error_p59_t3,t3,scripted_error,2008-06-09T14:36:58.804640,Move within kitchen,activity,M17,ON,adl_error/p59.t3.csv,error_trace
error_p59_t3,t3,scripted_error,2008-06-09T14:37:04.222540,Use kitchen sink water,activity,AD1-B,0.0366021,adl_error/p59.t3.csv,error_trace
error_p59_t3,t3,scripted_error,2008-06-09T14:37:05.951724,Move within kitchen,activity,M17,ON,adl_error/p59.t3.csv,error_trace
error_p59_t3,t3,scripted_error,2008-06-09T14:37:13.572000,Use burner,activity,AD1-A,2.80457,adl_error/p59.t3.csv,error_trace
error_p59_t3,t3,scripted_error,2008-06-09T14:37:13.763532,Move within kitchen,activity,M17,ON,adl_error/p59.t3.csv,error_trace
error_p59_t3,t3,scripted_error,2008-06-09T14:37:55.184820,Use burner,activity,AD1-A,3.29872,adl_error/p59.t3.csv,error_trace
error_p59_t3,t3,scripted_error,2008-06-09T14:38:05.330018,Move within kitchen,activity,M17,ON,adl_error/p59.t3.csv,error_trace
error_p59_t3,t3,scripted_error,2008-06-09T14:38:25.270430,Use burner,activity,AD1-A,3.19247,adl_error/p59.t3.csv,error_trace
error_p59_t3,t3,scripted_error,2008-06-09T14:38:29.251864,Move within kitchen,activity,M17,ON,adl_error/p59.t3.csv,error_trace
error_p59_t3,t3,scripted_error,2008-06-09T14:39:01.720500,Use burner,activity,AD1-A,3.1631,adl_error/p59.t3.csv,error_trace
error_p59_t3,t3,scripted_error,2008-06-09T14:39:46.557131,Move within kitchen,activity,M17,ON,adl_error/p59.t3.csv,error_trace
error_p59_t3,t3,scripted_error,2008-06-09T14:40:16.284670,Use burner,activity,AD1-A,2.98059,adl_error/p59.t3.csv,error_trace
error_p59_t3,t3,scripted_error,2008-06-09T14:41:34.993573,Move within kitchen,activity,M17,ON,adl_error/p59.t3.csv,error_trace
error_p59_t3,t3,scripted_error,2008-06-09T14:41:58.237000,Use burner,activity,AD1-A,3.03208,adl_error/p59.t3.csv,error_trace
error_p59_t3,t3,scripted_error,2008-06-09T14:42:27.520732,Move within kitchen,activity,M17,ON,adl_error/p59.t3.csv,error_trace
error_p59_t3,t3,scripted_error,2008-06-09T14:42:34.130490,Use burner,activity,AD1-A,3.01364,adl_error/p59.t3.csv,error_trace
error_p59_t3,t3,scripted_error,2008-06-09T14:42:37.716288,Move within kitchen,activity,M17,ON,adl_error/p59.t3.csv,error_trace
error_p59_t3,t3,scripted_error,2008-06-09T14:43:04.723900,Use burner,activity,AD1-A,3.09622,adl_error/p59.t3.csv,error_trace
error_p59_t3,t3,scripted_error,2008-06-09T14:43:04.830057,Move within kitchen,activity,M17,ON,adl_error/p59.t3.csv,error_trace
error_p59_t4,t4,scripted_error,2008-06-09T14:43:27.628734,Enter kitchen,activity,M17,ON,adl_error/p59.t4.csv,error_trace
error_p59_t4,t4,scripted_error,2008-06-09T14:43:31.327610,Use burner,activity,AD1-A,2.85551,adl_error/p59.t4.csv,error_trace
error_p59_t4,t4,scripted_error,2008-06-09T14:43:31.327610,Use kitchen sink water,activity,AD1-C,0.0344927,adl_error/p59.t4.csv,error_trace
error_p59_t4,t4,scripted_error,2008-06-09T14:43:34.464282,Move within kitchen,activity,M17,ON,adl_error/p59.t4.csv,error_trace
error_p59_t4,t4,scripted_error,2008-06-09T14:43:40.519963,Move from kitchen to dining room,activity,M15,ON,adl_error/p59.t4.csv,error_trace
error_p59_t4,t4,scripted_error,2008-06-09T14:43:41.103832,Move within dining room,activity,M14,ON,adl_error/p59.t4.csv,error_trace
error_p59_t4,t4,scripted_error,2008-06-09T14:43:55.486484,Move from kitchen to dining room,activity,M13,ON,adl_error/p59.t4.csv,error_trace
error_p59_t5,t5,scripted_error,2008-06-09T14:44:18.582242,Enter dining room,activity,M13,ON,adl_error/p59.t5.csv,error_trace
error_p59_t5,t5,scripted_error,2008-06-09T14:44:20.581695,Move within dining room,activity,M14,ON,adl_error/p59.t5.csv,error_trace
error_p59_t5,t5,scripted_error,2008-06-09T14:44:27.972957,Move from dining room to kitchen,activity,M16,ON,adl_error/p59.t5.csv,error_trace
error_p59_t5,t5,scripted_error,2008-06-09T14:44:29.213057,Move within kitchen,activity,M17,ON,adl_error/p59.t5.csv,error_trace
